name;brand;price;ingredients;rating;sub-category;category;benefit
Acne Patch Plus with Salicylic Acid Night 12;DERMA ANGEL;35100;Cellulose Gum, Resin, Elastomer, Mineral Oil, Polysorbate 80, Salicylic Acid, Polyurethane Film;4.8;Acne Pimple Patch;Treatment;menyamarkan, menyembuhkan, dan melindungi jerawat dari debu, polusi, dan kotoran
Acne Patch Rescue Series;KALEIDO;89000;Hyaluronic acid, Niacinamide, Salicylic Acid, Tranexamic Acid, Ferulic Acid;4.5;Acne Pimple Patch;Treatment;meredakan jerawat batu, menghilangkan dark spot
AC Collection Acne Patch;COSRX;79200;Carboxymethylcellulose sodium, Polyisobutene, Rosin, Polybutene, Mineral oil, Centella Asiatica Extract, Polyuethane film;4.6;Acne Pimple Patch;Treatment;menyembunyikan dan menghilangkan jerawat tanpa luka, menenangkan area yang bermasalah
Acne Patch Playful Series (Hologram Edition);KALEIDO;29000;Polyurethane-11, Sodium Styrene, Vinyl Dimethicone Crosspolymer, Cellulose Gum, Polyethylene;4.5;Acne Pimple Patch;Treatment;Melindungi jerawat dari polusi dan bakteri, Menyerap cairan isi jerawat dalam 6-8 jam, Meredakan inflamasi dan kemerahan jerawat, Mengempeskan jerawat bernanah, Mengurangi resiko jerawat berbekas
Acne / Pimple Patch Night;KALEIDO;30000;Cellulose gum, glyceryl rosinate, hydrogenated styrene/ isoprene copolymer, paraffinum liquidum, propylene glycol, polyurethane-1;4.4;Acne Pimple Patch;Treatment;mencegah pertambahannya infeksi dan melindungi dari polusi serta membuat permukaan kulit jerawat menjadi lebih lembap yang dapat membantu proses penyembuhan jerawat
SKIN1004 Spot Cover Patch;SKIN1004;30100;Hydrocolloidsheet14;4.6;Acne Pimple Patch;Treatment;mempercepat penyembuhan jerawat
Acne Beauty Patch Hologram - Heart & Flower;DERMA ANGEL;40850;Cellulose Gum, Hydrogenated Rosin, Styrene/Isoprene Copolymer, Mineral Oil, Polysorbate 80, Salicylic Acid;4.9;Acne Pimple Patch;Treatment;lebih intensif mengatasi jerawat, maksimal dalam menyerap isi jerawat
Acne Patch Playful Series (Butterfly & Flower Edition);KALEIDO;29000;Polyurethane-11, Sodium Styrene, Vinyl Dimethicone Crosspolymer, Cellulose Gum, Polyethylene;4.7;Acne Pimple Patch;Treatment;Melindungi jerawat dari polusi dan bakteri, Menyerap cairan isi jerawat dalam 6-8 jam, Meredakan inflamasi dan kemerahan jerawat, Mengempeskan jerawat bernanah, Mengurangi resiko jerawat berbekas
2 in 1 Acne Serum;TERATU BEAUTY;100000;Aqua, Alcohol, Glycerin, Aloe Barbaris Extract, Polyacrylate Crosspolymer-6, Salicylic Acid, Pentylene Glycol, Aesculus Hippocastanum Seed Extract, Niacinamide, Yeast Extract, Alteromonas Ferment Extract, Butylene Glycol, Hexamidine Diisethionate, Ammonium Glycyrrhizate, Panthenol, Propylene Glycol, Zinc Gluconate, Caffeine, Biotin, Phenoxyethanol, Methylparaben, Butylparaben, Ethylparaben, Propylparaben.;4.8;Acne Pimple Patch;Treatment;treatment inflammed acne, merawat bekas jerawat
Pore Patch;KALEIDO;32000;Cellulose gum, glyceryl rosinate, hydrogenated styrene/ isoprene copolymer, paraffinum liquidum, propylene glycol, polyurethane-1, retinol;4.6;Acne Pimple Patch;Treatment;mengangkat kotoran, sebum berlebih dan sel kulit mati, memperhalus tekstur kulit dan mencegah pori2 tersumbat
Acne Beauty Patch Hologram - Moon & Cloud;DERMA ANGEL;40850;Cellulose Gum, Hydrogenated Rosin, Styrene/Isoprene Copolymer, Mineral Oil, Polysorbate 80, Salicylic Acid;4.8;Acne Pimple Patch;Treatment;lebih intensif mengatasi jerawat, maksimal dalam menyerap isi jerawat
Acne / Pimple Patch Day;KALEIDO;29000;Polyurethane-11, Sodium Styrene/MA Copolymer, Dimethicone/ Vinyl Dimethicone Crosspolymer, Diethylhexyl Adipate, Cellulose Gum, Polyethylene Terephthalate, Salicylic Acid;4.7;Acne Pimple Patch;Treatment;mencegah pertambahannya infeksi dan melindungi dari polusi serta membuat permukaan kulit jerawat menjadi lebih lembap yang dapat membantu proses penyembuhan jerawat
Care Plus Cover Spot Patch Honey;OLIVE YOUNG CARE PLUS;67000;Purified Water, Cyclopentasiloxane, Zinc Oxide, Homosalate, Ethylhexyl Salicylate, Coco-Caprylate/Caprate, Dipropylene Glycol, Caprylyl Methicone, Titanium Dioxide, Lauryl PEG-10 Tris[Trimethylsiloxy]Silylethyl Dimethicone, Glycerin, Niacinamide, Phenyltrimethicone, Orange Peel Oil, Olive Oil, Lavender Oil, Scented Geranium Flower Oil, Basil Oil, Tocopheryl Acetate, Disteardimonium Hectorite, Magnesium Sulfate, Methyl Methacrylate Crosspolymer, Vinyl Dimethicone/Methicone Silsesquioxane Crosspolymer, Dimethicone, 1,2-Hexanediol, Triethoxycaprylylsilane, Stearic Acid, Aluminum Hydroxide, Sorbitan Caprylate, Dicaprylyl Carbonate, Dimethicone/PEG-10/15 Crosspolymer, Glyceryl Caprylate, D..;4.9;Acne Pimple Patch;Treatment;menutupi jerawat dan bekas luka saat beraktivitas di dalam dan luar ruangan
Acne Patch Playful Series - Bunny&Chick;KALEIDO;29000;Polyurethane-11 Sodium Styrene/MA Copolymer Dimethicone/ Vinyl Dimethicone Crosspolymer Diethylhexyl Adipate Cellulose Gum Polyethylene Terephthalate Salicylic Acid;4.3;Acne Pimple Patch;Treatment;Melindungi jerawat dari polusi dan bakteri, Menyerap cairan isi jerawat dalam 6-8 jam, Meredakan inflamasi dan kemerahan jerawat, Mengempeskan jerawat bernanah, Mengurangi resiko jerawat berbekas
Acne Spot Treatment 10 ml;JARTE BEAUTY;57200;Ethanol, Water, Calamine, Zinc Oxide, Glycerin, Talc, Niacinamide, Panthenol, Salicylic Acid, Camphor, PEG-12 Dimethicone, Phenoxyethanol, Propylene Glycol, Bentonite, Centella Asiatica (Leaf) Extract, Aloe Barbandesis (Leaf) Extract, Menthol, Citric Acid, O-Cymen-5-Ol, Ethylhexylglycerin, Sodium Benzoate, Potassium Sorbate.;4.7;Acne Pimple Patch;Treatment;menghidrasi & memperkuat skin barrier serta mampu menenangkan kulit sensitif dan jerawat lebih baik
Tea Tree Acne Pimple Patch 0.3mm;BREYLEE;31500;Polyisoprene, Melaleuca Alternifolia Leaf Extract, Cellulose Gum, Polyisobutene;4.6;Acne Pimple Patch;Treatment;menutupi permukaan jerawat, menghentikan penyebaran kerusakan jerawat, mengurangi peradangan, mengatur sekresi lemak, meringankan kulit dan mempercepat penyembuhan luka
Acne Pimple Patch Day Night;FOCALSKIN;53950;CELLULOSE GUM,POLYISOBUTENE,PARAFFINUM LIQUIDUM,MELALEUCA ALTERNIFOLIA(TEA TREE) LEAF OIL,SALICYLIC ACID,QUATERNIUM-73, CALENDULA OFFICINALIS FLOWER OIL;4.8;Acne Pimple Patch;Treatment;menyembunyikan jerawat di pagi hari, merawat dan memperbaiki di malam hari, melindungi luka dari infeksi,menyembuhkan jerawat
YADAH Anti-T Blemish Care Spot Cream;YADAH;208050;Aqua, Propanediol, Caprylic/Capric Triglyceride, Niacinamide, Camellia Japonica Seed Oil, Hydrogenated Palm Kernel Oil, Glycerin, Phosphatidylcholine, Phytosteryl Macadamiate, Pentylene Glycol, Butyrospermum Parkii Butter, Mangifera Indica Seed Butter, Xanthan Gum, Chamomilla Recutita Leaf Extract, Camellia Sinensis Leaf Extract, Thujopsis Dolabrata Branch Extract, Centella Asiatica Extract, Glycyrrhiza Glabra Root Extract, Sorbitan Caprylate, Arginine, Stearyl Glycyrrhetinate, Citrus Aurantium Bergamia Fruit Oil, Squalane, Magnolia Kobus Bark Extract, Tocopherol, Salix Alba (Willow) Bark Extract, Lonicera Caprifolium Extract, Polygonum Cuspidatum Root Extract, Rosmarinus Officinalis Leaf..;0;Acne Pimple Patch;Treatment;merawat blemish skin
Acne Beauty Patch Hologram - Butterfly & Star;DERMA ANGEL;40850;Cellulose Gum, Hydrogenated Rosin, Styrene/Isoprene Copolymer, Mineral Oil, Polysorbate 80, Salicylic Acid;5;Acne Pimple Patch;Treatment;lebih intensif mengatasi jerawat, maksimal dalam menyerap isi jerawat
Ready Acne Gone! Pimple Patch;TRUE TO SKIN;41000;Cellulose Gum, Hydrogenated Styrene/Methylstyrene/Indene Copolymer, Polyisobutene, Pectin, Salicylic Acid, Melaleuca Alternifolia (Tea Tree) Leaf Oil, Melaleuca Alternifolia (Tea Tree) Leaf Extract, Asiaticoside, Asiatic Acid, Madecassic Acid;4.6;Acne Pimple Patch;Treatment;membantu mengobati dan menyembuhkan jerawat lebih cepat
Intensive Acne Solution 10 ml;TERATU BEAUTY;75000;Aqua, Alcohol, Sulfur, Acacia Senegal Gum, Octyldodecanol, Salicylic Acid, Parfum, Hexamidine Diisethionate.;4.5;Acne Pimple Patch;Treatment;mengeringkan jerawat, menjaga keseimbangan kondisi, mengurangi minyak berlebih
Acne Spot Lightening Patch;DERMA ANGEL;38950;Cellulose Gum, Hydrogenated Rosin, Styrene/Isoprene Copolymer, Mineral Oil, Tranexamic Acid, Centella Asiatica Extract, Polysorbate 80 ;4.7;Acne Pimple Patch;Treatment;Menyamarkan noda bekas jerawat & menenangkan
Acne Patch Playful Series (Sparkle & Cloud Edition);KALEIDO;29000;Polyurethane-11, Sodium Styrene, Vinyl Dimethicone Crosspolymer, Cellulose Gum, Polyethylene;4.7;Acne Pimple Patch;Treatment;Melindungi jerawat dari polusi dan bakteri, Menyerap cairan isi jerawat dalam 6-8 jam, Meredakan inflamasi dan kemerahan jerawat, Mengempeskan jerawat bernanah, Mengurangi resiko jerawat berbekas
Tea Tree Acne Pimple Patch 0.1Mm;BREYLEE;27000;Polyisoprene, Melaleuca Alternifolia Leaf Extract, Cellulose Gum, Polyisobutene;4.6;Acne Pimple Patch;Treatment;menutupi permukaan jerawat, menghentikan penyebaran kerusakan jerawat, mengurangi peradangan, mengatur sekresi lemak, meringankan kulit dan mempercepat penyembuhan luka
ACNE PIMPLE PATCH;FOCALLURE;18000;POLYURETHANE-11, SODIUM STYRENE/MA COPOLYMER, DIMETHICONE/VINYL DIMETHICONE CROSSPOLYMER, DIETHYLHEXYL ADIPATE, CELLULOSE GUM, POLYETHYLENE TEREPHTHALATE, MELALEUCA ALTERNIFOLIA (TEA TREE) EXTRACT;4.6;Acne Pimple Patch;Treatment;menghilangkan jerawat, mencegah polusi, sterilisasi dan melawan inflamasi, mencegah bekas jerawat
Acne Warrior Gel;SKIN GAME;108800;Water/Aqua, Propanediol, Glycerin, Gluconolactone, Succinic Acid, Ammonium Polyacryloyldimethyl Taurate, Backhousia Citriodora Leaf Extract, Ceramide NP, PEG-7 Glyceryl Cocoate, Zinc PCA, Trisodium Ethylenediamine Disuccinate, t-Butyl Alcohol, Xanthan Gum, Phenoxyethanol, Ethylhexylglycerin, Potass;4.6;Acne Pimple Patch;Treatment;mengurangi minyak berlebih dan Succinic Acid yang membantu merawat kulit berjerawat
Centella Salicylic Acid Day Acne Patch;GLAD2GLOW;19000;Hydrocolloid (carboxymethyl cellulose), salicylic acid, tea tree oil, calendula oil, polyurethane film;4.6;Acne Pimple Patch;Treatment;meredakan kemerahan dan menyamarkan noda hitam pada kulit wajah
Centella Salicylic Acid Night Acne Patch;GLAD2GLOW;19000;Hydrocolloid (carboxymethyl cellulose), salicylic acid, tea tree oil, calendula oil, polyurethane film;4.7;Acne Pimple Patch;Treatment;mempercepat proses perawatan jerawat
Acne Patch Plus with Salicylic Acid Day 12;DERMA ANGEL;33300;Cellulose Gum, Resin, Elastomer, Mineral Oil, Polysorbate 80, Salicylic Acid, Polyurethane Film;4.8;Acne Pimple Patch;Treatment;menyamarkan, menyembuhkan dan melindungi jerawat dari debu, polusi, dan kotoran
Clear Fit Master Patch;COSRX;53100;Polyurethane Film, Cellulose Gum, Styrene Isoprene Styrene Block Copolymer, Polyisobutylene, Petroleum Resin, Liquid Paraffin, Tetrakis Methane;4.6;Acne Pimple Patch;Treatment;Mencegah jerawat dari infeksi, membersihkan kotoran sekaligus menjadi lapisan pelindung dari bahaya kotoran dari luar.
Ac Mild Red Spot Patch;HOLIKA HOLIKA;74100;Salicylic Acid;4.2;Acne Pimple Patch;Treatment;mempercepat penenangan jerawat yang timbul
Acne Patch Night 12 Patch;DERMA ANGEL;32300;Methylcellulose, Glyceryl Rosinate, Hydrogenatad Styrene/Isopropene Copolymer, Paraffinum Liquidium, Polyurethane-1;4.6;Acne Pimple Patch;Treatment;menyamarkan, menyembuhkan dan melindungi jerawat dari debu, polusi, dan kotoran
Acne Patch Mix 18;DERMA ANGEL;39100;Methylcellulose, Glyceryl Rosinate, Hydrogenatad Styrene/Isopropene Copolymer, Paraffinum Liquidium, Polyurethane-1.;4.7;Acne Pimple Patch;Treatment;menyamarkan, menyembuhkan dan melindungi jerawat dari debu, polusi, dan kotoran
Acne Patch Day 12 Patch;DERMA ANGEL;31350;Methylcellulose, Glyceryl Rosinate, Hydrogenatad Styrene/Isopropene Copolymer, Paraffinum Liquidium, Polyurethane-1;4.6;Acne Pimple Patch;Treatment;menyamarkan, menyembuhkan dan melindungi jerawat dari debu, polusi, dan kotoran
Acne Pimple Master Patch;COSRX;53100;Cellulose Gum, Styrene Isoprene Styrene Block Copolymer, Polyisobutylene, Petroleum Resin, Polyurethane Film, Liquid Paraffin, Tetrakis Methane;4.5;Acne Pimple Patch;Treatment;mencegah jerawat dari infeksi, membantu meratakan dan menyembuhkan jerawat lebih cepat
