name;brand;price;ingredients;rating;sub-category;category;benefit
Laser Rejuvenation Ampoule;CELL FUSION C;Rp260.000;Water ,Methylpropanediol, Glycerin, 1,2-Hexanediol, Niacinamide, Caprylic/Capric Triglyceride, Polyglycerin-3, Centella Asiatica Extract,Avena Sativa (Oat) Kernel Extract, Pteris Multifida Extract, Cynara Scolymus (Artichoke) Leaf Extract, Vigna Radiata Seed Extract,Rubus Fruticosus (Blackberry) Fruit Extract, Persea Gratissima (Avocado) Fruit Extract, Sodium Hyaluronate, Hydrogenated Lecithin, Cyclohexasiloxane, Ammonium Acryloyldimethyltaurate/Vp Copolymer, Xanthan Gum, Adenosine, Carbomer, Disodium Edta, Tromethamine, Polyquaternium-51, Beta-Glucan, Butylene Glycol, Hydrolyzed Collagen, Aureobasidium Pullulans Ferment, Palmitoyl Tripeptide-5, Hydrolyzed Lupine Protein, Nonapeptide-1, M..;0;Ampoule;Treatment;menguatkan skin barrier serta menjaga kulit tetap kuat dan sehat.
Royal Black Snail Ampoule;DR.G;Rp512.050;Aqua, Glycerin, Propanediol, Snail Secretion Filtrate,  Squalane, Butylene Glycol,  1,2-hexanediol, Niacinamide, Maltodextrin, Polyglyceryl-10 stearate, Ammonium Acryloyldimethyltaurate/VP Copolymer, Glycereth-25 PCA Isostearate, Butyrospermum Parkii (Shea) Butter, Dioscorea Japonica Root Extract, Caprylyl Glycol,  Hydrolyzed Corn Starch, Beta-Glucan, Adenosine,  Caramel, Hydrogenated Lechitin, Ethylhexylglycerin, Sodium hyaluronate, Caprylic/Capric Triglyceride, Fragrance, Vitex Agnus Castus Extract, Sucrose, Phytic Acid, Phenethyl Alcohol, Hydrogenated Phosphatidylcholine, Sucrose Stearate, Stearic Acid, Hexyl Laurate, Ceramide NP, Palmitic Acid, Zymomonas Ferment Extract, Hydrolyzed Royal Jelly Protein, Honey Extract, Glycosphingolipids, Cholesterol, Tocopherol.;5;Ampoule;Treatment;merawat kulit dari tanda-tanda penuaan dini, membantu menutrisi dan merawat kelembapan kulit sehingga elastisitas dan kekencangan kulit senantiasa terjaga
Vegan Green Mild Hyaluron Ampoule;MULDREAM;Rp184.600;Water, Glycerin, Butylene Glycol, Portulaca Oleracea Extract, Sodium Hyaluronate, Potassium Hyaluronate, Sodium Hyaluronate Crosspolymer, Hydroxypropyltrimonium Hyaluronate, Hydrolyzed Hyaluronic Acid, Hyaluronic Acid, Hydrolyzed Sodium Hyaluronate, Sodium Acetylated Hyaluronate, Rosmarinus Officinalis (Rosemary) Leaf Extract, Anthemis Nobilis Flower Extract, Spirulina Platensis Extract, Houttuynia Cordata Extract, Melaleuca Alternifolia (Tea Tree) Leaf Oil, Oenothera Biennis (Evening Primrose) Oil, Linum Usitatissimum (Linseed) Seed Oil, Madecassoside, Asiaticoside, Ceramide NP, Panthenol, Adenosine, Propanediol, Caprylyl Glycol, Ethylhexylglycerin, 1,2-Hexanediol, Trehalose, Sodium Citrate, Xanthan Gum, Glyceryl Acrylate/Acrylic Acid Copolymer, Carbomer, Tromethamine, C12-14 Pareth-12, Disodium EDTA, Fragrance;0;Ampoule;Treatment;Memperkuat skin barrier, memberi hidrasi maksimal, menyamarkan garis halus & keriput dan memperkuat lapisan luar dan dalam kulit.
Good Skin Tea Tree Ampoule;NATURE REPUBLIC;Rp97.000;Water, Glycerin, Alcohol, Butylene Glycol, 1,2-Hexanediol, Silica, Betaine, Pentylene Glycol, Chlorella Vulgaris Extract, Glucose, Polyglyceryl-10 Laurate, Propanediol, Fructooligosaccharides, Fructose, Acrylates/C10-30 Alkyl Acrylate Crosspolymer, Caprylyl Glycol, Tromethamine, Ethylhexylglycerin, Xanthan Gum, Sodium Phytate, Melaleuca Alternifolia (Tea Tree) Leaf Oil, Olea Europaea (Olive) Fruit Oil, Pelargonium Graveolens Flower Oil, Citrus Aurantium Dulcis (Orange) Oil, Eucalyptus Globulus Leaf Oil, Tocopherol, Enantia Chlorantha Bark Extract, Oleanolic Acid;4.5;Ampoule;Treatment;Membantu merawat kelembapan kulit yang berminyak. Kulit terasa segar dan tampak matte.
Beet Energy Ampoule;I'M FROM;Rp340.000;Beta Vulgaris (Beet) Root Extract, Glycerin, Squalane, Propanediol, 1,2-Hexanediol, Niacinamide, Acrylates/C10-30 Alkyl Acrylate Crosspolymer, Tromethamine, Xanthan Gum, Panthenol, Adenosine, Allantoin, Carnosine;5;Ampoule;Treatment;menenangkan kulit dengan membentuk lapisan pelindung pada kulit, mengembalikan kelembaban pada kulit dehidrasi dan iritasi serta membuat kulit wajah menjadi cerah bercahaya
Vegan Clear Skin Aha Pha Ampoule;MULDREAM;Rp184.600;Water, Propanediol, Glycerin, Glycolic Acid, Gluconolactone, Ceramide NP, Portulaca Oleracea Extract, Houttuynia Cordata Extract, Rosmarinus Officinalis (Rosemary) Leaf Extract, Anthemis Nobilis Flower Extract, Panax Ginseng Root Extract, Ganoderma Lucidum (Mushroom) Stem Extract, Tremella Fuciformis (Mushroom) Extract, Hibiscus Esculentus Fruit Extract, Saussurea Involucrata Extract, Hydrolyzed Cicer Seed Extract, Melaleuca Alternifolia (Tea Tree) Leaf Oil, Oenothera Biennis (Evening Primrose) Oil, Linum Usitatissimum (Linseed) Seed Oil, Adenosine, Betaine, Tromethamine, Xanthan Gum, C12-14 Pareth-12, Acrylates/C10-30 Alkyl Acrylate Crosspolymer, Ethylhexylglycerin, Caprylyl Glycol, Butylene Glycol, 1,2-Hexanediol, Fragrance;5;Ampoule;Treatment;Meratakan warna & pigmentasi kulit, membersihkan & menyamarkan pori-pori, mengeksfoliasi sel kulit mati dan memperkuat lapisan luar dan dalam kulit.
Oligo Hyaluronic Acid Boosting Ampoule;THE LAB BY BLANC DOUX;Rp333.000;Water, Butylene Glycol, Glycerin, Glyceryl Glucoside, Sodium Hyaluronate, Glycereth-26, Hydroxyethylcellulose, 1,2-Hexanediol, Carbomer, Tromethamine, Xylitylglucoside, Anhydroxylitol, Disodium EDTA, Boswellia Serrata Resin Extract, Xylitol, Sparassis Crispa Extract, Thamnolia Vermicularis Leaf Extract, Allantoin, Glucose, Ethylhexylglycerin;0;Ampoule;Treatment;meningkatkan hidrasi dan kelembaban kulit
Clean Forever Young Biome Ampoule;ROVECTIN;Rp282.000;Water, Sucrose, 1,2-Hexanediol, Lactobacillus Ferment, Ethylhexylglycerin, Disodium EDTA, Propanediol, Butylene Glycol, Glycerin, Biosaccharide Gum-1, Glycereth-26, Niacinamide, Panthenol, Diphenyl Dimethicone, Triethylhexanoin, Hydrogenated Lecithin, Ammonium Acryloyldimethyltaurate/VP Copolymer, Xanthan Gum, Polyglyceryl-10 Laurate, Carbomer, Adenosine, Tocopherol, Tromethamine, Sodium Phytate,  Anastatica Hierochuntica Extract, Solanum Melongena (Eggplant) Fruit Extract, Fructooligosaccharides,  Xylose, Lactobacillus Ferment Lysate, Lactobacillus/Soybean Ferment Extract, Lactococcus Ferment Lysate, Citric Acid, Sodium Citrate, Bifida Ferment Lysate;3.5;Ampoule;Treatment;membantu meremajakan kulit sekaligus merawat barrier kulit agar kulit tampak lebih muda, dan garis-garis halus tersamarkan, menjaga kelembapan kulit sepanjang hari, menyejukkan kulit yang teriritasi ringan dan meratakan warna kulit.
Safe me. Relief moisture green ampoule;MAKE P:REM;Rp319.200;Water, Propanediol, Glycereth-26, 1,2-Hexanediol, Cetyl Ethylhexanoate, Propolis Extract, Polyglyceryl-3 Methylglucose Distearate, Caprylyl Glycol, Glyceryl Stearate, Tromethamine, Acrylates/C10-30 Alkyl Acrylate Crosspolymer, Carbomer, Citric Acid, Ethylhexylglycerin, Xanthan Gum, Salvia Officinalis (Sage) Oil, Citrus Aurantium Bergamia (Bergamot) Fruit Oil, Butylene Glycol;5;Ampoule;Treatment;melembapkan, menenangkan dan menjaga lapisan pelindung kulit
Hydrium Centella Aqua Soothing Ampoule;COSRX;Rp250.250;Water, Centella Asiatica Extract, Dipropylene Glycol, Glycerin, 1,2-Hexanediol, Betaine, Chondrus Crispus Extract, Saccharum Officinarum (Sugarcane) Extract, Pentylene Glycol, Octanediol, Ammonium Acryloyldimethyltaurate/VP Copolymer, Xanthan Gum, Ethylhexylglycerin, Allantoin, Madecassoside, Pantheno;4.6;Ampoule;Treatment;"menghidrasi kulit secara menyeluruh; agen anti-inflamasi, menenangkan kulit berjerawat"
ISOI Blemish Care Up Serum;ISOI;Rp 350.550 - Rp 664.050;Aqua, Rosa Damascena Flower Water, Glycerin, Alcohol, Arbutin, Betaine, Trehalose, Butylene Glycol, Paeonia Suffruticosa Root Extract, Scutellaria Baicalensis Root Extract, Xanthan Gum, Glycyrrhiza Glabra Root Extract, Allantoin, Panthenol, Rosa Damascena Flower Oil, Adansonia Digitata Leaf Extract, Arctostaphylos Uva Ursi Leaf Extract, Hippophae Rhamnoides Fruit Extract, Rhodiola Rosea Root Extract, Sophora Flavescens Root Extract, Castanea Crenata Shell Extract, Centella Asiatica Extract, Salix Alba (Willow) Bark Extract, Calendula Officinalis Flower Extract, Houttuynia Cordata Extract, 1,2-Hexanediol, Euterpe Oleracea Fruit Extract, Vaccinium Angustifolium Fruit Extract, Phyllanthus Emblica Fruit Extract, Vaccinium Macrocarpon Fruit Extract.;5;Ampoule;Treatment;membantu merawat blemish pada wajah dan membantu mencerahkan noda hitam atau flek yang muncul pada kulit. menjaga kulit agar tetap terhidrasi, terasa nyaman, dan menenangkan.
Black Tea Youth Enhancing ampoule;INNISFREE;Rp 381.500 - Rp 399.000;WATER / AQUA / EAU, BUTYLENE GLYCOL, GLYCERIN, DIPROPYLENE GLYCOL, NIACINAMIDE, 1,2-HEXANEDIOL, SQUALANE, GLYCERYL POLYMETHACRYLATE, CETEARYL ALCOHOL, AMMONIUM ACRYLOYLDIMETHYLTAURATE/VP COPOLYMER, GLYCERYL STEARATE, XANTHAN GUM, ALLANTOIN, HYDROGENATED LECITHIN, ETHYLHEXYLGLYCERIN, STEARIC ACID, POLYGLYCERYL-3 METHYLGLUCOSE DISTEARATE, ADENOSINE, PALMITIC ACID, FRAGRANCE / PARFUM, DISODIUM EDTA, SODIUM HYALURONATE, LIMONENE, CAMELLIA SINENSIS LEAF EXTRACT (BLACK TEA)*, DEXTRIN, THEOBROMA CACAO (COCOA) EXTRACT, LINALOOL, CITRONELLOL, MYRISTIC ACID, PENTYLENE GLYCOL, LAURIC ACID, TOCOPHEROL, ACRYLATES/STEARYL METHACRYLATE COPOLYMER, TREMELLA FUCIFORMIS SPOROCARP EXTRACT, HYALURONIC ACID, ACHILLEA MILLEFOLIUM EXTRACT, CERAMIDE NP;5;Ampoule;Treatment;Menjaga kekencangan kulit wajah, membuat kulit tampak lebih bercahaya dan terlihat segar keesokan harinya
All Day Vitamin Pure C 5.5 Glow Serum;JUMISO;Rp204.000;Aronia Melanocarpa Fruit Extract, Butylene Glycol, Ascorbic Acid, Ascorbyl Glucoside, 1,2-Hexanediol, Tromethamine, Alpha-Arbutin, Sodium Hyaluronate, Glycerin, Polyglyceryl-10 Laurate, Polyglyceryl-10 Myristate, Xanthan Gum, Tocopherol, Ferulic Acid;0;Ampoule;Treatment;menyamarkan noda hitam pada kulit, mencerahkan kulit yang kusam, sekaligus membuat warna kulit tampak merata, mengurangi tingkat sensitivitas agar meminimalkan potensi iritasi pada kulit
Real Vegan Hyaluronic Acid Ampoule;KLAVUU;Rp408.000;Water, Glycerin, Butylene Glycol, Propanediol, Diethoxyethyl Succinate, Niacinamide, 1,2-Hexanediol, Chondrus Crispus Extract, Saccharum Officinarum (Sugarcane) Extract, Sodium Hyaluronate, Hydroxypropyltrimonium Hyaluronate, Hydrolyzed Hyaluronic Acid, Sodium Acetylated Hyaluronate, Hyaluronic Acid, Hydrolyzed Sodium Hyaluronate, Sodium Hyaluronate Crosspolymer, Potassium Hyaluronate, Betaine, Panthenol, Pentylene Glycol, Glyceryl Glucoside, Adenosine, Tromethamine, Sodium Chloride, Beta-Glucan, Ethylhexylglycerin, Sodium Bicarbonate, Calcium Chloride, Potassium Chloride, Tocopherol, Carbomer, Xanthan Gum;0;Ampoule;Treatment;Menghidrasi hingga lapisan kulit ke-15 - 6x kulit lebih terhidrasi - Menjaga kulit terhidrasi lebih lama - dengan Panthenol yang menenangkan kulit Solusi untuk kulit kering dan sensitif
Hyathenol Hydra Ampoule;NATURE REPUBLIC;Rp269.000;Water, Butylene Glycol, 1,2-Hexanediol, Methylpropanediol, Niacinamide, Sodium Hyaluronate, Hibiscus Esculentus Fruit Extract, Tamarindus Indica Seed Extract, Panthenol, Carbomer, Tromethamine, Chamomilla Recutita (Matricaria) Flower Extract, Hydrogenated Lecithin, Ethylhexylglycerin, Adenosine, Disodium Edta, Betaine, Raffinose, Hydrolyzed Vegetable Protein, Maltodextrin, Sodium Acetate, Dipeptide-2.;5;Ampoule;Treatment;Menghidrasi kulit secara maksimal, Menghaluskan dan melembutkan kulit, Kulit kusam terlihat lebih cerah, Menyamarkan garis halus dan kerutan, Meningkatkan elastisitas kulit, Memiliki efek antioksidan dan menenangkan kulit, Mengembalikan skin barrier yang rusak
Ceramic Milk Ampoule;TIRTIR;Rp486.000;Lactobacillus/Soymilk Ferment Filtrate, Isopropyl Myristate, Polyglyceryl-2 Dipolyhydroxystearate, Oryza Sativa (Rice) Bran Oil, Polyglyceryl-4 Isostearate, Polyglyceryl-3 Ricinoleate, Glycerin, Butylene Glycol, Caprylic/Capric Triglyceride, Niacinamide, Dimer Dilinoleyl Dimer Dilinoleate, 1,2-Hexanediol, Benzyl Glycol, Prunus Amygdalus Dulcis (Sweet Almond) Seed Extract, Oryza Sativa (Rice) Extract, Avena Sativa (Oat) Meal Extract, Persea Gratissima (Avocado) Fruit Extract, Maltodextrin, Water, Adenosine, Ethylhexylglycerin, Saccharomyces/Viscum Album (Mistletoe) Ferment Extract, Lactobacillus/Soybean Ferment Extract, Squalane, Chamomilla Recutita (Matricaria) Flower Extract, Saccharomyces/Imperata Cylindrica Root Ferment Extract, Moringa Oleifera Seed Extract, Hydrogenated lecithin, Collagen, Cetearyl Alcohol, Theobroma Cacao (Cocoa) Extract, Pyrus Malus (Apple) Leaf Extract, Vanilla Planifolia Fruit Extract, Leuconostoc/Radish Root Ferment Filtrate, Stearic Acid, Fragaria Chiloensis Fruit Extract, Musa Sapientum (Banana) Fruit Extract, Prunus Persica (Peach) Fruit Extract, Propanediol, Cocos Nucifera (Coconut) Oil, Prunus Domestica Fruit Extract, Ceramide NP, Cholesterol, Phytosphingosine, Ceramide NG, Ceramide NS, Ceramide AS, Ceramide AP, Glycine, Glutamic Acid, Leucine, Methionine, Valine, Serine, Aspartic Acid, Alanine, Arginine, Isoleucine, Phenylalanine, Proline, Histidine, Taurine, Ornithine, Ceramide EOP;5;Ampoule;Treatment;Memberikan hidrasi yang dalam dan kesegaran pada kulit, membuat kulit tampak lebih cerah dan bercahaya, Membantu memperbaiki dan memperkuat barrier kulit yang rusak, Membuat kulit Anda tetap terhidrasi hingga berjam-jam.
Blessing Of Sprout CICA-Full System Ampoule;HAYEJIN;Rp309.000;Water, Butylene Glycol, 1,2-Hexanediol, Niacinamide, Glycerin, C12-14 Alketh-12, Panthenol,Arginine, Carbomer, Pentylene Glycol, Allantoin, Adenosine, Disodium EDTA Madecassoside, Cellulose Gum, Sodium Hyaluronate, Nelumbo Nucifera Germ Extract, Fragrance, Centella Asiatica Extract, Ceramide NP, Tocopherol, Phytosterols, Ethylhexyiglycerin, Triticum Vulgare (Wheat) SproutExtract, Brassica Oleracea Italica (Broccoli)Sprout Extract, Brassica Campestris (Rapeseed)Sprout Extract, Sophora Japonica Bud Extract, Acetyl Hexapeptide-8, Madecassic Acid, Asiaticoside, Asiatic Acid;4;Ampoule;Treatment;menenangkan dan melembabkan kulit, memutihkan dan anti penuaan, Memperkuat Penghalang Kulit
CBD Hydraoxidant Ampoule;AZARINE;Rp155.000;Aqua, Glycerin, Propanediol, Niacinamide, Methyl Cyclodextrin, Pichia/Resveratrol Ferment Extract, Sodium Hyaluronate, Centella Asiatica Extract, Ceramide 3, Xanthan Gum, Glycolic Acid, 7-Dehydrocholesterol, Ascorbic Acid, Tocopheryl Acetate, Retinyl Palmitate, Brassica Campestris Sprout Extract, Brassica Oleracea Italica Sprout Extract, Brassica Oleracea Gemmifera Extract, Sunflower (Helianthus Annuus) Seed Oil, Arctium Lappa Root Extract, Chlorphenesin, Phenoxyethanol, Panthenol, Portulaca Oleracea Extract*.;5;Ampoule;Treatment;Regenerasi kulit untuk bopeng/ kerut/ garis halus/ tekstur tidak rata, Mengatasi bruntusan, Memperkuat & memperbaiki Skin barrier, Mencerahkan kulit kusam agar glowing, Menghaluskan kulit, Anti aging & firming, Merawat kulit sensitif
All Day Vitamin VC-IP 1.0 Firming Serum;JUMISO;Rp204.000;Aronia Melanocarpa Fruit Extract, Butylene Glycol, Propanediol, Betaine, Panthenol, Niacinamide, 1,2-Hexanediol, Ascorbyl Tetraisopalmitate, Hydroxyethyl Acrylate/Sodium Acryloyldimethyl Taurate Copolymer, Cetearyl Olivate, Sorbitan Olivate, Allantoin, Tocopherol, Adenosine, Sodium Hyaluronate, Bakuchiol, Alpha-Arbutin, Ferulic Acid, Centella Asiatica Oil, Glycine Soja (Soybean) Oil;0;Ampoule;Treatment;mencerahkan dan mengencangkan kulit, mendorong produksi kolagen agar tanda-tanda penuaan seperti garis halus dan flek dapat tersamarkan, mengurangi tingkat sensitivitas agar meminimalkan potensi iritasi pada kulit
Real Vegan Vitamin Ampoule;KLAVUU;Rp384.000;Water, Glycerin, Butylene Glycol, Propanediol, Diethoxyethyl Succinate, Niacinamide, 1,2-Hexanediol, Chondrus Crispus Extract, Saccharum Officinarum (Sugarcane) Extract, Sodium Hyaluronate, Hydroxypropyltrimonium Hyaluronate, Hydrolyzed Hyaluronic Acid, Sodium Acetylated Hyaluronate, Hyaluronic Acid, Hydrolyzed Sodium Hyaluronate, Sodium Hyaluronate Crosspolymer, Potassium Hyaluronate, Betaine, Panthenol, Pentylene Glycol, Glyceryl Glucoside, Adenosine, Tromethamine, Sodium Chloride, Beta-Glucan, Ethylhexylglycerin, Sodium Bicarbonate, Calcium Chloride, Potassium Chloride, Tocopherol, Carbomer, Xanthan Gum;4.9;Ampoule;Treatment;mengurangi flek hitam dan warna kulit tidak merata - Memperbaiki Tekstur kulit -  menghidrasi, mencerahkan, dan memperkuat lapisan kulit Solusi untuk kulit kusam dan hiperpigmentasi
Eggplant Clearing Ampoule;PAPA RECIPE;Rp462.600;Aqua, Propanediol, Glycerin, Hydroxyethyl Urea, 1,2-Hexanediol, Solanum Melongena Fruit Extract, Carbomer, Betaine, C12-14 Pareth-12, Tromethamine, Dimethyl Sulfone, Cellulose Gum, Ethylhexylglycerin, Butylene Glycol, Disodium EDTA, Beta-Glucan, Centella Asiatica Extract, Salvia Hispanica Seed Extract, Trehalose, Calendula Officinalis Flower Extract, Lupeol, Betula Alba Juice, Houttuynia Cordata Extract, Hydroxycinnamic Acid, Rutin.;0;Ampoule;Treatment;melembapkan kulit wajah dan merawat blemish skin / kulit bermasalah / iritasi / bruntusan, membantu menenangkan kulit yang teriritasi. Sehingga kulit tampak lebih bersih dan ternutrisi.
TIME REVOLUTION NIGHT REPAIR AMPOULE CREAM 5X;MISSHA;Rp996.000;WATER, GLYCERIN, METHYLPROPANEDIOL, CYCLOHEXASILOXANE, HYDROGENATED POLYISOBUTENE, CAPRYLIC/CAPRIC TRIGLYCERIDE, TRIETHYLHEXANOIN, CETEARYL ALCOHOL, NIACINAMIDE, DIMETHICONOL, 1,2-HEXANEDIOL, TREHALOSE, STEARYL ALCOHOL, BEESWAX, CETYL ALCOHOL, PHYTOSTERYL/ISOSTEARYL/CETYL/STEARYL/BEHENYL DIMER DILINOLEATE, CETEARYL GLUCOSIDE, VINYL DIMETHICONE, POLYGLYCERYL-2 STEARATE, GLYCERYL STEARATE, PALMITIC ACID, STEARIC ACID, CITRUS AURANTIUM BERGAMIA (BERGAMOT) FRUIT OIL, HYDROXYACETOPHENONE, DIOSCOREA JAPONICA ROOT EXTRACT, AMMONIUM ACRYLOYLDIMETHYLTAURATE/VP COPOLYMER, ETHYLHEXYLGLYCERIN, GLYCOSYL TREHALOSE, BUTYLENE GLYCOL, ALCOHOL, BIFIDA FERMENT LYSATE, HYDROGENATED STARCH HYDROLYSATE, XANTHAN GUM, ADENOSINE, RAFFINOSE, GLYCERYL POLYMETHACRYLATE, DEXTRIN, THEOBROMA CACAO (COCOA) SHELL POWDER, PELARGONIUM GRAVEOLENS FLOWER OIL, LECITHIN, DISODIUM EDTA, HYDROGENATED LECITHIN, CAMELLIA SINENSIS SEED OIL, ARGANIA SPINOSA KERNEL OIL, OLEA EUROPAEA (OLIVE) FRUIT OIL, HELIANTHUS ANNUUS (SUNFLOWER) SEED OIL, SIMMONDSIA CHINENSIS (JOJOBA) SEED OIL, CAMELLIA JAPONICA SEED OIL, MACADAMIA INTEGRIFOLIA SEED OIL, GLUCOSE, CENTELLA ASIATICA EXTRACT, FICUS CARICA (FIG) FRUIT EXTRACT, POLYQUATERNIUM-51, CETEARYL OLIVATE, CERAMIDE NP, LAVANDULA ANGUSTIFOLIA (LAVENDER) OIL, CITRUS AURANTIUM DULCIS (ORANGE) PEEL OIL, SORBITAN OLIVATE, PHELLODENDRON AMURENSE BARK EXTRACT, LACTOBACILLUS FERMENT, MYRISTIC ACID, LACTOBACILLUS/ACEROLA CHERRY FERMENT, LACTOCOCCUS FERMENT, LEUCONOSTOC/RADISH ROOT FERMENT FILTRATE, BIFIDA FERMENT FILTRATE, LACTOBACILLUS/SOYBEAN FERMENT EXTRACT, LACTOBACILLUS/PUNICA GRANATUM FRUIT FERMENT EXTRACT, LACTOBACILLUS FERMENT LYSATE, LACTOCOCCUS FERMENT LYSATE, MONASCUS EXTRACT, SUCROSE DISTEARATE, ORYZA SATIVA (RICE) EXTRACT, DIPROPYLENE GLYCOL, BIOSACCHARIDE GUM-1, SACCHAROMYCES FERMENT, BETA VULGARIS (BEET) ROOT EXTRACT, DAUCUS CAROTA SATIVA (CARROT) ROOT EXTRACT, BRASSICA OLERACEA CAPITATA (CABBAGE) LEAF EXTRACT, VACCINIUM ANGUSTIFOLIUM (BLUEBERRY) FRUIT EXTRACT, SOLANUM MELONGENA (EGGPLANT) FRUIT EXTRACT, ANTHEMIS NOBILIS FLOWER OIL, TOCOPHEROL, SANTALUM ALBUM (SANDALWOOD) OIL, BACILLUS FERMENT;4.8;Ampoule;Treatment;memperbaiki / menenangkan kulit yang lelah setelah 10 jam penggunaan. Dapat membantu meningkatkan elastisitas kulit,melembabkan, mencerahan , mencegah kerutan, pigmentasi, kusam serta meningkatkan elastisitas dan ketahanan kulit.
SKIN1004 Madagascar Centella Poremizing Fresh Ampoule 100 ml;SKIN1004;Rp180.640;Centella Asiatica Extract(50.47%), Aqua(Water), Butylene Glycol, Propanediol, 1,2-Hexanediol, Aloe Barbadensis Leaf Extract, Glycereth-26, Hydroxyacetophenone, Glycerin, Carbomer, Tromethamine, Panthenol, Ethylhexylglycerin, Disodium EDTA, Dipotassium Glycyrrhizate, Ammonium Polyacryloyldimethyl Taurate, Biosaccharide Gum-1, Hyaluronic Acid, Hydrolyzed Hyaluronic Acid, Sodium Hyaluronate, Hydroxyethylcellulose, Chamomilla Recutita (Matricaria) Flower Extract, Mineral Salts, Tripeptide-3, Acetyl Hexapeptide-8, Acetyl Octapeptide-3, Copper Tripeptide-1, Palmitoyl Pentapeptide-4, Palmitoyl Tetrapeptide-7, Palmitoyl Tripeptide-1, Tripeptide-1, Tripeptide-2;4.7;Ampoule;Treatment;Menenangkan kulit sensitif dan memelihara kekuatan alami kulit dengan perawatan skin barrier, Memberikan fasilitas pada sintesis kolagen dan elastin yang dapat meningkatkan kepadatan kulit dan membuat kulit lembut dan kencang, Menghilangkan kotoran di kulit dan pori-pori
Niacinamide Booster Ampoule;VOTRE PEAU;Rp123.950;5% NIACINAMIDE, 1% Zinc PCA;4.5;Ampoule;Treatment;membantu mengatasi kulit kusam agar tampak cerah, pori-pori tersamarkan, serta merawat kulit berjerawat.
Full Fit Propolis Light Ampoule;COSRX;Rp282.750;Propolis Extract, Butylene Glycol, Glycerin, Betaine, 1,2-Hexanediol, Cassia Obtusifolia Seed Extract, Sodium Hyaluronate, Hydroxyethylcellulose, Carbomer, Panthenol, Arginine;4.5;Ampoule;Treatment;Memelihara kesehatan kulit, Kulit kenyal dan glowing, Mengurangi kemerahan, Menghidrasi dan Menenangkan kulit
Green Derma Tea Tree Cica Spot Serum;NATURE REPUBLIC;Rp235.000;Melaleuca Alternifolia (Tea Tree) Leaf Water, 1,2-Hexanediol, Dipropylene Glycol, Propanediol, Butylene Glycol, C12-14 Pareth-12, Hydroxyacetophenone, Carbomer, Water, Tromethamine, Ammonium Acryloyldimethyltaurate/VP Copolymer, Xanthan Gum, Ethylhexylglycerin, Centella Asiatica Extract, Lavandula Angustifolia (Lavender) Oil, Citrus  Aurantium Dulcis  (Orange) Oil, Madecassoside, Disodium EDTA, Allantoin, Betaine, Sodium  Hyaluronate, 4-Terpineol, Dipotassium Glycyrrhizate, Citrus  Nobilis  (Mandarin Orange) Peel Oil, Glycerin, Laminaria Japonica Extract, Eclipta  Prostrata Leaf Extract, Isopentyldiol, Trehalose, Litsea  Cubeba  Fruit Oil, Anthemis Nobilis  Flower  Oil, Fructooligosaccharides, Hydrogenated Lecithin, Beta-Glucan, Propolis Extract, Gluconolactone, Melaleuca Alternifolia (Tea Tree) Extract, Tocopherol, Hydrolyzed Hyaluronic Acid, Houttuynia Cordata Extract, Camellia Sinensis Leaf Extract, Natto  Gum, Melaleuca Alternifolia (Tea Tree) Flower/Leaf/Stem Extract, Hydrolyzed Vegetable Protein, Maltodextrin, Hydrolyzed Jojoba  Esters, Saccharide Hydrolysate, Asiaticoside, Madecassic Acid, Asiatic  Acid, Moringa Oleifera Seed Oil, Biosaccharide Gum-1, Centella Asiatica Leaf Extract, Centella Asiatica Root Extract, Saccharomyces Ferment, Hyaluronic Acid, Curcuma Longa (Turmeric) Root Extract, Salvia  Hispanica Seed Extract, Ceramide NP, Phytosphingosine.;0;Ampoule;Treatment;Membantu menenangkan dan menyejukkan kulit serta memberikan rasa nyaman pada kulit yang tampak kemerahan/teriritasi dan membuatnya tetap terjaga kelembapannya.
The Real Noni Energy Ampoule;CELIMAX;Rp189.050;Aqua, Butylene Glycol, Propanediol, Glycerin, 1,2-Hexanediol, Diethoxyethyl Succinate, Morinda Citrifolia Fruit Extract, Sodium Polyacryloyldimethyl Taurate, Chlorphenesin, C12-13 Pareth-9, Sodium Hyaluronate, Melia Azadirachta Leaf Extract, Glyceryl Acrylate/Acrylic Acid Copolymer, Allantoin, Disodium EDTA, Adenosine, Rosmarinus Officinalis (Rosemary) Leaf Oil, Melia Azadirachta Flower Extract, Caprylic/Capric Triglyceride, Theobroma Cacao Extract, Olea Europaea (Olive) Fruit Oil, Hydrogenated Lechitin, Butyrospermum Parkii (Shea) Butter, Squalane, Dextrin, Phytosphingosine, Cholesterol, Morinda Citrifolia Seed Oil, Ceramide NP.;4.5;Ampoule;Treatment;membantu merawat kelembapan kulit dan membantu menutrisi kulit agar kulit senantiasa lembap dan tampak tidak kusam
Good Skin Vitamin E Ampoule;NATURE REPUBLIC;Rp99.000;Water, Glycerin, Propanediol, Coco-Caprylate/Caprate, 1,2-Hexanediol, Polyglyceryl-3 Distearate, Betaine, Panthenol, Chlorella Vulgaris Extract, Glucose, Butylene Glycol, Fructooligosaccharides, Fructose, Xanthan Gum, Acrylates/C10-30 Alkyl Acrylate Crosspolymer, Tocopheryl Acetate, Tromethamine, Citrus Aurantium Dulcis (Orange) Oil, Glyceryl Stearate Citrate, Ethylhexylglycerin, Cupressus Sempervirens Oil, Lavandula Hybrida Oil, Rosmarinus Officinalis (Rosemary) Leaf Oil, Litsea Cubeba Fruit Oil, Tocopherol, Sucrose Palmitate, Hydrogenated Lecithin, Macadamia Ternifolia Seed Oil, Olea Europaea (Olive) Fruit Oil, Simmondsia Chinensis (Jojoba) Seed Oil, Vitis Vinifera (Grape) Seed Oil.;5;Ampoule;Treatment;Membantu merawat kelembapan dan kelembutan/kehalusan kulit. Kulit terasa lembap dan tampak bercahaya.
Safe me. Relief Watery Ampoule;MAKE P:REM;Rp373.150;Opuntia Ficus-Indica Stem Extract, Glycerin, Methyl Gluceth-20, 1,2-Hexanediol, Water, Polyglycerin-3, Pentylene Glycol, Hydroxypropyltrimonium Hyaluronate, Sodium Hyaluronate, Panthenol, Allantoin, Chondrus Crispus Extract, Saccharum Officinarum (Sugarcane) Extract, Tromethamine, Ethylhexylglycerin, Dipropylene Glycol, Tocopherol, Caprylyl/Capryl Glucoside, Hydrogenated Lecithin, Ceramide NP, Carbomer, Xanthan Gum.;5;Ampoule;Treatment;memberikan kelembapan dan hidrasi yang dalam ke dalam kulit, meningkatkan elastisitas untuk kulit 
Aqua Soothing Ampoule;REAL BARRIER;Rp222.000;Water, Pentylene Glycol, 1,2-Hexanediol, Carbomer, Arginine, Panthenol, Sodium Hyaluronate, Disodium EDTA, Propanediol, Allantoin, Xylitol, Glycerin, Sodium Hyaluronate Crosspolymer, Hydrolyzed Glycosaminoglycans, Myristoyl/Palmitoyl Oxostearamide/Arachamide MEA, Ceramide 3, Centella Asiatica Extract, Benzyl Glycol, Hydrolyzed Hyaluronic Acid, Ethylhexylglycerin, Hyaluronic Acid, Raspberry Ketone, Madecassoside;3.8;Ampoule;Treatment;memberikan kelembapan hingga ke berbagai lapisan kulit, merawat kulit iritasi dan berjerawat
SKIN1004 Madagascar Centella Poremizing Fresh Ampoule 30 ml;SKIN1004;Rp70.000;Centella Asiatica Extract(50.47%), Aqua(Water), Butylene Glycol, Propanediol, 1,2-Hexanediol, Aloe Barbadensis Leaf Extract, Glycereth-26, Hydroxyacetophenone, Glycerin, Carbomer, Tromethamine, Panthenol, Ethylhexylglycerin, Disodium EDTA, Dipotassium Glycyrrhizate, Ammonium Polyacryloyldimethyl Taurate, Biosaccharide Gum-1, Hyaluronic Acid, Hydrolyzed Hyaluronic Acid, Sodium Hyaluronate, Hydroxyethylcellulose, Chamomilla Recutita (Matricaria) Flower Extract, Mineral Salts, Tripeptide-3, Acetyl Hexapeptide-8, Acetyl Octapeptide-3, Copper Tripeptide-1, Palmitoyl Pentapeptide-4, Palmitoyl Tetrapeptide-7, Palmitoyl Tripeptide-1, Tripeptide-1, Tripeptide-2;5;Ampoule;Treatment;Menenangkan kulit sensitif dan memelihara kekuatan alami kulit dengan merawat skin barrier, Memfasilitasi sintesis kolagen dan elastin yang meningkatkan kepadatan kulit dan membuat kulit kencang, Membersihkan kotoran dari kulit dan pori-pori
Miraculous Retinol Ampoule;AVOSKIN;Rp284.050;Retinol, Peptide, Vitamin E dengan green tea extract dan raspberry. Air, Propylene Glycol, Glycerin, Phenoxyethanol, Carbomer, PEG-40 Hydrogenated Castor Oil, Caprylic/Capric Triglyceride, Camellia Sinensis (Green Tea) Leaf Extract, Methyl Methacrylate Crosspolymer, Polyglutamic Acid, Tetrasodium EDTA, Retinol, Hydrogenated Lecithin, Ethylhexylglycerin, Cholesterol, Biosaccharide gum-1, Tocopheryl Acetate, Rubus Idaeus (Raspberry) Fruit Extract, BHT, Punica Granatum (Fruit) Extract, Butylene Glycol, Phaseolus Radiatus Seed Extract BHA, Avena Sativa (Oat) Meal Extract, Palmitoyl Hexapeptide-12;4.8;Ampoule;Treatment;membantu menunda munculnya tanda penuaan dini pada kulit dengan cara meningkatkan pergantian sel-sel kulit sehingga menjaga elastisitas dan kesehatan kulit.
Miraculous Dark Spots Solution Ampoule;AVOSKIN;Rp217.550;Aqua, Niacinamide (5%), Glycerin, Tranexamic Acid (2%), Glycolic Acid (1,4%), Gluconolactone (1%), Kojic Acid (1%), Butylene Glycol, Xanthan Gum, Phenoxyethanol, Acacia Senegal Gum, Salicylic Acid (0.5%), Pentaerythrityl Tetraisostearate, Glycyrrhiza Uralensis Root Extract, Sodium Bisulfite, Lactobacillus/Leuconostoc/ Blueberry Fruit Extract Ferment Filtrate, Lactobacillus/Leuconostoc/Broccoli Extract Ferment Filtrate, Lactobacillus/Leuconostoc/Coconut Fruit Extract Ferment Filtrate, Lactobacillus/Leuconostoc/Orange Fruit Extract Ferment Filtrate, Lactobacillus/Leuconostoc/Tomato Fruit Extract Ferment Filtrate, Curcuma Longa Root Extract, Ethylhexylglycerin, Caprylic/Capric Triglyceride, Disodium EDTA, Propylene Carbonate, Stearalkonium Hectorite, Palmitoyl Hexapeptide-12 (0.5%).;4.6;Ampoule;Treatment;mencerahkan dan meratakan warna kulit, menyamarkan noda hitam dan hiperpigmentasi, membantu merawat bercak hitam pasca jerawat, menyamarkan tampilan pori-pori, melembapkan kulit, melawan bakteri penyebab jerawat
Waterfull Hyaluronic Acid Serum;JUMISO;Rp204.000;Aqua, Butylene Glycol, Glycerin, Dipropylene Glycol, 1,2-Hexanediol, Pentylene Glycol, Sodium Hyaluronate, Betaine, Panthenol, Trehalose, Polyglyceryl-10 Laurate, Chlorella Vulgaris Extract, Glucose, Ammonium Acryloyldimethyltaurate/Vp Copolymer, Carbomer, Fructooligosaccharides, Fructose, Tromethamine, Ethylhexylglycerin, Hydrolyzed Hyaluronic Acid, Xanthan Gum, Glyceryl Acrylate/Acrylic Acid Copolymer, Allantoin, Choleth-24, Hydrogenated Lecithin, Hyaluronic Acid, Tocopherol, Ceramide Np;0;Ampoule;Treatment;memberikan kelembapan yang kaya ke kulit, kulit akan tampak lebih kenyal, sehat, dan garis-garis halus tersamarkan.
Vegan Green Mild Vita Ampoule;MULDREAM;Rp184.600;Water, Glycerin, Butylene Glycol, Portulaca Oleracea Extract, Ascorbyl Tetraisopalmitate, Panthenol, Carthamus Tinctorius (Safflower) Flower Extract, Oenothera Biennis (Evening Primrose) Oil, Linum Usitatissimum (Linseed) Seed Oil, Adenosine, Ceramide NP, Propanediol, Caprylyl Glycol, Ethylhexylglycerin, 1,2-Hexanediol, Sucrose, Xanthan Gum, Glyceryl Acrylate/Acrylic Acid Copolymer, Carbomer, Tromethamine, C12-14 Pareth-12, Disodium EDTA, Fragrance;5;Ampoule;Treatment;Mencerahkan kulit, memberikan kilau pada kulit dan memperkuat lapisan luar dan dalam kulit.
P.CALM Porsica Ampoule;P.CALM;Rp235.000;Centella Asiatica Extract(76.38%), Butylene Glycol, Glycerin, Water, Propanediol, 1,2-Hexanediol, Niacinamide, Dipropylene, Glycol, Glycereth-26, Carbomer, Arginine, Hydroxyethyl Acrylate/Sodium Acryloyldimethyl Taurate Copolymer, Allantoin, Ethylhexylglycerin, Adenosine, Sodium Hyaluronate, Disodium EDTA, Polysorbate 60, Sorbitan Isostearate, Cynanchum Atratum Extract, Glyceryl Acrylate/Acrylic Acid Copolymer, Lactobacillus Ferment, Hydroxypropyltrimonium Hyaluronate, Vitis Vinifera, (Grape) Fruit Extract, Caprylic/Capric Triglyceride, Lespedeza Capitata Leaf/Stem Extract, Macadamia Ternifolia Seed Oil, Diospyros Kaki Leaf Extract, Alcohol, Polygonum Cuspidatum Root Extract, Coffea Arabica (Coffee) Seed Extract, Carthamus, Tinctorius (Safflower) Flower Extract, Epilobium Fleischeri Extract, Hydrogenated Lecithin, Zanthoxylum Piperitum Fruit Extract, Castanea Crenata (Chestnut) Shell Extract, Camellia Sinensis Leaf Extract, Polysorbate 20, Retinol, Asiaticoside(0.0004%), Madecassic Acid(0.0004%), Hydrolyzed Hyaluronic Acid, Brassica Campestris (Rapeseed) Sterols, Sodium Acetylated, Hyaluronate, Asiatic Acid(0.0002%), Cholesterol, Hyaluronic Acid, Ceteth-5, Ceteth-3, Tocopheryl Acetate, Aluminum/Magnesium Hydroxide Stearate, Hydrolyzed Sodium Hyaluronate, Potassium Cetyl Phosphate, Sodium Hyaluronate, Crosspolymer, Protease, Papain, Chitosan, Citric Acid, Bromelain, lipase, Potassium Hyaluronate.;0;Ampoule;Treatment;Menyembuhkan dan memperbaiki barrier kulit, Memperbaiki dan mencerahkan kulit dengan menghilangkan sisa sebum dan kotoran yang terkumpul didalam pori, Menenangkan jerawat dan kulit sensitif
SKIN1004 Madagascar Centella Tea-Trica Relief Ampoule;SKIN1004;Rp 117.000 - Rp 195.700;Centella Asiatica Extract(55%), Chamaecyparis Obtusa Water, Melaleuca Alternifolia (Tea Tree) Leaf Water(9.4%), Pinus Palustris Leaf Extract, Glycerin, Butylene Glycol, Methyl Gluceth-20, Dipropylene Glycol, Glycereth-26, 1,2-Hexanediol, Water, Hydroxyacetophenone, Ammonium Acryloyldimethyltaurate/VP Copolymer, Propanediol, Polyglyceryl-10 Laurate, Ethylhexylglycerin, Pentylene Glycol, Caprylyl Glycol, Disodium EDTA, Melaleuca Alternifolia (Tea Tree) Leaf Oil(200ppm), Oenothera Biennis (Evening Primrose) Flower Extract, Pueraria Lobata Root Extract, Ulmus Davidiana Root Extract;4.7;Ampoule;Treatment;Menenangkan kulit yang teriritasi dan membantu memperkuat skin barrier, Mengurangi sebum berlebih, mengontrol minyak & mengencangkan pori-pori, Menangani masalah kulit yang rentan berjerawat dan peradangan secara efektif.
Good Skin Niacinamide Ampoule;NATURE REPUBLIC;Rp99.000;Water, Butylene Glycol, Glycerin, Niacinamide, Pentylene Glycol, Propanediol, Glycereth-26, Chlorella Vulgaris Extract, Glucose, Choleth-24, Sodium Polyacryloyldimethyl Taurate, Fructooligosaccharides, Fructose, Carbomer, Tromethamine, Ethylhexylglycerin, Xanthan Gum, Citrus Aurantium Dulcis (Orange) Oil, 1,2-Hexanediol, Disodium EDTA, Hydrolyzed Jojoba Esters, Ascorbyl Glucoside, Citrus Nobilis (Mandarin Orange) Peel Oil, Cedrus Deodara Wood Oil, Lavandula Hybrida Oil, Pelargonium Graveolens Flower Oil, Tocopherol, Ficus Carica (Fig) Fruit Extract, Ginkgo Biloba Nut Extract, Morus Alba Fruit Extract, Punica Granatum Fruit Extract.;4.8;Ampoule;Treatment;membantu merawat kelembapan kulit. Kulit terasa lembut dan tampak cerah berseri karena terjaga kelembapannya.
Hyal Booster Ampoule;NACIFIC;Rp147.600;Aqua, Glycerin, Butylene Glycol, Glycereth-26, 1,2-Hexanediol, Polyglycerin-3, Arginine, Butyrospermum Parkii (Shea) Butter, Caprylic/Capric Triglyceride, Olea Europaea (Olive) Fruit Oil, Hydrogenated Lechitin, Squalane, Acrylates/C10-30 Alkyl Acrylate Crosspolymer, Carbomer, Ethylhexylglycerin, Panthenol, Polyglyceryl -10 Laurate, Xanthan Gum, Anastatica Hierochuntica Extract, Disodium EDTA, Melia Azadirachta Leaf Extract, Bambusa Vulgaris Water, Melia Azadirachta Flower Extract, Sodium Hyaluronate, Coccinia Indica Fruit Extract, Aloe Barbadensis Flower Extract, Ceramide NP, Cholesterol, Solanum Melongena Fruit Extract, Phytosphingosine, Ocimum Sanctum Leaf Extract, Hydrolyzed Hyaluronic Acid, Curcuma Longa Root Extract, Salix Alba (Willow) Bark Extract, Sodium Acetylated Hyaluronate, Corallina Officinalis Extract.;0;Ampoule;Treatment;membantu menjaga, mengikat dan mengisi kembali kelembapan kulit dari dalam, memperbarui dan meningkatkan imun kulit sehingga membuat kulit menjadi lebih cerah, menjaga dan memperbaiki skin barrier kulit wajah.
Good Skin Collagen Ampoule;NATURE REPUBLIC;Rp99.000;Water, Glycerin, Propanediol, 1,2-Hexanediol, Dipropylene Glycol, Methyl Trimethicone, Squalane, Behenyl Alcohol, Glyceryl Stearate, Hydroxyethyl Acrylate/Sodium Acryloyldimethyl Taurate Copolymer, Chlorella Vulgaris Extract, Glucose, Choleth-24, Hydrolyzed Collagen, Sodium Stearoyl Glutamate, Butylene Glycol, Fructooligosaccharides, Fructose, Acrylates/C10-30 Alkyl Acrylate Crosspolymer, Diphenyl Dimethicone, Tromethamine, Caprylyl Glycol, Triethylhexanoin, Citrus Aurantium Dulcis (Orange) Peel Oil, Panthenol, Adenosine, Sorbitan Isostearate, Hydrogenated Lecithin, Lavandula Angustifolia (Lavender) Oil, Sodium Phytate, Dextrin, Theobroma Cacao (Cocoa) Seed Extract, Hydrolyzed Corn Starch, Sucrose, Ethylhexylglycerin, Acetyl Hexapeptide-8, Palmitoyl Pentapeptide-4.;4;Ampoule;Treatment;mengencangkan dan meningkatkan elastisistas kulit.
SKIN1004 Madagascar Centella Ampoule;SKIN1004;Rp 80.100 - Rp 192.780;Centella Asiatica Extract, Water, Glycerin, Cellulose, 1,2-Hexanediol, Gum, Butylene Glycol, Ethylhexylglycerin;4.7;Ampoule;Treatment;Menenangkan kulit sensitif secara instan dan memberikan hidrasi yang cukup pada kulit rusak untuk kulit tampak lembab
The Origin Ampoule Dipping Pad;KLAVUU;Rp280.000;Water, Butylene Glycol, Glycereth-26, Xylitol, 1,2-Hexanediol, Dipropylene Glycol, Carbomer, Hydroxyethyl Acrylate/Sodium Acryloyldimethyl Taurate Copolymer, Ethylhexylglycerin, Xanthan Gum, Arginine, Sodium Hyaluronate, Disodium EDTA, Glycerin, Polyglyceryl-10 Laurate, Polyglyceryl-10 Myristate, Eucalyptus Globulus Leaf Oil, Sea Water, Panthenol, Sorbitan Isostearate, Houttuynia cordata Extract, Chlorella Vulgaris Extract, Hizikia Fusiforme Extract, Gelidium Cartilagineum Extract, Laminaria Japonica Extract, Undaria Pinnatifida Extract, Sea Salt, Chondrus Crispus Extract, Cynanchum Atratum Extract, Hydrolyzed Vegetable Protein, Maltodextrin;0;Ampoule;Treatment;menenangkan dan melembabkan kulit, menjaga kulit tetap terhidrasi dan menenangkan kulit yang teriritasi.
Vegan Green Mild Cica Ampoule;MULDREAM;Rp184.600;Water, Glycerin, Butylene Glycol, Portulaca Oleracea Extract, Centella Asiatica Extract, Houttuynia Cordata Extract, Carthamus Tinctorius (Safflower) Flower Extract, Spirulina Platensis Extract, Melaleuca Alternifolia (Tea Tree) Leaf Oil, Oenothera Biennis (Evening Primrose) Oil, Linum Usitatissimum (Linseed) Seed Oil, Panthenol, Adenosine, Madecassoside, Asiaticoside, Ceramide NP, Propanediol, Caprylyl Glycol, Ethylhexylglycerin, 1,2-Hexanediol, Sucrose, Trehalose, Xanthan Gum, Glyceryl Acrylate/Acrylic Acid Copolymer, Carbomer, Tromethamine, C12-14 Pareth-12, Sodium Citrate, Disodium EDTA, Fragrance;4.8;Ampoule;Treatment;Mengontrol kadar minyak pada wajah, membersihkan & menyamarkan pori-pori, memperkuat lapisan luar dan dalam kulit.
SKIN1004 Madagascar Centella Hyalu-Cica First Ampoule;SKIN1004;Rp178.500;Centella Asiatica Extract(92%), Butylene Glycol, Niacinamide, 1,2-Hexanediol, Water, Hydroxyacetophenone, Carbomer, Glycereth-25 PCA Isostearate, Ethylhexylglycerin, Tromethamine, Sodium Hyaluronate(100.5ppm), Betula Platyphylla Japonica Juice, Melia Azadirachta Leaf Extract, Melia Azadirachta Flower Extract, Propanediol, Musa Sapientum (Banana) Flower Extract, Coccinia Indica Fruit Extract, Rosa Damascena Flower Water, Pyrus Communis (Pear) Fruit Extract, Prunus Domestica Fruit Extract, Aloe Barbadensis Flower Extract, Cucumis Melo (Melon) Fruit Extract, Solanum Melongena (Eggplant) Fruit Extract, Hedera Helix (Ivy) Leaf/Stem Extract, Ocimum Sanctum Leaf Extract, Glycerin, Anastatica Hierochuntica Extract, Corallina Officinalis Extract, Curcuma Longa (Turmeric) Root Extract, Hyaluronic Acid(500ppb), Hydrolyzed Hyaluronic Acid(500ppb), Portulaca Oleracea Extract, Artemisia Princeps Leaf Extract, Rhodiola Rosea Root Extract;4.8;Ampoule;Treatment;menenangkan kulit sensitif dan memelihara kekuatan alami kulit dengan merawat skin barrier. meningkatkan kelembapan kulit dan mempersiapkan kulit untuk menyerap langkah perawatan kulit selanjutnya. 
Clean LHA Blemish Ampoule;ROVECTIN;Rp282.000;Citrus Aurantium Amara (Bitter Orange) Flower Water, Propanediol, 1, 2-Hexanediol, Methylpropanediol, Niacinamide, Purified Water, Hydroxyethyl Urea,  Ethanol, Aloe Barbadensis Leaf Extract, Glycerin, Butylene Glycol, Sodium Hyaluronate Crosspolymer, Hydrolyzed Glycosaminoglycans, Sodium Hyaluronate, Benzyl Glycol, Hyrolyzed Hyaluronic Acid, Ethylhexyglycerin, Hyaluronic Acid, Raspberry Ketone,  Beta-Glucan, Hydroxyethylcellulose, Carbomer, Panthenol, Tromethamine, Glutathione, Disodium EDTA, Hydroxypropyl Cyclodextrin, Allantoin, Capryloyl Salicylic Acid;4.3;Ampoule;Treatment;menjadikan kulit tampak lebih cerah merona dan lembab, menyejukkan kulit yang teriritasi ringan dan merawat kekencangan kulit, mengangkat sel kulit mati dan sebum berlebih pada kulit penyebab pori-pori tersumbat, menyamarkan tampilan bekas jerawat
Real Aqua Balancing Ampoule;ACWELL;Rp255.000;Water,Propanediol,1,2-Hexanediol,Vinyl Dimethicone, Cetyl Ethylhexanoate,Butylene Glycol,Cetearyl Olivate,Carbomer,Sorbitan Olivate ,Glycerin, Tromethamine, Ethylhexylglycerin, Tricholoma Matsutake Extract,Disodium EDTA,Hydrolyzed Cicer Seed Extract, Rhododendron Chrysanthum Leaf Extract,Hyaluronic Acid,Hydrolyzed Hyaluronic Acid,Sodium Hyaluronate,Camellia Japonica Flower Extract,Glyceryl Glucoside,Houttuynia Cordata Extract,Sedum Sarmentosum Extract,Glycyrrhiza Uralensis (Licorice) Root Extract,Saccharide Isomerate,Citric Acid,Sodium Citrate;5;Ampoule;Treatment;memberikan kelembapan dan nutrisi yang sangat dibutuhkan kulit, menyeimbangkan kadar air dan minyak
Hydrium Triple Hyaluronic Moisture Ampoule;COSRX;Rp262.500;Water, Glycerin, Butylene Glycol, Dipropylene Glycol, 1,2-Hexanediol, Methyl Gluceth-10, Sodium Hyaluronate, Carbomer, Panthenol, Tromethamine, Ethylhexylglycerin, Hyaluronic Acid, Hydrolyzed Hyaluronic Acid, Gluconolactone, Lactobionic Acid.;4.6;Ampoule;Treatment;Memberikan hidrasi yang dalam untuk jenis kulit kering dan dehidrasi, agen anti-inflamasi, mengunci kelembapan pada kulit dan membantu mengeyalkan kulit
Uyu Cream Ampoule;NACIFIC;Rp139.600;aqua, butylene glycol, Caprylic/Capric Triglyceride, Glycerin, Niacinamide, 1,2-hexanediol, Pentaerythrityl tetraethylhexanoate, Cetearyl Alcohol, Polyglyceryl-10 Stearate, Carbomer, Arginine, Butyrospermum Parkii (Shea) Butter, Milk Extract, Ethylhexylglycerin, adenosine, Allantoin Dipotassium glycyrrhizate, Xanthan gum, panthenol, Hydrogenated Lechitin, Sodium hyaluronate, Sucrose Stearate, Ceramide NP, Ceramide AP, Ceramide AS, Ceramide NG, tremella fuciformis polysaccharide, BETA-GLUCAN, Glycosphingolipids, caprylyl glycol, Hyaluronic acid, hydroxypropyltrimonium hyaluronate, POTASSIUM HYALURONATE, Hydrolyzed Sodium Hyaluronate, hydrolyzed hyaluronic acid, Soluble collagen, pentylene glycol, Sodium hyaluronate crosspolymer, sodium acetylated hyaluronate;4.5;Ampoule;Treatment;mengisi serta mengunci kelembaban pada kulit, mencerahkan, menenangkan dan menghidrasi kulit.
Real Vegan Collagen Ampoule;KLAVUU;Rp384.000;Panthenol, Limnanthes Alba (Meadowfoam) Seed Oil, Macadamia Ternifolia Seed Oil Squalane, Hydrogenated Lecithin, Hydrogenated Polydecene, Sodium, Polyacryloyldimethyl Taurate, Triisostearin, Carbomer, C12-14 Alketh-12, Xanthan Gum, Tromethamine, Butyrospermum Parkii (Shea) Butter, Ceramide NP, Polyglyceryl-10 Laurate, Polyglyceryl-3 Methylglucose Distearate, Sodium Polyacrylate, Ethylhexylglycerin, Adenosine, Hydrolyzed Extensin, Hydrolyzed Pea Protein, Sodium Hyaluronate, Phytosterols, Lecithin, Olea Europaea (Olive) Fruit Oil, Sodium Ascorbyl Phosphate, Beta, Glucan, Soluble Collagen, Tocopherol, Pentylene Glycol, Polyquaternium-80, Sodium Chloride;4.7;Ampoule;Treatment;meningkatkan elastisitas kulit
SKIN1004 Magadascar Centella Probio-Cica Intensive Ampoule (Cruelty-Free);SKIN1004;Rp211.500;Centella Asiatica Extract, Butylene Glycol, Glycerin, Water, Propanediol, Caprylic/Capric Triglyceride, Niacinamide, Lactobacillus/Centella Asiatica Extract Ferment Filtrate, 1,2-Hexanediol, Dipropylene Glycol, Polyglyceryl-3 Distearate, Acrylates/C10-30 Alkyl Acrylate Crosspolymer, C14-22 Alcohols, Arginine, Hydrogenated Lecithin, Betaine, Allantoin, Panthenol, Hydroxystearic Acid, Ethylhexylglycerin, Hydroxyethyl Acrylate/Sodium Acryloyldimethyl Taurate Copolymer, Glyceryl Stearate Citrate, Sodium Polyacrylate, Adenosine, C12-20 Alkyl Glucoside, Cetearyl Alcohol, Xanthan Gum, Macadamia Ternifolia Seed Oil, Sodium Phytate, Sodium Hyaluronate, Stearic Acid, Ceramide NP, Glyceryl Acrylate/..;5;Ampoule;Treatment;memberikan kulit yang sehat dan awet muda, Menenangkan kulit dan memperkuat barier kulit
Inteca Soothing Ampoule;MAKE P:REM;Rp345.000;Water, Butylene Glycol, Methylpropanediol, 1,2-Hexanediol, Niacinamide, Glycerin, Candida Bombicola/Glucose/Methyl Rapeseedate Ferment, Chondrus Crispus Extract, Saccharum Officinarum (Sugarcane) Extract, Helianthus Annuus (Sunflower) Seed Oil, Sodium Hyaluronate, Hydrolyzed Hyaluronic Acid, Hyaluronic Acid, Dipropylene Glycol, Ammonium Acryloyldimethyltaurate/VP Copolymer, Panthenol, Caprylic/Capric Triglyceride, Dibutyl Adipate, Hydrogenated Lecithin, Sodium Methyl Stearoyl Taurate, Ethylhexylglycerin, Adenosine, Ethoxydiglycol, Allantoin, Betaine, Asiaticoside, Asiatic Acid, Madecassic Acid, Beta-Glucan, Propanediol, Pentylene Glycol, Benzyl Glycol, Hydrolyzed Glycosaminoglycans, Tocopherol, Caprylyl/Capryl Glucoside, Sodium Hyaluronate Crosspolymer, Hydroxypropyltrimonium Hyaluronate, Ceramide NP, Sodium Acetylated Hyaluronate;4.8;Ampoule;Treatment;memberikan efek menenangkan secara instan, memberikan lapisan kelembapan pada kulit
ISOI Moisture Dr. Ampoule;ISOI;Rp449.650;Aqua, Glycerin, Betaine, Trehalose, Scutellaria Baicalensis Root Extract, Paeonia Suffruticosa Root Extract, Caprylic/Capric Triglyceride, Squalane, Butylene Glycol, Glycyrrhiza Glabra Root Extract, Arginine, Carbomer, Sorbitan Sesquioleate, Panthenol, Xanthan Gum, Macadamia Ternifolia Seed Oil, Citrus Paradisi Peel Oil, Ceramide NP, Propanediol, Melaleuca Alternifolia Leaf Extract, 1,2-Hexanediol, Calendula Officinalis Flower Extract, Houttuynia Cordata Extract, Sodium Hyaluronate Crosspolymer, Phytosphingosine, Hydrogenated Lechitin, Hydrolyzed Glycosaminoglycans, Sodium Hyaluronate, Chamaecyparis Obtusa Leaf Extract, Origanum Vulgare Leaf Extract, Salix Alba (Willow) Bark Extract, Cinamomum Cassia Bark Extract, Lactobacillus/Soybean Ferment Extract, Portulaca Oleracea Extract, Hydrolyzed Hyaluronic Acid, Hyaluronic Acid.;5;Ampoule;Treatment;merawat skin barrier, menghidrasi kulit dan membantu menenangkan kulit yang teriritasi ringan, menjaga kelembapan kulit, Kulit tetap ternutrisi, lembut, dan terasa nyaman.
