name;brand;price;ingredients;rating;sub-category;category;benefit
Feeling Beautiful Oil Absorbing Mint & Lemon Clay Mask 175ml;FREEMAN BEAUTY;Rp55.750;Water, Bentonite, Kaolin, Propylene Glycol, Mentha Piperita Oil, Citrus Medica Limonum Peel Oil, Magnesium Aluminum Silicate, Titanium Dioxide, Disodium EDTA, Sodium Polyacrylate, Methylchloroisothiazolinone, Methylisothiazolinone, Fragrance, Geraniol, Linalool, D-Limonene, Blue 1, Yellow 5;5;Clay Mask;Face Mask;memberi sensasi sejuk dan menyegarkan, meredakan peradangan yang disebabkan oleh jerawat. sangat efektif menyerap minyak untuk mengurangi kilauan pada wajah dan mengecilkan pori-pori. mendinginkan dan menyegarkan.
Innisfree Super Volcanic Pore Clay Mask 2X;INNISFREE;Rp 138.600 - Rp 168.750;WATER / AQUA / EAU, TITANIUM DIOXIDE (CI 77891), BUTYLENE GLYCOL, SILICA, GLYCERIN, TREHALOSE, VOLCANIC ASH, POLYVINYL ALCOHOL, BENTONITE, KAOLIN, CAPRYLIC/CAPRIC TRIGLYCERIDE, GLYCERYL STEARATE, STEARIC ACID, CETEARYL ALCOHOL, PVP, 1,2-HEXANEDIOL, PEG-100 STEARATE, POLYSORBATE 60, IRON OXIDES (CI 77499), HYDROGENATED VEGETABLE OIL, XANTHAN GUM, JUGLANS REGIA (WALNUT) SHELL POWDER, SORBITAN STEARATE, ZEA MAYS (CORN) STARCH, POLYACRYLATE-13, POLYSORBATE 20, IRON OXIDES (CI 77492), MANNITOL, MICROCRYSTALLINE CELLULOSE, LACTIC ACID/GLYCOLIC ACID COPOLYMER, LACTIC ACID, POLYISOBUTENE, IRON OXIDES (CI 77491), MENTHOXYPROPANEDIOL, TETRASODIUM PYROPHOSPHATE, DISODIUM EDTA, ETHYLHEXYLGLYCERIN, SORBITAN ISOSTEARATE, ALUMINUM HYDROXIDE, TRIETHOXYCAPRYLYLSILANE, TOCOPHEROL;4.8;Clay Mask;Face Mask;mengecilkan pori-pori, mengontrol sebum, mengeksfoliasi kulit, membersihkan debu halus, menghilangkan komedo, membersihkan secara mendalam, memberikan efek dingin, melembutkan kulit, dan mencerahkan wajah.
Turmeric Exfoliator and Mask;ADEENA;Rp 72.000 - Rp 129.350;Aqua, Glycerin, Kaolin, Cetyl Alcohol, Glyceryl Stearate, PEG-100 Stearate, Butylene Glycol, Magnesium Aluminum Silicate, Isononyl Isononanoate, Prunus Armeniaca Seed Powder, Calamine, Propylene Glycol, Hydroxyethyl Acrylate/Sodium Acryloyldimethyl Taurate Copolymer, Lauryl Glucoside, Caprylic/ Capric Triglyceride, Propanediol, Silica, Phenoxyethanol, Cyclopentasiloxane, Curcuma Longa Root Extract, Sodium PCA, Camellia Sinensis Leaf Powder, Maltodextrin, Carica Papaya Fruit Extract, Rosa Canina Fruit Oil, Chlorphenesin, Disteardimonium Hectorite, Lactic Acid, Disodium EDTA, Propylene Carbonate, Salicylic Acid, Lactococcus Ferment Lysate, Honey, Saccharide Isomerate, Citric Acid, Sodium Benzoate, Potassium Sorbate, Sodium Citrate, Sodium Chloride;0;Clay Mask;Face Mask;membantu mengeksfoliasi, mencerahkan, dan menghidrasi kulit dengan lembut. memberikan nutrisi optimal pada kulit, membuat kulit sehat, kenyal, dan bercahaya. Menghilangkan masalah kulit kering dan berminyak, Membantu menyamarkan bekas jerawat dan mencerahkan wajah, Membersihkan pori kulit, Mencegah penyumbatan pori kulit, Memberikan keseimbangan pada mikroba kulit dan mengurangi kemerahan
Alaska Volcano Deep Pores Cleansing Clay Mask;SKINTIFIC;Rp54.950;WATER,BENTONITE,KAOLIN,GLYCERIN,PERLITE,VOLCANIC SOIL,MANICOUAGAN CLAY,GLYCOLIC ACID,COLLAGEN,BIFIDA FERMENT FILTRATE,SACCHAROMYCES/BARLEY SEED FERMENT FILTRATE,SACCHAROMYCES/MOTHER OF PEARL FERMENT LYSATE FILTRATE,LACTOBACILLUS FERMENT LYSATE,LACTOBACILLUS/SOYMILK FERMENT FILTRATE,BUTYLENE GLYCOL,CAPRYLIC/CAPRIC TRIGLYCERIDE,ZEA MAYS (CORN) STARCH,CETEARETH-25,CI 77499,1,2-HEXANEDIOL,HYDROXYACETOPHENONE,AVENA SATIVA (OAT) KERNEL FLOUR,XANTHAN GUM,DIPROPYLENE GLYCOL,HYDROGENATED LECITHIN,TOCOPHERYL ACETATE,TITANIUM DIOXIDE,BISABOLOL,MENTHYL LACTATE,FRAGRANCE,DISODIUM STEAROYL GLUTAMATE,ALUMINUM HYDROXIDE,PHYTIC ACID,CITRUS RETICULATA (TANGERINE) FRUIT EXTRACT,ETHYLHEXYLGLYCERIN,ALLANTOIN,SODIUM HYDROXIDE,STEARYL ALCOHOL,CETYL ALCOHOL,PAEONIA SUFFRUTICOSA ROOT BARK EXTRACT,MAGNOLIA DENUDATE FLOWER EXTRACT,SCUTELLARIA BAICALENSIS EXTRACT,DUNALIELLA SALINA EXTRACT,LEUCONOSTOC/RADISH ROOT FERMENT FILTRATE,PHENOXYETHANOL,POPULUS TREMULOIDES BARK EXTRACT;3;Clay Mask;Face Mask;membersihkan pori secara mendalam dan menghempaskan komedo, menjaga skin barrier serta meregenerasi kulit.
Aloe Vera Clay Mask;BREYLEE;Rp8.000;AQUA, KAOLIN, ALOE BARBADENSIS LEAF WATER, ISOHEXADECANE, ALOE BARBADENSIS LEAF EXTRACT, GLYCERIN, BUTYLENE GLYCOL, CETEARYL ALCOHOL, BETAINE, STEARIC ACID, GLYCERYL STEARATE, PEG-100 STEARATE, POLYSORBATE 60, CENTELLA ASIATICA EXTRACT, HORDEUM VULGARE LEAF JUICE, SODIUM POLYACRYLOYLDIMETHYL TAURATE, POLYGLUTAMIC ACID, TOCOPHERYL ACETATE, XANTHAN GUM, 1,2-HEXANEDIOL, ETHYLHEXYLGLYCERIN, CAPRYLYL GLYCOL;4.5;Clay Mask;Face Mask;membantu menjaga kelembaban pada permukaan kulit dan membuat kulit menjadi tampak cerah.
Feeling Beautiful Cleansing Apple Cider Vinegar Clay Mask and Scrub 175ml;FREEMAN BEAUTY;Rp55.750;Water/Aqua/Eau, Bentonite, Sodium C14-16 Olefin Sulfonate, Titanium Dioxide, Pumice, Propylene Glycol, Vinegar (Apple Cider), Kaolin, Xanthan Gum, Magnesium Aluminum Silicate, Cocamidopropyl Betaine, Disodium Edta, Citric Acid, Diazolidinyl Urea, Methylchloroisothiazolinone, Methylisothiazolinone, Fragrance/Parfum, Hexyl Cinnam-Aldehyde, Yellow 6 (Ci 15985), Red 40 (Ci 16035);4.5;Clay Mask;Face Mask;membersihkan, mencerahkan dan menyerap minyak sehingga tampilan kulit menjadi lebih baik dari sebelumnya. membersihkan dan menguras kotoran pada pori-pori. mencerahkan kulit. Kulit tampak segar dan berseri.
Pomegranate Niacinamide Brightening Clay Stick;GLAD2GLOW;Rp36.500;AQUA, KAOLIN, VOLCANIC SOIL, BUTYLENE GLYCOL, GLYCERIN, TITANIUM DIOXIDE, SODIUM PALMITATE, MICA, CETEARYL OLIVATE, SORBITAN OLIVATE, BETA-GLUCAN, NIACINAMIDE, PUNICA GRANATUM FRUIT EXTRACT, PHENOXYETHANOL, CI 77491, CI 45380, SACCHARIDE ISOMERATE, HYDROXYPROPYL CYCLODEXTRIN, PISTACIA LENTISCUS GUM, MYRTUS COMMUNIS LEAF EXTRACT, SACCHAROMYCES FERMENT LYSATE FILTRATE, HYDROLYZED ALGIN, CAPRYLYL GLYCOL, RHAMNOSE, MENTHYL LACTATE, PEG-40 HYDROGENATED CASTOR OIL, AROMA, POTASSIUM SORBATE, CITRIC ACID, SODIUM BENZOATE, ETHYLHEXYLGLYCERIN;5;Clay Mask;Face Mask;Membersihkan, Mencerahkan serta Mengontrol minyak pada wajah.
BHA Charcoal Clay Mask;THE ORIGINOTE;Rp39.600;Water, kaolin, glycerin, diatomaceous earth, bamboo charcoal, cetearyl alcohol, butylene glycol, sodium stearate, dimethicone, PEG-100 stearate, glyceryl stearate, phenoxyethanol, glycosyl trehalose, hydrogenated starch hydrolysate, panthenol, ammonium acryloyldimethyltaurate/VP copolymer, cetearyl glucoside, sorbitan olivate, chlorphenesin, ethylhexylglycerin, glycyrrhiza uralensis (licorice) root extract, portulaca oleracea flower/leaf/stem extract, paeonia suffruticosa root bark extract, paeonia lactiflora extract, xanthan gum, propylene glycol, sodium hyaluronate, caprylic/capric triglyceride, propanediol, 1,2-hexanediol, hydrogenated lecithin, hexylene glycol, stearic acid, cholesterol, salicylic acid, betaine salicylate, glycolic acid, ceramide NP, niacinamide, salix alba (willow) bark extract, propolis extract, saussurea involucrata extract, bisabolol, alpha-glucan oligosaccharide, calendula officinalis flower extract, artemisia argyi leaf extract, centella asiatica extract, hydroxyacetophenone, caprylhydroxamic acid, polymnia sonchifolia root juice, maltodextrin, lactobacillus;4.7;Clay Mask;Face Mask;membantu mengontrol minyak, merawat komedo dan jerawat pada wajah, membantu mengangkat kulit mati, dan membantu membersihkan kulit agar kulit tampak lebih  cerah. Membantu Membersihkan dan memberi rasa kencang pada kulit Membantu menghaluskan kulit Membantu mengangkat kulit mati Membantu mencerahkan wajah Membantu merawat komedo dan jerawat pada wajah Membantu mengekfoliasi kulit, serta membantu menghilangkan minyak berlebih pada wajah
Mugwort Salicylic Acid Acne Clay Stick;GLAD2GLOW;Rp34.000;WATER, KAOLIN, BUTYLENE GLYCOL, GLYCERIN, ARTEMISIA VULGARIS EXTRACT, SODIUM PALMITATE, DIGLYCERIN, SALICYLIC ACID, GLYCERYL POLYMETHACRYLATE, PVM/MA COPOLYMER, ILLITE, MICA, PEG-32, CI 77288, CI 77492, BETA-GLUCAN, PHENOXYETHANOL, CENTELLA ASIATICA EXTRACT, PEG-40 HYDROGENATED CASTOR OIL, TITANIUM DIOXIDE, PROPYLENE GLYCOL, CAPRYLYL GLYCOL, CURCUMA LONGA (TURMERIC) ROOT EXTRACT, FRAGRANCE, MENTHYL LACTATE, NIACINAMIDE, PINUS DENSIFLORA LEAF EXTRACT, RHAMNOSE, VERBASCUM THAPSUS EXTRACT.;5;Clay Mask;Face Mask;Menenangkan dan Membuat Wajah Kencang dan Halus, merawat kulit berjerawat. menjadikan kulit bersih dan halus. Membersihkan kulit, Membantu merawat kulit yang berjerawat, Menenangkan kulit kemerahan, membersihkan dan menenangkan kulit berjerawat, membantu membersihkan kulit dan mengontrol produksi minyak, menenangkan dan meredakan kulit kemerahan
Lightening Blue Clay Mask;WARDAH;Rp22.200;Kaolin Mineral  Clay, Advanced Niacinamide;3.3;Clay Mask;Face Mask;menyerap minyak berlebih dan membuat kulit terasa lebih halus. Dengan efek dingin yang membuat kulit terasa segar setelah pemakaian. bantu kulit tampak lebih cerah
Butter Clay Mask Moist and Calming Clay Mask;JACQUELLE BEAUTE;Rp80.550;Water, Kaolin, Calamine, Glycerin, Glyceryl Stearate, Niacinamide, Betaine, Bentonite, Pentylene Glycol, Titanium Dioxide, Caprylic/Capric Triglyceride, Polyacrylamide, Ethylhexylglycerin, CI 77288, C13-14 Isoparaffin, Xanthan Gum, Caprylyl Glycol, Laureth-7, Allantoin, CI 42090, 1,2-Hexanediol, Disodium EDTA, Caffeine, Tocopherol, Salicylic Acid, Ascorbic Acid, Vitis Vinifera (Grape) Seed Oil, Butylene Glycol, Mentha Piperita (Peppermint) Extract, Fragrance(Parfum);4.9;Clay Mask;Face Mask;Melembabkan wajah & menghaluskan wajah, Mengangkat kotoran, komedo, minyak berlebih, Membersihkan pori-pori secara maksimal, Membantu meredakan jerawat & memudarkan bekas jerawat, Membersihkan & menghaluskan serta mencerahkan kulit wajah
Feeling Beautiful Anti-Stress Dead Sea Minerals Clay Mask 175ml;FREEMAN BEAUTY;Rp55.750;Water/Aqua/Eau, Bentonite, Kaolin, Propylene Glycol, Maris Sal (Sea Salt), Sodium Chloride*, Algae Extract, Artemisia Vulgaris Extract, Lavandula Angustifolia (Lavender) Oil, Citrus Aurantium Bergamia (Bergamot) Fruit Oil, Tocopherol, Magnesium Aluminum Silicate, Titanium Dioxide, Disodium EDTA, Sodium Polyacrylate, Diazolidinyl Urea, Iodopropynyl Butylcarbamate, Phenoxyethanol, Fragrance (Parfum), Butylphenyl Methylpropional, Linalool, Hydroxyisohexyl 3-Cyclohexene Carboxaldehyde, Blue 1 (CI 42090), Yellow 5 (CI 19140).;5;Clay Mask;Face Mask;efektif menyeimbangkan kelembapan serta membantu membersihkan pori-pori yang tersumbat, memanjakan kulit secara maksimal. Kulit tampak cerah, halus dan bebas dari stress.
Fresh Clarifying Clay Mask;BASE;Rp202.500;Aqua, Kaolin, Glycerin, Bentonite, Niacinamide, Mandelic Acid, Cetearyl alcohol, Caprylyl glycol, C14-22 Alcohols, Propanediol, Sodium Hydroxide, Camelina Sativa Seed Oil, Caprylic/Capric Triglyceride, Xanthan Gum, Dicaprylyl Carbonate, C12-20 Alkyl Glucoside, Peppermint (Mentha Piperita) Oil, Thymus Vulgaris Flower/Leaf/Stem Extract, Maltodextrin, Sodium Gluconate, Bioflavonoids, Gardenia Florida Fruit Extract, Aloe Barbadensis Leaf Extract, Hydrolyzed Gardenia Florida Extract, Brassica Oleracea Italia Extract, Glucose.;5;Clay Mask;Face Mask;membersihkan pori-pori, mengontrol minyak, mengeksfoliasi secara ringan, sekaligus membantu kurangi jerawat dan kemerahan. Efektif dan tidak mengeringkan dengan sensasi dingin menyegarkan. Mengeksfoliasi & Membersihkan, membersihkan pori-pori, mengontrol minyak, sekaligus membantu merawat kulit berjerawat. Efektif dan tidak mengeringkan dengan sensasi dingin menyegarkan. Mengangkat minyak dan kotoran, mengontrol sebum dan mengatasi komedo.  Sekaligus mengurangi jerawat dan kemerahan 
Cleansing & Soothing Clay Mask;FOCALSKIN;Rp122.060;AQUA, ISODODECANE, KAOLIN, POLYGLYCERYL-3 METHYLGLUCOSE DISTEARATE, ETHYLHEXYL PALMITATE, CETEARYL ALCOHOL, GLYCERIN, PALMITIC ACID, DIMETHICONE, MACADAMIA INTEGRIFOLIA SEED OIL, OLEA EUROPAEA FRUIT OIL, CI 77891, GLYCERYL STEARATE, STEARIC ACID, PEG-100 STEARATE, PARFUM, BUTYLENE GLYCOL, 1,2-HEXANEDIOL, MANICOUAGAN CLAY, SODIUM POLYACRYLATE, JUGLANS REGIA SHELL POWDER, XANTHAN GUM, PHENOXYETHANOL, C13-14 ISOPARAFFIN, CHLORPHENESIN, CI 77288, C11-13 ISOPARAFFIN, MADECASSOSIDE, LACTOBIONIC ACID, CARNOSINE, BISABOLOL, DIPOTASSIUM GLYCYRRHIZATE, LACTIC ACID, CENTELLA ASIATICA EXTRACT, TOCOPHERYL ACETATE, TRIDECETH-6, TREHALOSE, SILICA, PEG-8 DIMETHICONE, OPUNTIA FICUS-INDICA STEM EXTRACT, ALUMINUM HYDROXIDE, PENTYLENE GLYCOL, ZINGIBER OFFICINALE ROOT EXTRACT, TAPIOCA STARCH, PANAX GINSENG ROOT EXTRACT, DENDROBIUM CANDIDUM STEM EXTRACT, ATRACTYLOIDES MACROCEPHALA ROOT EXTRACT, PORIA COCOS SCLEROTIUM EXTRACT, ASIATICOSIDE, OCTYLDODECANOL, INULIN, HYDROGENATED LECITHIN, ASIATIC ACID, MADECASSIC ACID, POLYGLYCERYL-10 STEARATE, ALPHA-GLUCAN OLIGOSACCHARIDE, CERAMIDE 3, PHYTOSPHINGOSINE, CHOLESTEROL, PHOSPHOLIPIDS, CERAMIDE 2, CERAMIDE AS, CERAMIDE AP, CERAMIDE EOP;0;Clay Mask;Face Mask;Membersihkan komedo dari pori-pori yang tersumbat Mengontrol minyak yang berlebihan Mengangkat sel kulit mati sehingga kulit menjadi halus Membantu menghaluskan tekstur kulit Melembabkan dan menenangkan kulit yang sedang iritasi Memperkuat dan memperbaiki skin barrier Menutrisi kulit tanpa membuat kulit menjadi kering Menyembuhkan jerawat
Tea Tree Clay Mask;BREYLEE;Rp8.000;AQUA, KAOLIN, ISOHEXADECANE, GLYCERIN, BUTYLENE GLYCOL, CETEARYL ALCOHOL, STEARIC ACID, BETAINE, GLYCERYL STEARATE, PEG-100 STEARATE, POLYSORBATE 60, GENTIANA SCABRA ROOT EXTRACT, CENTELLA ASIATICA EXTRACT, HORDEUM VULGARE LEAF JUICE, SODIUM POLYACRYLOYLDIMETHYL TAURATE, POLYGLUTAMIC ACID, TOCOPHERYL ACETATE, XANTHAN GUM, 1,2-HEXANEDIOL, ETHYLHEXYLGLYCERIN, CAPRYLYL GLYCOL, O-CYMEN-5-OL, MELALEUCA ALTERNIFOLIA LEAF OIL;4.5;Clay Mask;Face Mask;membantu merawat kulit, mengontrol minyak, dan menyamarkan pori-pori.
Centella Asiatica Acne Clear Chocomint Clay Mask;NPURE;Rp75.650;Aqua, Kaolin, Glycerin, Propylene Glycol, Bentonite, Magnesium Aluminum Silicate, Caprylic/Capric Triglyceride, Sorbitan Oleate, Niacinamide, CI 77891, Xanthan Gum, Theobroma Cacao Shell Powder, Ethylhexylglycerin, Allantoin, Disodium EDTA, Vitis Vinifera Seed Oil, Brassica Oleracea Italica Extract, Centella Asiatica Leaf Extract, Mentha Piperita Leaf Extract,;5;Clay Mask;Face Mask;membersihkan kotoran yang menyumbat pori dengan tetap memberikan kelembapan yang maksimal pada kulit. membantu mencerahkan dan memberikan sensasi kesegaran. menjadikan kulit tampak lebih cerah, terasa halus, dan segar.
C-Defense Waterclay Mask;WARDAH;Rp44.400;HI-GRADE VITAMIN C, MICROCLAY PARTICLES, TRIPLE MOISTURIZING AGENT. Aqua, Kaolin, Glycerin, Bentonite, Titanium Dioxide, Trehalose, Pentylene Glycol, Microcrystalline Cellulose, Phenoxyethanol, Sodium Ascorbyl Phosphate, Chlorphenesin, Glyceryl Stearate, Cetearyl Alcohol , Cellulose Gum, Fragrance, Allantoin, Disodium EDTA, Xanthan Gum, Biosaccharide Gum-2, CI 77492.;2.8;Clay Mask;Face Mask;mencerahkan kulit, membersihkan wajah dari kotoran dan minyak berlebih, melindungi kulit dari radikal bebas, mengecilkan pori-pori, serta memberikan sensasi ringan dan nyaman saat digunakan.
Let's Clay! Licorice, Green Tea & Charcoal Clay Mask;HALE;Rp129.000;Aqua (Water), Kaolin (absorbent), Butylene Glycol (slip agent/hydration), silica (thickener/absorbent), Magnesium Aluminum Silicate (absorbent), PEG 100 stearate (emollient/cleansing agent), Glyceryl Stearate (emollient/cleansing agent), Oryza sativa hull powder (mild abrasive), Decyl Glucoside (cleansing agent), Glycerin (skin-replenisher), Licorice (Glycyrrhiza Glabra) Extract (antioxidant/skin-soother), Charcoal powder (absorbent), Lactic Acid (hydration/skin brightener), caprylyl methicone (emollient), Camellia sinensis (Green Tea) Leaf Extract (antioxidant/skin-soother), DMDM Hydantoin (preservative), Phenoxyethanol (preservative), CI 77266 (coloring agent), Tocopheryl acetate (vitamin E/hydration), Xanthan gum (thickener), Disodium EDTA (chelating agent-prevent contamination).;4;Clay Mask;Face Mask;mengangkat sel kulit mati dan membersihkan kulit dari kotoran serta polusi. mampu mengontrol produksi minyak berlebih, membersihkan pori-pori, serta mengurangi tampilan pori-pori. membantu penyerapan produk skincare lebih baik. Sebagai tambahan, mempercepat penyembuhan jerawa
Pomegranate Niacinamide Brightening Clay Mask;GLAD2GLOW;Rp28.800;AQUA, KAOLIN, GLYCERIN, CETEARYL ALCOHOL, DIPROPYLENE GLYCOL, ORYZA SATIVA (RICE) BRAN OIL, ETHYLHEXYL PALMITATE, CI 77891, POLYSORBATE 60, DIMETHICONE, LACTOBACILLUS/PUNICA GRANATUM FRUIT FERMENT EXTRACT, NIACINAMIDE, MAGNESIUM ALUMINUM SILICATE, PEG-100 STEARATE, GLYCERYL STEARATE, 1,2-HEXANEDIOL, HYDROXYACETOPHENONE, XANTHAN GUM, PEG-20 STEARATE, HYDROXYETHYL ACRYLATE/SODIUM ACRYLOYLDIMETHYL TAURATE COPOLYMER, CHLORPHENESIN, BISABOLOL, BUTYLENE GLYCOL, ALLANTOIN, POLYISOBUTENE, PENTAERYTHRITYL TETRA-DI-T-BUTYL HYDROXYHYDROCINNAMATE, ETHYLHEXYLGLYCERIN, DISODIUM EDTA, CI 77491, GENTIANA SCABRA ROOT EXTRACT, PEG-7 TRIMETHYLOLPROPANE COCONUT ETHER, AROMA, POLYSORBATE 80, PROPYLENE GLYCOL, SORBITAN ISOSTEARATE, PENTYLENE GLYCOL, LACTOBACILLUS/SOYMILK FERMENT FILTRATE, CAPRYLYL GLYCOL, PHENOXYETHANOL, SODIUM HYALURONATE, MALTODEXTRIN, SALICYLIC ACID, ACACIA SENEGAL GUM, ARTEMISIA VULGARIS EXTRACT, TOCOPHEROL, CENTELLA ASIATICA LEAF EXTRACT, ALCHEMILLA VULGARIS EXTRACT, TREHALOSE, PANICUM MILIACEUM SEED EXTRACT, SOPHORA FLAVESCENS ROOT EXTRACT, OPUNTIA FICUS-INDICA STEM EXTRACT, OPHIOPOGON JAPONICUS ROOT EXTRACT, HIBISCUS ABELMOSCHUS SEED EXTRACT, PYRUS CYDONIA SEED EXTRACT, SECALE CEREALE SEED EXTRACT, GLYCINE SOJA SEED EXTRACT, LACTOBACILLUS FERMENT, LEUCONOSTOC/RADISH ROOT FERMENT FILTRATE, CASTANEA SATIVA SEED EXTRACT, HELIANTHUS ANNUUS SEED EXTRACT;4;Clay Mask;Face Mask;Membersihkan, Mencerahkan serta Mengontrol minyak pada wajah.
Rose and Sea Buckthorn Pink Mask;KLEVERU;Rp112.900;Aqua, Kaolin, Silica, Montmorillonite (Bentonite), Illite (French Pink Clay), Butylene Glycol, Bentonite, Niacinamide, Aloe Barbadensis Leaf Extract, Glycerin, Rosa Canina Flower Extract, Decyl Glucoside, Licorice (Glycyrrhiza Glabra) Extract, Peg-100 stearate, Glyceryl Stearate, Caprylyl methicone, Lactic Acid, Hippophae rhamnoides Extract, Chlorphenesin, Ethylhexylglycerin, Tocopheryl Acetate, Rosa Damascena Flower Oil, Xanthan gum.;4.8;Clay Mask;Face Mask;Berfungsi sebagai antioksidan alami yang dapat mencerahkan kulit kusam, menyegarkan kulit wajah, melembabkan dan menghidrasi kulit, membersihkan kulit dari sisa-sisa kotoran yang menempel pada wajah, serta merawat kehalusan dan kelembutan kulit wajah
SKIN1004 Madagascar Centella Poremizing Quick Clay Stick Mask;SKIN1004;Rp165.000;Water, Kaolin(18%), Dipropylene Glycol, Glycerin, Titanium Dioxide (CI 77891), Butylene Glycol, Sodium Stearate, Centella Asiatica Extract(4.9%), 1,2-Hexanediol, Phaseolus Angularis Seed Powder, Aloe Barbadensis Leaf Extract, Cetearyl Olivate, Propanediol, Sorbitan Olivate, Dimethicone, Iron Oxides (CI 77491), Ethylhexylglycerin, Sodium Phytate, Bentonite, Illite, Mineral Salts, Montmorillonite, Calamine;4.8;Clay Mask;Face Mask;membantu menghapus kotoran dan sebum berlebih, Menenangkan kulit sensitif dan mengembalikan kekuatan alami kulit dengan merawat skin barrier, secara efektif menghilangkan kelebihan sebum yang menyumbat pori-pori, menghasilkan kulit tampak lebih lembut dan halus.
Feeling Beautiful Purifying Avocado & Oatmeal Clay Mask 175ml;FREEMAN BEAUTY;Rp55.750;Water/Aqua/Eau, Bentonite, Titanium Dioxide, Kaolin, Propylene Glycol, Colloidal Oatmeal, Tocopherol, Persea Gratissima (Avocado) Oil, Disodium EDTA, Sodium Polyacrylate, Magnesium Aluminum Silicate,Diazolidinyl Urea, Iodopropynyl Butylcarbamate,Fragrance (Parfum), Yellow 5 (CI 19140), Blue 1 (CI 42090).;3.3;Clay Mask;Face Mask;sangat efektif membersihkan kotoran dan minyak dari pori-pori. melembabkan kulit wajah sehingga kelembutan kulit tetap terjaga.
DERMIES Hello Glow by ERHA ft SOSRO BeauTEA Clay Mask;DERMIES;Rp58.240;Ekstrak Teh Asli, Niacinamide, Sea Salt, Salicylic Acid, Manuka Honey;5;Clay Mask;Face Mask;mengangkat sel-sel kulit mati, membantu merawat tekstur kulit, dan mengurangi minyak berlebih. Kulit akan terasa lebih bersih dan halus.  Masker Wajah Mengangkat Sel Kulit Mati Mencerahkan Wajah Mengencangkan Wajah
Niacinamide Bright Boost Clay Stick;SKINTIFIC;Rp82.430;AQUA, GLYCERIN, BUTYLENE GLYCOL, TITANIUM DIOXIDE, VOLCANIC SOIL, MICA, KAOLIN, NIACINAMIDE, DIGLYCERIN, ARBUTIN, SODIUM PALMITATE, BETA-GLUCAN, PANTHENOL, MINERAL SALTS, TRANEXAMIC ACID, SODIUM HYALURONATE, RHAMNOSE, JOJOBA WAX PEG-120 ESTERS, PEG-40 HYDROGENATED CASTOR OIL, CI 77491, CI 77492, MENTHYL LACTATE, CI 45380, GLYCYRRHIZA GLABRA ROOT EXTRACT, PUNICA GRANATUM FRUIT EXTRACT, HYDROXYPINACOLONE RETINOATE, PHENOXYETHANOL, CAPRYLYL GLYCOL, AROMA, ETHYLHEXYLGLYCERIN, DIMETHYL ISOSORBIDE;4.8;Clay Mask;Face Mask;mencerahkan dan meratakan warna kulit. mendapatkan kulit yang glowing, cerah dan tetap sehat.
Red Bean Refreshing Pore Mask;BEAUTY OF JOSEON;Rp218.400;Aqua, glycerin, kaolin, caprylic/capric triglyceride, 1,2-hexanediol, phaseolus angularis seed powder, hectorite, glyceryl stearate se, cetyl alcohol, cetearyl olivate, sorbitan olivate, phaseolus angularis seed extract, caprylic/capric triglyceride, pyrus communis fruit extract, ethylhexylglycerin, ci 77491, sodium acrylate/sodium acryloyldimethyl taurate copolymer, hedera helix (ivy) leaf/stem extract, polyisobutene, pyrus malus (apple) leaf extract, fragaria chiloensis (strawberry) fruit extract, pyrus malus leaf extract, sorbitan oleate, caprylyl/capryl glucoside, triethoxycaprylylsilane;4.7;Clay Mask;Face Mask;mengangkat sel kulit mati dan sebum berlebih dari kulit agar tampilan pori-pori tersamarkan dan membantu menghaluskan tekstur kulit. Wajah akan tampak lebih bersih, segar, dan halus setelah penggunaan masker ini. Mengurangi sebum berlebih dan mengeksfoliasi kulit secara ringan
Alaska Volcano Pore Clay Stick;SKINTIFIC;Rp83.980;WATER, GLYCERIN, VOLCANIC SOIL, BUTYLENE GLYCOL, MICA, DIGLYCERIN, CHARCOAL POWDER, BIFIDA FERMENT FILTRATE, SACCHAROMYCES/BARLEY SEED FERMENT FILTRATE, SACCHAROMYCES/MOTHER OF PEARL FERMENT LYSATE FILTRATE, LACTOBACILLUS FERMENT LYSATE, LACTOBACILLUS/SOYMILK FERMENT FILTRATE, LACTOBACILLUS FERMENT, SODIUM PALMITATE, CI 77492, GLYCERYL POLYMETHACRYLATE, PVM/MA COPOLYMER, PEG-40 HYDROGENATED CASTOR OIL, COLLAGEN, BETA-GLUCAN, ERYTHRITOL, GLYCOLIC ACID, CURCUMA LONGA (TURMERIC) ROOT EXTRACT, MENTHYL LACTATE, PORTULACA OLERACEA EXTRACT, VERBASCUM THAPSUS EXTRACT, CRITHMUM MARITIMUM CALLUS CULTURE FILTRATE, PINUS DENSIFLORA LEAF EXTRACT, HYDROXYPROPYL CYCLODEXTRIN, DIPROPYLENE GLYCOL, RHAMNOSE, 1,2-HEXANEDIOL.;5;Clay Mask;Face Mask;mengeksfoliasi kulit wajah menjadi lebih bersih dan bebas komedo ataupun tersumbat. menjaga skin barrier serta menyegarkan kulit. memiliki kekuatan pembersihan mendalam untuk membersihkan wajah secara maksimal. pori-pori tampak lebih mengecil, kulit bersih dan halus.
Clay Mask Sebum Control;EMINA;Rp45.500;Aqua, Kaolin, Bentonite, Butylene Glycol, Titanium Dioxide, Glycerin, Pentylene Glycol, Xanthan Gum, Isononyl Isononanoate, Allantoin, Disodium EDTA, Calendula Officinalis Flower Extract, Sodium Hyaluronate, Phenoxyethanol, Chlorphenesin, Fragrance, Ci 77492;3.5;Clay Mask;Face Mask;membantu mengurangi tampilan kulit berminyak, menjaga kulit tetap terhidrasi. Membantu mengeksfoliasi kulit mati. membantu mencerahkan kulit. Hasil akhir kulit menjadi lebih halus setelah pemakaian.
Amazonian Charcoal Glow Mask;LACOCO;Rp175.500;Water, Kaolin, Bentonite, Quartz, Butylene Glycol, Menthyl Lactate, Propylene Glycol, Prunus Amreniaca (Apricot) Seed Powder, Carbon Black, Camellia Sinensis Leaf Extract, Phenoxyethanol, Jeju Lava Seawater, Laureth-21, Deceth-7, PEG-40 Hydrogenated Castor Oil, Tetrasodium EDTA, Fragrance, Ethylhexylglycerin, Opuntia Ficus-Indica Stem Extract, PPG-26-Buteth-26, 1,2-Hexandiol, Hyaluronic Acid, Sodium Dehydroacetate ;3.3;Clay Mask;Face Mask;membantu membersihkan pori dari minyak berlebih, kotoran, dan sisa makeup. mengangkat sel kulit mati untuk membuat wajah terlihat lebih halus dan cerah. mampu merawat jerawat. wajah yang halus dan terlihat lebih berkilau dari pemakaian pertama.
Orange Blossom Clay Mask;BREYLEE;Rp8.000;AQUA, KAOLIN, ISOHEXADECANE, BUTYLENE GLYCOL, CETEARYL ALCOHOL, NIACINAMIDE, GLYCERYL STEARATE, PEG-100 STEARATE, CITRUS AURANTIUM AMARA FLOWER EXTRACT, FOMES OFFICINALIS EXTRACT, ASCORBIC ACID, GLYCYRRHIZA GLABRA ROOT EXTRACT, HYDROLYZED PRUNUS DOMESTICA, POLYSORBATE 60, BETAINE, ALPHA-ARBUTIN, 3-o-ETHYL ASCORBIC ACID, SODIUM POLYACRYLOYLDIMETHYL TAURATE, POLYGLUTAMIC ACID, TOCOPHERYL ACETATE, XANTHAN GUM, 1,2-HEXANEDIOL, ETHYLHEXYLGLYCERIN, CAPRYLYL GLYCOL;4.3;Clay Mask;Face Mask;membantu melembabkan kulit, mencegah pigmentasi kulit, dan menjadikan kulit menjadi lebih cerah.
Feeling Beautiful Deep Clearing Manuka Honey & Tea Tree Oil Clay Mask and Cleanser 175ml;FREEMAN BEAUTY;Rp55.750;Water/Aqua/Eau Bentonite Titanium Dioxide Propylene Glycol Decyl Glucoside Melaleuca Alternifolia (Tea Tree) Leaf Oil Hamamelis Virginiana (Witch Hazel) Manuka Honey Kaolin Xanthan Gum Magnesium Aluminum Silicate Cocamidopropyl Betaine Disodium EDTA Diazolidinyl Urea Methylchloroisothiazolinone Methylisothiazolinone Fragrance/Parfum;4.5;Clay Mask;Face Mask;membersihkan pori-pori dan mengontrol kadar minyak pada kulit. menutrisi kulit. memurnikan pori-pori dan mengontrol minyak. membersihkan kulit membersihkan pori-pori dan mengontrol minyak. membersihkan secara mendalam dan menyerap minyak secara instan tanpa membuat kulit menjadi terlalu kering
Real Mugwort Salicylic Acid Acne Control Clay Mask;GLAD2GLOW;Rp29.000;AQUA, KAOLIN, GLYCERIN,CETEARYL ALCOHOL, METHYLPROPANEDIOL, ORYZA SATIVA (RICE) BRAN OIL, ETHYLHEXYL PALMITATE,POLYSORBATE 60, DIMETHICONE, MAGNESIUM ALUMINOMETASILICATE, PEG-100 STEARATE, GLYCERYL STEARATE, XANTHAN GUM, PEG-20 STEARATE, BUTYLENE GLYCOL, ALLANTOIN, BAMBOO CHARCOAL, SODIUM POLYACRYLATE, ALCHEMILLA VULGARIS EXTRACT, BISABOLOL, GENTIANA SCABRA ROOT EXTRACT, LACTOBACILLUS FERMENT, TREHALOSE,SOPHORA FLAVESCENS ROOT EXTRACT, OPUNTIA FICUS-INDICA STEM EXTRACT, OPHIOPOGON JAPONICUS ROOT EXTRACT, PENTYLENE GLYCOL,TOCOPHEROL, GENTIANA SCABRA EXTRACT, SODIUM HYALURONATE, GLYCINE SOJA (SOYBEAN) SEED EXTRACT, CENTELLA ASIATICA LEAF EXTRACT, ZINGIBER OFFICINALE (GINGER) ROOT EXTRACT, SALICYLIC ACID, ARTEMISIA VULGARIS EXTRACT, MALTODEXTRIN, PYRUS CYDONIA SEED EXTRACT, HIBISCUS ABELMOSCHUS SEED EXTRACT, C18-21 ALKANE,DISODIUM EDTA, PENTAERYTHRITYL TETRA-DI-t-BUTYL HYDROXYHYDROCINNAMATE, TRIDECETH-6, TRIETHOXYCAPRYLYLSILANE, PANICUM MILIACEUM (MILLET) SEED EXTRACT, SECALE CEREALE (RYE) SEED EXTRACT, AMYLOPECTIN,DEXTRIN, HELIANTHUS ANNUUS (SUNFLOWER) SEED EXTRACT, CASTANEA SATIVA (CHESTNUT) SEED EXTRACT, CI 77891, CI 77492, CI 77288.;4.8;Clay Mask;Face Mask;mengeksfoliasi sel-sel kulit mati, mengurangi sebum, dan membersihkan pori-pori kulit. membantu menjaga kulit tetap sehat. Menenangkan Jerawat & Bruntusan -Menenangkan kemerahan -Kulit terasa bersih dan halus
BT21 Yogurt + White Tea Clay Mask – Ugh Acne;MAD FOR MAKEUP;Rp159.000;Strawberry Fruit Extract, Rose Flower Water, French Green Clay, Green Tea Leaf Extract, Apricot Seed Powder, Honey Ferment Filtrate, Peach Extract, Jojoba Oil, Aqua, Montmorillonite, Bentonite, Butylene Glycol, Glycerin, Trehalose, Aloe Barbadensis Extract, Babassu Oil Glycereth-8 Esters, Polysorbate, Glyceryl Stearate, PVP/Hexadecene Copolymer, Biosaccharide Gum-1, Centella Asiatica Extract, Kaolin, Simmondsia Chinensis (Jojoba) Oil, CI 77891, Phenoxyethanol, Ceteareth-20, Salicylic Acid, Ceteareth-12, Cetearyl Alcohol, Cetyl Palmitate, Amylopectin, Avena Sativa (Oat) Meal Extract, Camellia Sinensis (White Tea) Leaf Extract, Glycolic Acid, Lactic Acid, Spinacia Oleracea (Spinach) Extract, Dextrin, Xanthan Gum, Chlorphenesin, Yogurt Extract, Disodium EDTA, Citric Acid, Triethoxycaprylylsilane, Malic Acid.;4.5;Clay Mask;Face Mask;Menenangkan dan meredakan kemerahan atau iritasi kulit, mengeksfoliasi sel-sel kulit mati, serta menjaga hidrasi kulit.
Skinsitive Ultracalm Sheet Mask;ERHA;Rp32.480;Hyaluronic Acid, Broccoli Sprout Extract, Rice Bran Extract;4.8;Clay Mask;Face Mask;menenangkan dan melembabkan kulit wajah khususnya kulit sensitif dan mengalami iritasi ringan. membantu kulit menyerap essence secara maksimal dan membuat kulit terasa lembut dan terhidrasi.
Ground Rice and Honey Glow Mask;BEAUTY OF JOSEON;Rp280.000;Aqua, Kaolin, Propanediol, Glycerin, Honey, Dipropylene Glycol, Oryza Sativa Hull Powder, Isononyl Isononanoate, 1,2-Hexanediol, Cetyl Alcohol, Caprylic/Capric Triglyceride, Polyglyceryl-3 Methylglucose Distearate, Butylene Glycol, Glyceryl Stearate, Oryza Sativa Bran, Bentonite, Palmitic Acid, Stearic Acid, Cellulose, Behenyl Alcohol, Zea Mays Starch, Hydroxyacetophenone, Ethylhexylglycerin, Xanthan Gum, Potassium Cetyl Phosphate, Oryza Sativa Lees Extract, Polyacrylate-13, Hydrogenated Polyisobutene, Sodium Phytate, Polyglyceryl-10 Laurate, Ethylhexyl Palmitate, Sorbitan Isostearate, Oryza Sativa (Rice) Extract, Honey Extract, Menthyl Lactate;0;Clay Mask;Face Mask;mengangkat sel kulit mati dan membersihkan sisa kotoran di kulit wajah, menghidrasi kulit, meratakan tekstur kulit. secara efektif membantu mengurangi sebum berlebih. mencerahkan, antioksidan, melembapkan, merawat elastisitas kulit, scrubbing, dan memberikan efek menenangkan kulit yang teriritasi ringan.
Centella and Spirulina Green Mask;KLEVERU;Rp112.900;Aqua, Kaolin, Illite (French Green Clay), Montmorillonite (Bentonite), Silica, Bentonite, Butylene Glycol, Niacinamide, Glycerin, Aloe Barbadensis Leaf Extract, Spirulina Platensis Powder,  Centella Asiatica Extract, PEG-100 Stearate, Glyceryl Stearate, Lactic Acid, Fomes Officinalis Extract, Mentha Arvensis Leaf Extract, Caprylyl Methicone, Chlorphenesin, Ethylhexylglycerin, Tocopheryl Acetate, Allantoin, Disodium EDTA, Xanthan Gum, Pogostemon Cablin Oil, Propanediol,  Salicylic Acid, Sodium Hydroxide, Dipotassium Glycyrrhizate, Citrus Junos Seed Extract,  Citrus Unshiu Peel Extract, Actinidia Chinensis Seed Extract, Fragaria Chiloensis Fruit Extract, Vitis Vinifera Leaf Extract, Vitis Vinifera Skin Extract, Garcinia Mangostana Peel Extract;4.5;Clay Mask;Face Mask;membersihkan secara maksimal dan menyegarkan kulit wajah, merawat kulit berjerawat, menenangkan kulit yang sedang iritasi, mencerahkan kulit kusam, dan membuat wajah menjadi lebih halus dan lembut.
Volcano 3D Acid Pore Clay Stick;GLAD2GLOW;Rp34.000;AQUA,GLYCERIN,VOLCANIC SOIL,BUTYLENE GLYCOL,CI 77891,SODIUM PALMITATE,KAOLIN,MICA,CHARCOAL POWDER,CI 77499,CAPRYLOYL SALICYLIC ACID,LACTOBIONIC ACID,MANDELIC ACID,BETA-GLUCAN,JOJOBA WAX PEG-120 ESTERS,PEG-40 HYDROGENATED CASTOR OIL,AROMA,METHYL LACTATE,VERBASCUM THAPSUS EXTRACT,SACCHARIDE ISOMERATE,RHAMNOSE,PROPYLENE GLYCOL,GLYCERYL ACRYLATE/ACRYLIC ACID COPOLYMER,PVM/MA COPOLYMER,PHENOXYETHANOL,CAPRYLYL GLYCOL,ETHYLHEXYLGLYCERIN;3.8;Clay Mask;Face Mask;membersihkan dan menenangkan kulit berjerawat. membantu membersihkan tampilan pori.
Clay Mask Brightening;EMINA;Rp45.500;Ekstrak summer plum, niacinamide;5;Clay Mask;Face Mask;Membantu mengeksfoliasi kulit mati. mencerahkan kulit. Hasil akhir kulit menjadi lebih halus setelah pemakaian
Matcha Green Tea Clay Mask;TEDDY CLUBS;Rp 32.000 - Rp 82.500;Aqua, Kaolin, Glycerin, Niacinamide, Polysorbate 20, Camellia Sinensis (Matcha) Leaf Powder, Titanium Dioxide, PEG-40 Hydrogenated Castor Oil, Polyacrylamide, Glycyrrhiza Glabra (Licorice) Root Extract, Aloe Barbadensis (Aloe Vera) Leaf Juice, Butylene Glycol, Carboxymethyl Cellulose, C13-14 Isoparaffin, C9-11 Pareth-6, Alpha Arbutin, Camellia Sinensis (Green Tea) Leaf Extract, DMDM Hydantoin, Sodium Chloride, Tocopheryl Acetate, Parfum;4;Clay Mask;Face Mask;Membersihkan kotoran dari pori-pori, mencegah jerawat sekaligus memperbaiki sel kulit, serta mencerahkan wajah yang kusam. Selain itu, melembabkan kulit dengan efek menyegarkan, meredakan kemerahan atau iritasi, dan membantu menghilangkan bekas jerawat.
Mugwort Pore Clarifying Mask;WHITELAB;Rp65.490;Mugwort, Niacinamide, Green Tea Leaf, Cica;5;Clay Mask;Face Mask;Menenangkan kulit yang iritasi / meradang, Membersihkan kulit dari kotoran sehingga pori-pori akan tampak lebih kecil dan bersih, Mencerahkan kulit, Merawat kulit yang berjerawat, Melembabkan kulit - Melawan bakteri penyebab jerawat
Mugwort B3 Clay Stick;THE ORIGINOTE;Rp41.800;Water, kaolin, butylene glycol, glycerin, propylene glycol, diatomaceous earth, sodium stearate, titanium dioxide, PEG-8, VP/VA copolymer, CI 77288, silica, bamboo charcoal, CI 77492, mica, alumina, chlorphenesin, niacinamide, salicylic acid, artemisia argyi leaf extract, fragrance, menthol, centella asiatica extract, propanediol, 1,2-hexanediol, zinc pca, nymphaea caerulea flower water, lactobacillus/rice ferment, salix alba (willow) bark extract, bisabolol, propolis extract, calendula officinalis flower extract, caprylhydroxamic acid;4.8;Clay Mask;Face Mask;menenangkan dan merawat jerawat, mengurangi minyak berlebih, mengeksfoliasi wajah, membersihkan dan memberi rasa kencang pada kulit, dan membuat kulit terasa lebih kencang dan halus. meredakan masalah jerawat. menenangkan jerawat. Membantu menenangkan dan merawat jerawat, Membantu mengurangi minyak berlebih, Membantu mengeksfoliasi wajah, Membantu membersihkan dan memberi rasa kencang pada kulit, Membantu membuat kulit terasa lebih kencang dan halus
Perilla Clay Mask;BREYLEE;Rp8.000;AQUA, KAOLIN, GLYCERIN, MAGNESIUM ALUMINUM SILICATE, SODIUM LAUROAMPHOACETATE, SODIUM COCOYL GLYCINATE, METHYL PERFLUOROISOBUTYL ETHER, ETHYL PERFLUOROBUTYL ETHER, BETAINE, PERILLA OCYMOIDES LEAF EXTRACT, CANDIDA BOMBICOLA/GLUCOSE/METHYL RAPESEEDATE FERMENT, FOMES OFFICINALIS EXTRACT, POLYGLUTAMIC ACID, TOCOPHERYL ACETATE, 1,2-HEXANEDIOL, ETHYLHEXYLGLYCERIN, CAPRYLYL GLYCOL;4;Clay Mask;Face Mask;merawat kulit wajah, mengecilkan pori-pori, dan membuat kulit wajah terasa lebih lembut dan cerah
Scarlett Whitening Herbalism Mugwort Mask;SCARLETT WHITENING;Rp75.000;Mugwort Extract, Vitamin C, Glutathione, Niacinamide, Bamboo Charcoal, Allantoin, Chlorophyllin, Green Tea Powder;4;Clay Mask;Face Mask;Membantu menenangkan kulit, meningkatkan produksi kolagen, menyamarkan noda dan mencerahkan warna kulit, serta efektif membersihkan kulit, menjaga kelembapan dan kelembutan kulit, serta berperan sebagai antioksidan yang baik untuk mencegah penuaan dini.
Mugwort Acne Clay Stick;SKINTIFIC;Rp83.980;WATER, KAOLIN, BUTYLENE GLYCOL, GLYCERIN, ARTEMISIA VULGARIS (MUGWORT) EXTRACT, DIGLYCERIN, CI 77019, PEG-32, SODIUM PALMITATE, GLYCERYL POLYMETHACRY- LATE, PVM/MA COPOLYMER, CERAMIDE EOP, CERAMIDE AP, CERAMIDE NS/CERAMIDE NG, CERAMIDE AS, CERAMIDE NP, CI 77289, PHENOXYETHANOL, PEG-40 HYDROGENAT- ED CASTOR OIL, CI 77492, MENTHYL LACTATE, BETA-GLU- CAN, CURCUMA LONGA (TURMERIC) ROOT EXTRACT, VERBASCUM THAPSUS EXTRACT, NIACINAMIDE, CENTELLA ASIATICA EXTRACT, SALICYLIC ACID, PINUS DENSIFLORA LEAF EXTRACT, LACTOBACILLUS FERMENT LYSATE, SACCHARIDE ISOMERATE, HYDROXYPROPYL CYCLODEX- TRIN, DIPROPYLENE GLYCOL, RHAMNOSE, 1,2-HEXANEDIOL;5;Clay Mask;Face Mask;mengobati jerawat. mengontrol produksi minyak, membersihkan pori-pori secara mendalam, membersihkan komedo, dan menenangkan kulit yang sedang meradang. menenangkan kulit dan meredakan kemerahan, membersihkan pori dan merawat kulit berjerawat, mengontrol minyak dan menjaga skin barrier. Hasil penggunaan bruntusan berkurang, pori-pori mengecil, warna kulit lebih cerah dan merata.
Clarifying Face Mask;DJAMUJAMU;Rp148.200;Minyak Pohon Teh, Teh Hijau, Nyamplung (Tamanu), Water, Montmorillonite, Illite, Cetyl Alcohol, Glycerin, Bentonite, Glyceryl Stearate, Olea Europaea (Olive) Fruit Oil, PEG-100 Stearate, Camellia Sinensis (Green Tea) Leaf Extract, Phenoxyethanol, Chlorphenesin, Lactic Acid, VP/VA Copolymer, Melaleuca Alternifolia (Tea Tree) Oil, Xanthan Gum, Calophyllum Tacamahaca (Tamanu) Seed Oil, Curcuma Longa (Turmeric) Root Extract, Dipotassium Glycyrrhizate, Ethylhexylglycerin, Pentaerythrityl Tetra-di-t-butyl Hydroxyhydrocinnamate, Menthyl Lactate.;4.6;Clay Mask;Face Mask;membantu mengobati jerawat, mengurangi bekas luka dan bintik hitam, dan telah terbukti mencegah hiperpigmentasi. Membantu membersihkan secara mendalam & mengangkat kotoran pada kulit wajah, Secara aktif membersihkan kulit dan mengembalikan kejernihan kulit wajah, Membantu mengecilkan pori pori
Mugwort Anti Pores & Acne Clay Mask;SKINTIFIC;Rp54.950;Water, Kaolin, Butylene Glycol, Glycerin, Artemisia Vulgaris (Mugwort) Extract, Diglycerin, Ci 77019, Peg-32, Sodium Palmitate, Glyceryl Polymethacry- Late, Pvm/Ma Copolymer, Ceramide Eop, Ceramide Ap, Ceramide Ns/Ceramide Ng, Ceramide As, Ceramide Np, Ci 77289, Phenoxyethanol, Peg-40 Hydrogenat- Ed Castor Oil, Ci 77492, Menthyl Lactate, Beta-Glu- Can, Curcuma Longa (Turmeric) Root Extract, Verbascum Thapsus Extract, Niacinamide, Centella Asiatica Extract, Salicylic Acid, Pinus Densiflora Leaf Extract, Lactobacillus Ferment Lysate, Saccharide Isomerate, Hydroxypropyl Cyclodex- Trin, Dipropylene Glycol, Rhamnose, 1,2-Hexanediol;5;Clay Mask;Face Mask;mengatasi jerawat dan bruntusan, mengontrol produksi minyak, membersihkan pori-pori secara mendalam, mengurangi komedo, serta menenangkan kulit yang meradang. Membersihkan sel kulit mati, sebum, dan pori-pori tersumbat sambil menjaga kesehatan skin barrier. Setelah penggunaan, bruntusan berkurang, pori-pori tampak lebih kecil, serta warna kulit lebih cerah dan merata.
Volcano 3D Acid Pore Clay Mask;GLAD2GLOW;Rp28.900;AQUA, KAOLIN, GLYCERIN, CETEARYL ALCOHOL, DIPROPYLENE GLYCOL, CHARCOAL POWDER, ORYZA SATIVA (RICE) BRAN OIL, ETHYLHEXYL PALMITATE, MOROCCAN LAVA CLAY, POLYSORBATE 60, DIMETHICONE, CAPRYLOYL SALICYLIC ACID, LACTOBIONIC ACID, MANDELIC ACID, MAGNESIUM ALUMINUM SILICATE, PEG-100 STEARATE, GLYCERYL STEARATE, 1,2-HEXANEDIOL, HYDROXYACETOPHENONE, CARAMEL, XANTHAN GUM, PEG-20 STEARATE, HYDROXYETHYL ACRYLATE/SODIUM ACRYLOYLDIMETHYL TAURATE COPOLYMER, CHLORPHENESIN, BISABOLOL, BUTYLENE GLYCOL, ALLANTOIN, POLYISOBUTENE, ETHYLHEXYLGLYCERIN, DISODIUM EDTA, GENTIANA SCABRA ROOT EXTRACT, PEG-7 TRIMETHYLOLPROPANE COCONUT ETHER, PENTAERYTHRITYL TETRA-DI-T-BUTYL HYDROXYHYDROCINNAMATE, SORBITAN ISOSTEARATE, PENTYLENE GLYCOL, LACTOBACILLUS/SOYMILK FERMENT FILTRATE, SODIUM HYALURONATE, MALTODEXTRIN, ACACIA SENEGAL GUM, ARTEMISIA VULGARIS EXTRACT, TOCOPHEROL, CENTELLA ASIATICA LEAF EXTRACT, ALCHEMILLA VULGARIS EXTRACT, TREHALOSE, PANICUM MILIACEUM SEED EXTRACT, SOPHORA FLAVESCENS ROOT EXTRACT, OPUNTIA FICUS-INDICA STEM EXTRACT, OPHIOPOGON JAPONICUS ROOT EXTRACT, HIBISCUS ABELMOSCHUS SEED EXTRACT, PYRUS CYDONIA SEED EXTRACT, SECALE CEREALE SEED EXTRACT, GLYCINE SOJA (SOYBEAN) SEED EXTRACT, LACTOBACILLUS FERMENT, CASTANEA SATIVA SEED EXTRACT, HELIANTHUS ANNUUS SEED EXTRACT, CI 77891.;4.3;Clay Mask;Face Mask;Membersihkan pori secara mendalam dan lembut, Mengeksfoliasi kulit wajah, Menjaga skin barrier, Menjadikan kulit lebih halus & bersih
Feeling Beautiful Clearing Sweet Tea & Lemon Peel-Off Clay Mask 175ml;FREEMAN BEAUTY;Rp55.750;Polyvinyl Alcohol, SD Alcohol 40-B, Peg -8, Propylene Glycol, Glycerin, Silica Dimethyl Silylate, Bentonite, Chamomilla Recutita (Matricaria) Flower Oil, Glycyrrhiza Glabra (Licorice) Root Extract, Camellia Sinensis Leaf Extract, Rosa Canina Fruit Extract, Citrus Medica Limonum (Lemon) Extract, Melaleuca Alternifolia (Tea Tree) Leaf Oil, Azadirachta Indica (Neem) Seed Oil, Salix Alba (Willow) Bark Extract, Musa Sapientum (Banana) Fruit Extract, Cocos Nucifera (Coconut)Extract, Zingiber Officinale (Ginger) Root Extract, Psidium Guajava Fruit Extract, Cymbopogon Schoenanthus Extract, Carica Papaya (Papaya) Fruit Extract, Maranta Arundinacea Root Extract, Rubus Idaeus (Raspberry) Fruit Extract, Santalum Album (Sandalwood) Extract, Macrocystis Pyrifera Extract, Nasturtium Officinale Extract, Aleurites Moluccana Extract, Titanium Dioxide, Polysorbate 20, Methylchloroisothiazolinone, Methylisothiazolinone, Fragrance(Parfum), Iron Oxides, PEG-12 Dimethicone.;3.5;Clay Mask;Face Mask;membersihkan, menyerap minyak dan memberikan toning secara menyeluruh. melindungi kulit dari kerusakan akibat radikal bebas dan efektif untuk memudarkan bintik-bintik hitam agar kulit tampak lebih cerah dan segar.
Acne-care Clay Mask;FOCALSKIN;Rp9.600;AQUA, GLYCERIN, KAOLIN, BETAINE, CAPRYLIC/CAPRIC TRIGLYCERIDE, DIMETHICONE, HECTORITE, ISOPENTYLDIOL, C14-22 ALCOHOLS, CETEARYL ALCOHOL, HYDROGENATED POLYDECENE, TITANIUM DIOXIDE, BUTYLENE GLYCOL, CETEARYL OLIVATE, 1,2-HEXANEDIOL, POTASSIUM CETYL PHOSPHATE, POLYGLYCERYL-2 OLEATE, HYDROXYACETOPHENONE, SORBITAN OLIVATE, C12-20 ALKYL GLUCOSIDE, MANICOUAGAN CLAY, POLYACRYLAMIDE, C13-14 ISOPARAFFIN, BISABOLOL, HYDROXYETHYLPIPERAZINE ETHANE SULFONIC ACID, ALLANTOIN, XANTHAN GUM, PARFUM, CITRIC ACID, SODIUM COCOYL GLYCINATE, DISODIUM EDTA, LAURETH-7, TRIETHOXYCAPRYLYLSILANE, CHARCOAL POWDER, 10-HYDROXYDECANOIC ACID, ZINGIBER OFFICINALE (GINGER) ROOT EXTRACT, MELALEUCA ALTERNIFOLIA LEAF WATER, SODIUM HYALURONATE, POLYSORBATE 20, OCTYLDODECANOL, RETINOL, SALICYLIC ACID, NIACINAMIDE, HYDROGENATED LECITHIN, POLYSORBATE 60, BHT, CERAMIDE NP, CHOLESTEROL, PHENOXYETHANOL, ETHYLHEXYLGLYCERIN, DEXTRIN;3.5;Clay Mask;Face Mask;Membersihkan komedo dari pori-pori yang tersumbat Mengontrol minyak yang berlebihan Mengangkat sel kulit mati sehingga kulit menjadi halus Membantu menghaluskan tekstur kulit Melembabkan dan menenangkan kulit yang sedang iritasi Memperkuat dan memperbaiki skin barrier Menutrisi kulit tanpa membuat kulit menjadi kering Merawat  jerawat
Clay Mask Soothe & Smooth;EMINA;Rp45.500;Canadian Willowherb, Bisabolol;4.8;Clay Mask;Face Mask;Membuat kulit lebih halus serta memberikan efek menenangkan ke kulit wajah. bantu eksfoliasi kulit mati, Hasil akhir kulit menjadi lebih halus setelah pemakaian, membantu menenangkan kulit wajah.
Nature Daily Tea Tree Oil Control Clay Capsule Mask;WARDAH;Rp22.200;Aqua, Kaolin, Bentonite, PVP, Titanium Dioxide, Glycerin, Mineral Oil (Paraffinum Liquidum), Cellulose Gum, Polysorbate 60, Sodium Lauryl Sulfate, DMDM Hydantoin, Citric Acid, Melaleuca Alternifolia (Tea Tree) Leaf Oil, Fragrance, Disodium EDTA, Epilob;4.8;Clay Mask;Face Mask;menyerap minyak dan membersihkan pori.
