name;brand;price;ingredients;rating;sub-category;category;benefit
YADAH Green Tea Pure Cleansing Balm II;YADAH;Rp306.850;Olea Europaea Fruit Oil, Cetyl Ethylhexanoate, Ethylhexyl Palmitate, Caprylic/Capric Triglyceride, PEG-20 Glyceryl Triisostearate, Polyethylene, Helianthus Annuus (Sunflower) Seed Oil, 1,2-Hexanediol, Aqua, Butylene Glycol, Camellia Sinensis Leaf Powder, Citrus Limon Peel Oil, Citrus Medica Vulgaris Peel Oil, Citrus Grandis Peel Oil, Citrus Aurantium Dulcis Oil, Citrus Nobilis Peel Oil, Lavandula Angustifolia Oil, Eucalyptus Globulus Leaf Oil, Rosmarinus Officinalis (Rosemary) Leaf Oil, Tocopherol, Citrus Aurantium Flower Oil, Simmondsia Chinensis Seed Oil.;0;Cleansing Balm;Cleanser;mengangkat kotoran, debu, makeup pada wajah setelah seharian beraktivitas, menjaga kulit agar tetap lembap setelah membersihkan wajah.
Butter Be Gone: Cleansing Balm;ROSE ALL DAY;Rp109.850;ETHYLHEXYL PALMITATE, TRIDECYL TRIMELLITATE, ISONONYL ISONONANOATE, CETYL ETHYLHEXANOATE, PEG-20 GLYCERYL TRIISOSTEARATE, POLYETHYLENE, MICROCRYSTALLINE WAX, SORBITAN OLIVATE, PRUNUS AMYGDALUS DULCIS (SWEET ALMOND) OIL, EUPHORBIA CERIFERA (CANDELILLA) WAX, PHENOXYETHANOL, ETHYLHEXYLGLYCERIN, TOCOPHEROL, VITIS VINIFERA SEED OIL, ROSA RUBIGINOSA SEED OIL, CAMELLIA OLEIFERA SEED OIL, TOCOPHERYL ACETATE;4.3;Cleansing Balm;Cleanser;Membersihkan makeup & mengangkat kotoran secara totalitas dari dalam pori-pori tanpa meninggalkan residu atau rasa perih
Acne Butter Cleansing Balm;SEA MAKEUP;Rp 55.200 - Rp 118.450;Ethylhexyl palmitate, Tridecyl isononanoate, Cetyl ethylhexanoate, Peg-12 diisostearate, Polyethylene, Peg-20 glyceryl triisostearate, Phenoxyethanol, Tocopheryl acetate, Caprylyl glycol, Melaleuca alternifolia (tea tree) leaf oil, Parfum, Centella asiatica extract, Salicylic acid;5;Cleansing Balm;Cleanser;menghapus makeup waterproof tanpa terasa perih di mata, yang membersihkan secara menyeluruh, memiliki efek untuk membantu dalam penyembuhan kulit yang berjerawat
Purifying Barrier Ice Cream Cleansing Balm;SKINTIFIC;Rp93.080;ETHYLHEXYL PALMITATE, CAPRYLIC/CAPRIC TRIGLYCERIDE, PEG-20 GLYCERYL TRIISOSTEARATE, SYNTHETIC WAX, BUTYLENE GLYCOL, CERA MICROCRISTALLINA, FRAGARIA CHILOENSIS (STRAWBERRY) FRUIT EXTRACT, EUTERPE OLERACEA (ACAI) FRUIT EXTRACT, RUBUS FRUTICOSUS (BLACKBERRY) FRUIT EXTRACT, CENTELLA ASIATICA EXTRACT, CERAMIDE NP, CERAMIDE EOP, CERAMIDE NS/CERAMIDE NG, CERAMIDE AS, CERAMIDE AP, ASCORBIC ACID, TOCOPHEROL, HYDROGENATED LECITHIN, CYCLODEXTRIN, GLYCERIN, ETHYLHEXYLGLYCERIN, WATER;4.3;Cleansing Balm;Cleanser;membersihkan secara mendalam dan mengurangi tampilan komedo (effortless), meluruhkan makeup waterproof dan kotoran dengan cepat, tidak meninggalkan residu setelah pembilasan, menjadikan kulit halus, lembap, tidak kering setelah pemakaian, serta menjaga barrier kulit tetap sehat
Biome Barrier Collagen Firming Cleansing Balm 100 ml;UIQ;Rp332.100;Cetyl Ethylhexanoate, Caprylic/Capric Triglyceride, Polyethylene, PEG-10 Isostearate, PEG-20 Glyceryl Triisostearate, Sorbeth-30 Tetraoleate, Sorbitan Sesquioleate, Glyceryl Caprylate, Cutibacterium Avidum Ferment Extract Filtrate, Ethylhexylglycerin, Aqua, Protease, 1,2-Hexanediol, Butylene Glycol, Propanediol, Panthenol, Glyceryl Glucoside, Fructan, Lactobacillus Ferment Lysate, Canavalia Gladiata Seed Extract, Ceratonia Siliqua Seed Extract, Glycerin, Glycine Soja (Soybean) Seed Extract, Lens Esculenta (Lentil) Seed Extract, Phaseolus Radiatus Seed Extract, Pueraria Lobata Root Extract, Hydrolyzed Collagen, Pantolactone, Capryloyl Salicylic Acid.;5;Cleansing Balm;Cleanser;membersihkan makeup yang tebal yang sulit dibersihkan dengan facial wash saja, serta mengangkat debu dan minyak berlebih pada wajah. membantu menjaga kekuatan skin barrier. membantu merawat elatisitas kulit
Melt My Day! Cleansing Balm;NUTRISHE;Rp146.500;Ethylhexyl Palmitate, Caprylic/Capric Triglyceride, Beeswax (Cera alba), Isononyl Isononanoate, Glyceryl Stearate, PEG-100 Stearate, Meadowfoam (Limnanthes alba) seed oil, Phenoxyethanol, PEG-7 Caprylic/Capric Glycerides, Squalane, Shea Butter (Butyrospermum parkii) extract, Tocopherol, Sunflower (Helianthus annuus) seed oil, Jojoba (Simmondsia chinensis) seed oil, Centella asiatica extract, BHT, Glycerin, Aqua, Butylene Glycol, 1,2-hexanediol, Opuntia ficus indica stem extract.;5;Cleansing Balm;Cleanser;membersihkan make-up serta kotoran pada wajah, menjaga kelembapan kulit, menenangkan dan non-comedogenic.
Bare With Me Cleansing Balm;BUTTONSCARVES BEAUTY;Rp145.000;Ethylhexyl Palmitate, Cetyl Ethylhexanoate, Sorbeth-30 Tetraoleate, Polyethylene, Helianthus Annuus (Sunflower) Seed Oil, Tocopheryl Acetate, Trihydroxystearin, Fragrance(Parfum), Butyrospermum Parkii (Shea) Butter, Lavandula Angustifolia (Lavender) Oil, Citrus Aurantium Dulcis (Orange) Oil, Melaleuca Alternifolia (Tea Tree) Leaf Oil, Citrus Aurantium Bergamia (Bergamot) Fruit Oil, Pelargonium Graveolens Flower Oil, Eucalyptus Globulus Leaf Oil.;2.8;Cleansing Balm;Cleanser;membersihkan sisa makeup dan kotoran dengan ampuh, menghasilkan wajah yang bersih dan sehat
Meltaway Balm Blueberry;DEAR ME BEAUTY;Rp122.180;Ethylhexyl Palmitate, Tridecyl Isononanoate, Cetyl Ethylhexanoate, Peg-12 Diisostearate, Polyethylene, Peg-20 Glyceryl Triisostearate, Water, Phenoxyethanol, Vaccinium Angustifolium (Blueberry) Fruit Extract, Tocopheryl Acetate, Butylene Glycol, Caprylyl Glycol, Fragrance, Scutellaria Baicalensis Root Extract, Sophora Angustifolia Root Extract, Glycyrrhiza Inflata Root Extract, Sodium Hyaluronate, Ci 17200, Ci 42090;5;Cleansing Balm;Cleanser;menghilangkan sisa kotoran dan noda riasan
Pure Fit Cica Smoothing Cleanser Balm;COSRX;Rp195.000;Ethylhexyl Palmitate, Sorbeth-30 Tetraoleate, Caprylic/Capric Triglyceride, Polyethylene, Lavandula Angustifolia (Lavender) Oil, Helianthus Annuus (Sunflower) Seed Oil, Eucalyptus Globulus Leaf Oil, Caprylyl Glycol, Ethylhexylglycerin, Anthemis Nobilis Flower Oil, Avena Sativa (Oat) Kernel Oil, Butyrospermum Parkii (Shea) Butter, Cocos Nucifera (Coconut) Oil, Olea Europaea (Olive) Fruit Oil, Oenothera Biennis (Evening Primrose) Oil, Persea Gratissima (Avocado) Oil, Prunus Amygdalus Dulcis (Sweet Almond) Oil, Simmondsia Chinensis (Jojoba) Seed Oil, Water, 1,2-Hexanediol, Centella Asiatica Extract, Centella Asiatica Leaf Extract, Centella Asiatica Root Extract, Pinus Pinaster Bark Extract, Asiaticoside, Asiatic Acid, Madecassoside, Madecassic Acid;4.5;Cleansing Balm;Cleanser;membersihkan kotoran dan sisa make-up di kulit wajah secara menyeluruh tanpa membuat rasa kering dan ketarik, menenangkan kulit sensitif dan mempertahankan kelembapan kulit, secara lembut dan ringan membersihkan wajah
YOU Gentle Clean! Deep Cleansing Balm-Cocomelt;YOU BEAUTY;Rp99.500;Centella Asiatica Extract, Jojoba Seed Oil, Natural Coconut Oil, Olive Fruit Oil, Meadowfoam Seed Oil, Sunflower Seed Oil, Vitamin E & B5;4;Cleansing Balm;Cleanser;menutrisi, meleleh lembut di kulit, mengangkat makeup, sisa kotoran dan sebum berlebih tanpa meninggalkan residu.
All Clean Balm Mandarin;HEIMISH;Rp198.000;Shea Butter,Citrus Herb Oil,Coconut Extract,Butylene glycol carica papaya,Citrus Aurantium Amara (Bitter Orange)   ;4;Cleansing Balm;Cleanser;menghapus makeup secara menyeluruh, bahkan waterproof makeup sekalipun
All Clean Balm;HEIMISH;Rp198.000;Ethylhexyl Palmitate, Cetyl Ethylhexanoate, PEG-20 Glyceryl Triisostearate, Polyethylene, PEG-8Isostearate, Shea Butter, Donkey milk, Coconut palm Extract, Iris nertschinskia Extract, Freesia Refracta Extract, Tilia Tomentosa Extract, Jasminum Officinale (Jasmine) Extract, Lilium Tigrinum Extract, Noble White Extract, Nelumbium Speciosum Flower Extract, Narcissus Pseudo-Narcissus Flower Extract, Rose Extract, Citrus Aurantium Dulcis (Orange) Peel Oil, Lavender Oil, Pelargonium Graveolens Flower Oil, Amyris Balsamifera Bark Oil, Citrus paradisi (Grapefruit) peel oil, Eucalyptus globulus leaf oil, MelaleucaAlernifolia Leaf Oil, Boswellia Carterii Oil, Citrus Aurantium Bergamia (Bergamot) Fruit Oil, Tocopheryl Acetate, 1,2-Hexanediol;5;Cleansing Balm;Cleanser;Pembersih Serba Guna untuk makeup waterproof, kotoran, dan komedo, Tidak Mengiritasi Mata,  
Squalane Multi-Action Cleansing Balm;OASEA LABORATORIES;Rp170.100;Ethylhexyl Palmitate, Hydrogenated Styrene/Isoprene Copolymer, Neopentyl Glycol Dicaprate, Triethylhexanoin, Dextrin Palmitate, Polyethylene, Laureth-4, Peg-8 Glyceryl Isostearate, Helianthus Annuus (Sunflower) Seed Oil, Squalane, Phenoxyethanol, Tocopherol, Centella Asiatica Extract, Sodium Acetylated Hyaluronate;5;Cleansing Balm;Cleanser;membersihkan riasan dan kotoran pada wajah secara mudah, menghidrasi, menenangkan, melindungi, dan memberi nutrisi pada kulit wajah, membuat kulit terasa lembut dan kenyal.
Meltaway Balm Peach;DEAR ME BEAUTY;Rp122.180;Ethylhexyl Palmitate, Tridecyl Isononanoate, Cetyl Ethylhexanoate, Peg-12 Diisostearate, Polyethylene, Peg-20 Glyceryl Triisostearate, Tocopheryl Acetate, Phenoxyethanol, Caprylyl Glycol, Parfum;4.5;Cleansing Balm;Cleanser;membersihkan kotoran, residu sunscreen, dan makeup
Zero Oil Cleansing Balm;SKINTIFIC;Rp87.920;AQUA, PEG-7 GLYCERYL COCOATE, GLYCERIN, ISONONYL ISONONANOATE, COCO-CAPRYLATE/CAPRATE, C13-16 ISOPARAFFIN, SODIUM CARBOMER, POLYGLYCERYL-10 LAURATE, POLYGLYCERYL-10 MYRISTATE, CETRARIA ISLANDICA EXTRACT, HYDROXYACETOPHENONE, POLYGLYCERYL-6 DICAPRATE, ALGAE EXTRACT, DISODIUM EDTA, ETHYLHEXYLGLYCERIN, MALTODEXTRIN, LECITHIN, XANTHAN GUM, PHENOXYETHANOL, SODIUM BENZOATE, POTASSIUM SORBATE, AROMA.;5;Cleansing Balm;Cleanser;membersihkan kulit wajah dari makeup waterproof dan non waterproof, membantu menenangkan dan menyegarkan kulit
Fig Cleansing Balm;I'M FROM;Rp474.050;Cetyl Ethylhexanoate, Polyethylene, Synthetic Wax, Ficus carica (fig) Fruit Extract, Peg-10 Isostearate, Peg-20 Glyceryl Triisostearate, Caprylic/Capric Triglyceride, Fragrance, Sorbitan Sesquioleate, Caprylyl Glycol, Ethylhexylglycerin, Moringa Oleifera Seed Oil, Curcuma longa (turmeric) Root Extrac, Melia Azadirachta Flower Extract, Melia Azadirachta Leaf extract, Melia Azadirachta Bark Extract, Corallina Officinalis Extract, Ocimum Sanctum Leaf Extract;4.3;Cleansing Balm;Cleanser;membersihkan semua kotoran dari kulit dan mengangkat komedo dengan lembut tanpa meninggalkan rasa kering di wajah, memberi kelembaban penuh pada kulit setelah kulit dibersihkan
Radiance Cleansing Balm;BEAUTY OF JOSEON;Rp210.600;Cetyl Ethylhexanoate, Caprylic/Capric Triglyceride, Peg-20 Glyceryl Triisostearate, Synthetic Wax, Peg-10 Isostearate, Sorbitan Sesquioleate, Caprylyl Glycol, Hippophae Rhamnoides Oil, Ethylhexylglycerin, Oryza Sativa (Rice) Bran Oil, Oryza Sativa Seed Water, Aqua, Avena Sativa Meal Extract, Coix Lacryma-Jobi Ma-Yuen Seed Extract,Oryza Sativa (Rice) Extract, Glycerin, Propanediol, 1,2-Hexanediol, Lactobacillus/Soybean Ferment Extract, Butylene Glycol;5;Cleansing Balm;Cleanser;mengangkat kotoran, minyak, dan makeup dari wajah. Dapat digunakan pada area mata untuk membersihkan mascara dan eyeliner karena tidak terasa pedih di mata. kelembapan kulit tetap terjaga setelah dibersihkan. menjaga kekencangan kulit dan mencerahkan kulit
2 Layer Effortless Cleansing Balm;TRUE TO SKIN;Rp103.200;ETHYLHEXYL PALMITATE, ISOTRIDECYL ISONONANOATE, CETYL ETHYLHEXANOATE, PEG-12 DIISOSTEARATE, POLYETHYLENE, PEG-20 GLYCERYL TRIISOSTEARATE, PARFUM, WATER, PHENOXYETHANOL, VACCINIUM ANGUSTIFOLIUM (BLUEBERRY) FRUIT EXTRACT, TOCOPHERYL ACETATE, BUTYLENE GLYCOL, CAPRYLYL GLYCOL, CENTELLA ASIATICA EXTRACT, ARTEMISIA VULGARIS EXTRACT, SAMBUCUS NIGRA FRUIT EXTRACT, CITRULLUS VULGARIS (WATERMELON) FRUIT EXTRACT;5;Cleansing Balm;Cleanser;mengangkat semua kotoran termasuk water-proof make up tanpa meninggalkan residu atau terasa greasy. Kulit menjadi bersih, lembut dan kenyal setelah pemakaian.
Deep Clear Cleansing Balm;PYUNKANG YUL;Rp168.000;Helianthus Annuus (Sunflower) Seed Oil, Macadamia Ternifolia Seed Oil, Camellia Sinensis Seed Oil, Centella Asiatica Extract, Glycyrrhiza Glabra (Licorice) Root Extract, Solanum Melongena (Eggplant) Fruit Extract, Melaleuca Alternifolia (Tea Tree) Extract, Houttuynia Cordata Extract, Panthenol, Ceramide NP, Hyaluronic Acid, Oryza Sative (Rice) Bran Oil;0;Cleansing Balm;Cleanser;membersihkan makeup dan kotoran di wajah secara praktis dan efektif. mengurangi minyak berlebih di wajah, menenangkan, melembabkan, serta mengangkat kotoran dari wajah secara lembut agar kulit tampak lebih bersih dan halus.
Melte Balm Cleansing Balm;ROCEO;Rp108.420;Citrus Tangerine, Grape Seed, Calendula, Sweet Almond;5;Cleansing Balm;Cleanser;Membersihkan dan mengangkat make-up, kotoran dan residu dalam hitungan detik, Efektif membuat kulit terasa bersih, halus & glowing sejak pemakaian pertama, mencerahkan wajah.
Acne Care Meltaway Balm;DEAR ME BEAUTY;Rp122.180;Activated Charcoal, 10X BHA (Salicylic Acid), AHA (Glycolic Acid, Mandelic Acid, Malic Acid), PHA (Lactobionic Acid), LHA (Caprlyol Saliyclic Acid), Willow Bark Extract, Centella Asiatica (Cica) + Hyaluronic Acid;3.8;Cleansing Balm;Cleanser;Mengangkat makeup biasa, makeup waterproof, hingga sunscreen pada wajah secara menyeluruh sampai ke pori-pori dengan gentle, Membantu perawatan kulit berjerawat, Membantu menenangkan kulit kemerahan, Memperkecil tampilan pori-pori, Mengeksfoliasi kulit dengan lembut, Membantu memberi kelembapan, Dermatologically tested, Aman untuk bumil dan busui serta dapat digunakan anak-anak mulai umur 9 tahun, Memiliki aroma relaxing
All Clean Balm Mandarin 50 ml;HEIMISH;Rp108.000;Shea Butter, Citrus Herb Oil,Coconut Extract,Butylene glycol carica papaya,Citrus Aurantium Amara (Bitter Orange);0;Cleansing Balm;Cleanser;menghapus makeup secara menyeluruh, bahkan waterproof makeup sekalipun
Biome Barrier Collagen Firming Cleansing Balm 10 ml;UIQ;Rp71.200;Cetyl Ethylhexanoate, Caprylic/Capric Triglyceride, Polyethylene, PEG-10 Isostearate, PEG-20 Glyceryl Triisostearate, Sorbeth-30 Tetraoleate, Sorbitan Sesquioleate, Glyceryl Caprylate, Cutibacterium Avidum Ferment Extract Filtrate, Ethylhexylglycerin, Aqua, Protease, 1,2-Hexanediol, Butylene Glycol, Propanediol, Panthenol, Glyceryl Glucoside, Fructan, Lactobacillus Ferment Lysate, Canavalia Gladiata Seed Extract, Ceratonia Siliqua Seed Extract, Glycerin, Glycine Soja (Soybean) Seed Extract, Lens Esculenta (Lentil) Seed Extract, Phaseolus Radiatus Seed Extract, Pueraria Lobata Root Extract, Hydrolyzed Collagen, Pantolactone, Capryloyl Salicylic Acid.;0;Cleansing Balm;Cleanser;membersihkan makeup yang tebal yang sulit dibersihkan dengan facial wash saja, serta mengangkat debu dan minyak berlebih pada wajah. membantu menjaga kekuatan skin barrier. membantu merawat elatisitas kulit
Acnederm Pore Blackhead Balm;WARDAH;Rp43.000;Mineral Oil, PEG-20 Glyceryl Triisostearate, Polyethylene, Salicylic Acid, Phenoxyethanol, Caprylyl Glycol, Melaleuca Alternifolia Leaf Oil, Silica, Tocopheryl Acetate;4.3;Cleansing Balm;Cleanser;Bantu mengurangi blackhead/komedo di wajah, Bantu rawat kulit yang berjerawat, Bantu menyerap minyak berlebih di pori-pori kulit, Bantu melembabkan kulit, Kulit terasa halus dan lembut, Tekstur Balm yang lembut dengan formula nyaman di kulit.
