name;brand;price;ingredients;rating;sub-category;category;benefit
Low pH Good Morning Cleanser;COSRX;Rp 55.200 - Rp 124.000;Water, Cocamidopropyl Betaine, Sodium Lauroyl Methyl Isethionate, Sodium Chloride, Polysorbate 20, Styrax Japonicus Branch/Fruit/Leaf Extract, Butylene Glycol, Saccharomyces Ferment, Cryptomeria Japonica Leaf Extract, Nelumbo Nucifera Leaf Extract, Pinus Palustris Leaf Extract, Ulmus Davidiana Root Extract, Oenothera Biennis (Evening Primrose) Flower Extract, Pueraria Lobata Root Extract, Melaleuca Alternifolia (Tea Tree) Leaf Oil, Allantoin, Caprylyl Glycol, Ethylhexylglycerin, Betaine Salicylate, Citric Acid, Ethyl Hexanediol, 1,2-Hexanediol, Trisodium Ethylenediamine Disuccinate, Sodium Benzoate, Disodium EDTA;5;Cleansing Gel;Cleanser;membersihkan kulit sensitif, menenangkan, mengeksfoliasi, melembapkan sekaligus membersihkan kulit wajah,  mengangkat sel-sel kulit mati dan minyak berlebih yang muncul selama tidur sehingga wajah menjadi bersih dan segar.
pH Balancing Bubble Free Cleansing Gel;ACWELL;Rp180.200;Water, PEG-7 Glyceryl Cocoate, Dipropylene, Glycol, Glycerin, Water, Glycerin, Sorbitol, Butylene Glycol, Water, PEG-10 Methyl Ether Dimethicone, Ammonium Acryloyldimethyltaurate/Beheneth-25 Methacrylate Crosspolymer, Caprylyl Glycol, Ethylhexylglycerin, Chlorphenesin, Sodium Carbomer, 1,2-Hexanediol, Caprylyl Glycol, Citric Acid, Disodium EDTA, Water, Butylene Glycol, Glycerin, Sambucus Nigra Flower Extract, Water, 1,2-Hexanediol, Sodium Hyaluronate, Hyaluronic Acid, Hydrolyzed Hyaluronic Acid, Hydrolyzed Sodium Hyaluronate, Hydroxypropyltrimonium Hyaluronate, Potassium Hyaluronate, Sodium Hyaluronate Crosspolymer, Pentylene Glycol;4.8;Cleansing Gel;Cleanser;menenangkan kulit yang teriritasi dan sensitif sekaligus membersihkan kotoran dari pori-pori secara mendalam.  membantu memberikan efek kecerahan kulit dengan menghilangkan noda dan bintik hitam. menenangkan kulit yang teriritasi dan mendorong kekuatan dan daya tahannya, menambah kelembapan agar tetap lembab. Menyeimbangkan PH.
Water Bank Blue Hyaluronic Cleansing Gel;LANEIGE;Rp292.500;WATER / AQUA / EAU, GLYCERIN, CAPRYLYL/CAPRYL GLUCOSIDE, LAURYL GLUCOSIDE, LAURYL BETAINE, PROPANEDIOL, DISODIUM COCOYL GLUTAMATE, XANTHAN GUM, CITRIC ACID, FRAGRANCE / PARFUM, SODIUM METHYL COCOYL TAURATE, POTASSIUM COCOYL GLYCINATE, 1,2-HEXANEDIOL, SODIUM CHLORIDE, DISODIUM EDTA, ETHYLHEXYLGLYCERIN, HYDROLYZED HYALURONIC ACID, ARGININE, ASPARTIC ACID, GLUTAMIC ACID, TETRASODIUM EDTA, TOCOPHEROL, UNDARIA PINNATIFIDA EXTRACT;5;Cleansing Gel;Cleanser;mengangkat minyak berlebih, melembapkan, membersihkan riasan ringan serta kotoran di wajah
Sensitive Cleansing Gel;SUKIN;Rp125.300;Water (Aqua), Cocamidopropyl Betaine, Sodium Lauroyl Methyl Isethionate, Bromelain, Terminalia Ferdinandiana Fruit Extract (Kakadu Plum), Squalane, Ananas Sativus (Pineapple) Fruit Extract, Carica Papaya (Papaya) Fruit Extract, Mangifera Indica (Mango) Fruit Extract, Carthamus Tinctorius (Safflower) Extract, Mangifera Indica (Mango) Seed Butter, Glyceryl Stearate, Glycerin, Glucose, Tetrasodium Glutamate Diacetate, Polyquaternium-10, Citric Acid, Phenoxyethanol, Benzyl Alcohol, Sodium Benzoate, Potassium Sorbate, Fragrance (Parfum), Limonene Natural Fragrance, Component of Natural Fragrance;5;Cleansing Gel;Cleanser;Membersihkan kulit dari debu dan minyak berlebih secara lembut tanpa membuat kulit kering/ kehilangan minyak alaminya, menenangkan
Miracle Bio Water Soothing Cleanser;BIO-ESSENCE;Rp110.000;Aqua/Water, Sodium Laureth Sulfate, Cocamidopropyl Betaine, Sodium Methyl Cocoyl Taurate, Glycerin, Palm Kernelamide DEA, Propylene Glycol, Limonia Acidissima Extract, Glycyrrhiza Glabra (Licorice) Root Extract, Hamamelis Virginiana (Witch Hazel) Extract, Epilobium Angustifolium Extract, Candida Bombicola/Glucose/Methyl Rapeseedate Ferment, Triclosan, PEG-90 Glyceryl Isostearate, Laureth-2, Fragrance;4.3;Cleansing Gel;Cleanser;membersihkan kulit hingga kedalam pori tanpa membuat kulit kering atau terasa seperti ditarik. Membantu mengurangi sebum pada wajah dan menjaga wajah tetap terhidrasi dan segar.
Ultra Gentle Creamy Cleanser;NEUTROGENA;Rp171.600;Water, Glycerin, Cetearyl Alcohol, Polyglyceryl-10 Laurate, Phenoxyethanol, Cetearyl Glucoside, Caprylyl Glycol, Carbomer, Sodium Hydroxide, Ethylhexylglycerin;4.8;Cleansing Gel;Cleanser;membersihkan dengan lembut di kulit dan bantu menjaga kelembapan kulit, sehingga kulit tetap kenyal. Formula yang lembut, dapat membersihkan tanpa meninggalkan residu yang bisa menyumbat pori.
Rose Biome Gentle Cleanser;ROSE ALL DAY;Rp 39.000 - Rp 74.250;Water, Glycerin, Coco-Betaine, Betaine, Xanthan Gum, Sodium Chloride, Allantoin, Coco-Glucoside,Glyceryl Caprylate, Caprylyl Glycol, Decyl Glucoside, Sodium Cocoyl Isethionate, Sodium Phytate, Citric Acid, 1,2-Hexanediol, Quillaja Saponaria Bark Extract, Squalane, Rosa Damascena Flower Water, Butylene Glycol,Tremella Fuciformis (Mushroom) Extract,Pentylene Glycol, Octanediol,Alpha-Glucan Oligosaccharide, Ethylhexylglycerin, Polymnia Sonchifolia Root Juice, Maltodextrin, Lactobacillus;5;Cleansing Gel;Cleanser;membantu menjaga skin barrier, membersihkan sampai pori-pori terdalam tanpa membuat kulit terasa kering.
Bioderma Sensibio Gel Moussant - Foaming Gel Cleanser;BIODERMA;Rp 142.500 - Rp 244.000;AQUA/WATER/EAU, SODIUM COCOAMPHOACETATE, PROPANEDIOL, SODIUM LAUROYL SARCOSINATE, CITRIC ACID, COCO-GLUCOSIDE, GLYCERYL OLEATE, SODIUM CITRATE, PEG-90 GLYCERYL ISOSTEARATE, MANNITOL, XYLITOL, LAURETH-2, RHAMNOSE, FRUCTOOLIGOSACCHARIDES, TOCOPHEROL, HYDROGENATED PALM GLYCERIDES CITRATE, LECITHIN, ASCORBYL PALMITATE. [BI 722];4.8;Cleansing Gel;Cleanser;Pembersih wajah yang melembabkan & lembut di kulit, Meningkatkan hidrasi kulit hingga 13%, Menenangkan iritasi kulit hingga 86%
Revitalift Crystal Deep Purifying Cleansing Gel;LOREAL PARIS;Rp87.700;Aqua / water, Sodium laureth sulfate, Glycerin, Decyl glucoside, Coco-betaine, Salicylic acid, Sodium chloride, Linalool, Zinc gluconate, Sodium hydroxide, Limonene, Citric acid, Tetrasodium glutamate diacetate, Capryloyl salicylic acid, Benzyl salicylate, Benzyl alcohol, Peg-150 pentaerythrityl tetrastearate, Ppg-5-ceteth-20, Parfum / fragrance.;4.5;Cleansing Gel;Cleanser;membersihkan pori dan minyak berlebih, sehingga pori tidak tersumbat, melarutkan minyak berlebih dan mengangkat sel kulit mati untuk kulit terasa halus, menghilangkan kotoran dan minyak berlebih tanpa membuat kulit terasa kering, 
Glo Rad+ Hassle Free Cleanser Amino Fusion ProCleanser;EMINA;Rp63.600;Aqua, PEG-7 Glyceryl Cocoate, Glycerin, Propanediol, Hydroxyethyl Acrylate/Sodium Acryloyldimethyl Taurate Copolymer, Dipropylene Glycol, 1,2-Hexanediol, Niacinamide, C13-15 Alkane, Beta-Glucan, Saccharide Isomerate, Ferulic Acid, Panthenol, Phytosteryl/Octyldodecyl Lauroyl Glutamate, Sodium PCA, PCA, Glutamic Acid, Arginine, Glycine, Alanine, Serine, Lysine HCL, Threonine, Proline, Gluconolactone, Glycyrrhiza Glabra (Licorice) Root Extract, Allantoin, Tocopheryl Acetate, Betaine, Sodium Lactate, Lecithin, Phenoxyethanol, Butylene Glycol, Ethylhexylglycerin, Hydroxyethylcellulose, Laurdimonium Hydroxypropyl Hydrolyzed Soy Protein, PEG-35 Castor Oil, Trideceth-9, PEG-40 Hydrogenated Castor Oil, Chlorphenesin, Disodium EDTA, Polysorbate 20, Caprylhydroxamic Acid, Pentylene Glycol, Sodium Hydroxide, Caprylyl Glycol, Citric Acid, Sodium Citrate, Propylene Glycol, CI 17200.;3;Cleansing Gel;Cleanser;membersihkan makeup dengan ringan, mudah, dan efektif, memberikan kelembapan selama 72 jam tanpa memberikan efek kencang dan tertarik pada kulit serta meningkatkan natural skin barrier kulit, dengan pH Balance formula. 
Sea Buckthorn Cleansing Gel;KLEVERU;Rp70.560;Aqua, Potassium Cocoyl Hydrolyzed Oat Protein, Glycerin, Cocamidopropyl Betaine, Potassium Cocoyl Glycinate, PEG-120 Methyl Glucose Dioleate, Butylene Glycol, Hippophae Rhamnoides Extract, Xanthan Gum, Houttuynia Cordata Extract, Sodium PCA, Licorice (Glycyrrhiza Glabra) Extract, Chlorphenesin, Allantoin, Disodium EDTA, Capsicum Annuum Extract, Daucus Carota Extract, Panthenol;4.8;Cleansing Gel;Cleanser;membersihkan secara sempurna, mencerahkan dengan antioksidan alami tanpa membuat kulit kering dan dehidrasi.
Mild Skin Balancing Vegan Cleanser;D'ALBA;Rp300.000;Water, Glycerin, Disodium Cocoamphodiacetate, Coco-glucoside, Lauryl Glucoside, Sodium Chloride, TEA-Cocoyl Glutamate, Acrylates/C10-30 Alkyl Acrylate Crosspolymer, Centella Asiatica Extract, Butylene Glycol, Citric Acid, Chlorphenesin, Melaleuca Alternifolia (Tea Tree) Extract, Lavandula Angustifolia Oil, Linalool, Ethylhexylglycerin, Tuber Magnatum Extract, Xanthan Gum, Carica Papaya (Papaya) Fruit Extract, Pyrus Malus Fruit Extract, Prunus Mume Fruit Extract, Vitis Vinifera Fruit Extract, 1,2-Hexanediol, Panthenol, Melia Azadirachta Leaf Extract, Saccharide Isomerate, Butylene Glycol, Melia Azadirachta Flower Extract, Geraniol, Limonene, Caramel, Asiaticoside, Asiatic Acid, Madecassoside, Zinc Oxide, Ceramide Np, Myristic Acid, Stearic Acid, Sodium Citrate, Citric Acid, Palmitic Acid, Arachidic Acid, Myristic Acid, Lauric Acid, Palmitic Acid, Oleic Acid;5;Cleansing Gel;Cleanser;mencegah munculnya bakteri yang dapat menimbulkan masalah kulit. mengangkat sel-sel kulit mati dan membersihkan pori-pori tanpa membuat kulit menjadi kering. membersihkan wajah dengan aman tanpa mengiritasi kulit. mencegah penuaan dini dan dapat menyamarkan kerutan dan garis-garis halus pada wajah.
Pure Active Sensitive Gel;GARNIER;Rp38.900;Aqua, Sodium Laureth Sulfate, PEG-8, Sodium Chloride, Alcohol, Caprylyl Glycol, Citric Acid, Hamamelis Virginiana Water, Hexylene Glycol, Maltodextrin, PEG-120 Methyl Glucose Dioleate, Phenoxyethanol, Salicylic Acid, Willow Bark Extract, Sodium Benzoate, Sodium Hydroxide, Zinc PCA, Parfum.;4.8;Cleansing Gel;Cleanser;Dapat membersihkan dengan lembut, dan mengurangi minyak berlebih, tampilan jerawat, dan kemerahan pada wajah. Membantu memudarkan noda-noda di wajah tanpa membuat kulit menjadi kering serta menenangkan dan menyegarkan kulit sensitif.
In France Maison Soir No. 09 Cleansing Gel;JMELLA;Rp94.400;Aqua, Sodium Laureth Sulfate, Sodium Chloride, Cocamidopropyl Betaine, Glycerin, Acrylates/C10-30 Alkyl Acrylate Crosspolymer, Arginine, Salicylic Acid (Skin Conditioning), Dipropylene Glycol, Disodium Cocoamphodiacetate, Sodium Sulfate, PEG-7 Glyceryl Cocoate, Laureth-2, Hydroxyacetophenone, Chlorphenesin, Sodium Hydroxide, Caprylyl Glycol, Parfum, Sodium Benzoate, Ethylhexylglycerin, Allantoin, Hexylene Glycol, Disodium EDTA, Stearic Acid, Lauric Acid, Erythritol, Gluconolactone, Capryloyl Salicylic Acid, Dipotassium Glycyrrhizate, Butylene Glycol, Helianthus Annuus (Sunflower) Seed Oil, Candida Bombicola/Glucose/Methyl Rapeseedate Ferment, 1,2-Hexanediol, Citric Acid, Caprylic/Capric Triglyceride, Centella Asiatica Leaf Extract, Hydrogenated Phosphatidylcholine, Undaria Pinnatifida Extract, Sargassum Fusiforme Extract, Sargassum Fulvellum Extract, Macrocystis Pyrifera (Kelp) Extract, Laminaria Japonica Extract, Himanthalia Elongata Extract, Fucus Vesiculosus Extract, Sucrose Stearate, Sodium Hyaluronate, Melaleuca Alternifolia Leaf Extract, Melaleuca Alternifolia (Tea Tree) Extract, Kunzea Ericoides Leaf Extract, Centella Asiatica Extract, Hexyl Laurate, Cetearyl Alcohol, Phenoxyethanol, Palmitic Acid, Ceramide NP, Saccharomyces Polypeptides, Hydrolyzed Sodium Hyaluronate, Hydrolyzed Hyaluronic Acid, Glycine Max Polypeptide, Valine, Tyrosine, Threonine, Serine, Proline, Phenylalanine, Methionine, Lysine, Leucine, Isoleucine, Histidine, Glycine, Glutamic Acid, Cysteine, Aspartic Acid, Alanine, Viscum Album Extract, Poncirus Trifoliata Fruit Extract, Morus Bombycis Extract, Inula Britannica Flower Extract, Forsythia Suspensa Fruit Extract, Sodium Acetylated Hyaluronate, Madecassoside, Madecassic Acid, Lactobacillus Ferment, Hydroxypropyltrimonium Hyaluronate, Glycosphingolipids, Cholesterol, Aspergillus Ferment, Asiaticoside, Asiatic Acid, Dimethylsilanol Hyaluronate, Sodium Hyaluronate Crosspolymer, Hyaluronic Acid, Pentylene Glycol, Palmitoyl Tripeptide-5, Palmitoyl Tripeptide-1, Palmitoyl Pentapeptide-4, Copper Tripeptide-1, Acetyl Tetrapeptide-5, Acetyl Hexapeptide-8, Potassium Hyaluronate, Palmitoyl Tetrapeptide-7.;4.9;Cleansing Gel;Cleanser;merawat kulit wajah berjerawat (acne prone skin) dengan aroma khas warm-wood. Mampu membersihkan sisa kotoran pada wajah dan mengangkat sel kulit mati teratas pada kulit dengan lembut, mempertahankan kelembapan kulit wajah.
Bio Essence - Bio Water B5 SOOTHING CLEANSER GEL;BIO-ESSENCE;Rp140.000;Water, Sodium Laureth Sulfate, Cocamidopropyl Betaine, Sodium Methyl Cocoyl Taurate, Glycerin, PEG-90 Glyceryl Isostearate, Laureth-2, PEG-7 Glyceryl Cocoate, Cocamide Methyl MEA, C12-15 Pareth-12, Propanediol, Hydroxyacetophenone, Panthenol, Candida Bombicola/Glucose/Methyl Rapeseedate Ferment, Glycyrrhiza Glabra (Licorice) Root Extract, Hamamelis Virginiana (Witch Hazel) Bark/Leaf/Twig Extract, Epilobium Angustifolium Flower/Leaf/Stem Extract, Niacinamide, Euglena Gracilis Extract, Tocopherol, Biosaccharide Gum-4, Fragrance, o-Cymen-5-ol, Citric Acid, Disodium EDTA, Ethylhexylglycerin, CI 42090.;3.8;Cleansing Gel;Cleanser;membantu menenangkan kulit wajah, menjaganya  tetap lembab, segar dan terhidrasi. menenangkan kulit, membantu menjaga kulit tetap terhidrasi dan segar meski di cuaca panas maupun lembap, membantu mengangkat debu, minyak, dan kotoran dari dalam kulit tanpa meninggalkan rasa kering
Vitamin C + 8X NMF Amino Radiant Charge Gel Cleanser;WARDAH;Rp96.500;Aqua, Glycerin, Disodium Cocoyl Glutamate, Propylene Glycol, Sodium Lauroyl Sarcosinate, Acrylates Copolymer, Sodium PCA, PEG-8, Cocamidopropyl Betaine, Citric Acid, Sodium Benzoate, Panthenol, Sodium Chloride, Chlorphenesin, Glyceryl Polyacrylate, Sodium Hydroxide, Glycyrrhiza Glabra (Licorice) Root Extract, Disodium EDTA, Fragrance, Betaine, Pentylene Glycol, Beta-Glucan, Sodium Lactate, PCA, Caprylyl Glycol, Serine, Alanine, Glycine, Sodium Ascorbyl Phosphate, Glutamic Acid, Lysine HCL, Threonine, Arginine, Proline.;0;Cleansing Gel;Cleanser;membantu mencerahkan kulit yang kusam dan lelah, Kulit terasa halus dan lembab setelah digunakan. Membersihkan wajah
Cica Dream Gentle Cleanser;DORSKIN;Rp90.440;Aqua, Glycerin, Cocamide DEA, Cocamidopropyl Betaine, Sodium Chloride, Xanthan Gum, Propylene Glycol, Caprylyl Glycol, Disodium EDTA, Citric Acid, Parfum, Centella Asiatica Extract, Hamamelis Virginiana Water, Zinc PCA, Glycyrrhiza Glabra Root Extract, 1,2-Hexanediol, Camellia Sinensis Leaf Extract, Salicylic Acid, PEG-40 Hydrogenated Castor Oil, Cocamidopropyl Dimethylamine, Milk Lipids, Pentylene Glycol, Ceramide NP, Disodium phosphate, Lactic Acid, Phytosphingosine, Sodium Hyaluronate, Polysorbate 80, Ethylhexylglycerin, BHT, Tocopheryl Acetate, Anthemis Nobilis Flower Extract, Ascorbic Acid, Beeswax, Benzalkonium Chloride, Butyrospermum Parkii (Shea Butter), Fucus Vesiculosus Extract, Isomerized Safflower Acid, Kaolin, Maltodextrin, Palmitic Acid, Palmitoyl Tripeptide-5, Silica, Zinc Sulfate, Benzoic Acid, Chlorhexidine Digluconate, Potassium Sorbate, Sodium Benzoate, Phenoxyethanol;0;Cleansing Gel;Cleanser;membersihkan pori-pori secara menyeluruh, namun tetap menjaga kelembapan kulit kamu. memiliki efek oil control di wajah yang berminyak, tapi tetap lembap dikulit yang kering.
Winter Melon Cleanser;COCOON;Rp80.000;Water/Aqua, Potassium Laureth Phosphate, Cocamidopropyl Betaine, Acrylates/Steareth-20 Methacrylate Copolymer, Sodium Cocoyl Glycinate, Cocoyl Methyl Glucamide, PEG-7-Glyceryl Cocoate, Glycerin, Benincasa Cerifera Fruit Extract, Salicylic Acid, Niacinamide, Panthenol, Centella Asiatica Extract , Betaine, Propanediol, Butylene Glycol, PEG-120 Methyl Glucose Dioleate, Molasses, Glycereth-26, Sodium Lactate, Sodium Hydroxide, Polysorbate 20, Melaleuca Alternifolia Leaf Oil, Rosmarinus Officinalis Leaf Oil, Lavandula Angustifolia Flower Oil, Allantoin, Ethylhexylglycerin, Phenoxyethanol, Xanthan gum, Menthyl Lactate, Trisodium Ethylenediamine Disuccinate;5;Cleansing Gel;Cleanser;mengangkat kotoran, minyak berlebih, membantu melawan penyebab jerawat serta mempertahankan kelembapan alami kulit setelah cuci muka.
Panthenol Gentle Gel Cleanser;SKINTIFIC;Rp83.400;AQUA, POTASSIUM COCOYL GLYCINATE, PANTHENOL, POTASSIUM COCOATE, ACRYLATES/STEARETH-20 METHACRYLATE CROSSPOLYMER, SODIUM LAUROAMPHOACETATE, CENTELLA ASIATICA EXTRACT, GLYCERIN, DECYL GLUCOSIDE, CERAMIDE NP, CERAMIDE NS/CERAMIDE NG, CERAMIDE AS, CERAMIDE EOP, CERAMIDE AP, SODIUM POLYASPARTATE, BUTYLENE GLYCOL, 1,2-HEXANEDIOL, PENTYLENE GLYCOL, PROPANEDIOL, METHYL DIISOPROPYL PROPIONAMIDE, ETHYL MENTHANE CARBOXAMIDE, MENTHYL LACTATE, HYDROXYPROPYLCELLULOSE, ISOPROPYL PALMITATE, TREHALOSE, SERINE, ALGIN, CAPRYLYL GLYCOL, SODIUM HYALURONATE, PULLULAN, DISODIUM PHOSPHATE, POTASSIUM PHOSPHATE, HYDROGENATED LECITHIN, POLYGLYCERYL-10 STEARATE, ETHYLHEXYLGLYCERIN;4;Cleansing Gel;Cleanser;Kulit Bersih & Terasa Segar Terhidrasi, Membantu menenangkan kulit, Menyegarkan & melembabkan kulit
Heartleaf + 8X NMF Amino Calm & Soothe Gel Cleanser;WARDAH;Rp96.500;Aqua, Glycerin, Cocamidopropyl Betaine, Propanediol, Hydroxypropyl Bis-Hydroxyethyldimonium Chloride, Sodium Methyl Cocoyl Taurate, Sodium benzoate, Panthenol, Trehalose, Acrylates/C10-30 Alkyl Acrylate Crosspolymer, Xanthan Gum, Sodium Chloride, Saccharide Isomerate, Allantoin, Polyquaternium-39, Chlorphenesin, Glyceryl Polyacrylate, Potassium Hydroxide, Disodium EDTA, Butylene Glycol, Betaine, Sodium PCA, Citric Acid, Sodium Citrate, Sodium Lactate, PCA, Houttuynia Cordata Extract, Serine, Alanine, Glycine, Glutamic Acid, Lysine HCL, Threonine, Arginine, Pentylene Glycol, Beta-Glucan, Caprylyl Glycol, Proline.;0;Cleansing Gel;Cleanser;meredakan iritasi dan kemerahan serta 8 jenis asam amino yang dapat menghidrasi kulit lebih dalam. membersihkan kulit anda dengan lembut untuk menenangkan dan melembabkan kulit kering tanpa meninggalkan rasa kering ketarik.
Mugwort Gel Cleanser;I'M FROM;Rp314.100;Artemisia Princeps Extract(60%), Water, Sodium C14-16 Olefin Sulfonate, Lauryl Hydroxysultaine, Glycerin, 1,2-Hexanediol, Acrylates/C10-30 Alkyl Acrylate Crosspolymer, Caprylyl Glycol, Sodium Methyl Cocoyl Taurate, Sodium Chloride, Tromethamine, Hexadecene, Tetradecene, Sodium Sulfate, Artemisia Vulgaris Oil, Melia Azadirachta Leaf Extract, Melia Azadirachta Flower Extract, Ocimum Sanctum Leaf Extract, Disodium EDTA, Curcuma Longa (Turmeric) Root Extract, Dextrin, Theobroma Cacao (Cocoa) Extract, Corallina Officinalis Extract;5;Cleansing Gel;Cleanser;membersihkan kulit wajah secara mendalam hingga pori-pori tanpa menimbulkan rasa iritasi. menenangkan dan melembapakan kulit ketika membersihkan kulit dari sisa make up dan suncreen
Bio Treasure Korea Bamboo Acne Treatment Gel Cleanser;BIO-ESSENCE;Rp81.000;Water, Ammonium Lauryl Sulfate, Melia Azadirachta Leaf Extra, Sodium Cocoyl, Alaninate, Cocamidopropyl Betaine, Acrylates/C10-30 Alkyl Acrylate Crosspolymer, Butylene Glycol, Peg-8, Lactic Acid, Niacinamide, Euglena Gracilis Extract, Tocopherol, Phyllostachis Bambusoides Juice, Sodium Hydroxide, Glycerin, Fragrance Methylhexyglycerin, Phenoxyethanol, Methylchloroisothiazolinone, Methylisothiazolinone;4;Cleansing Gel;Cleanser;membantu untuk merawat kulit wajah berjerawat tanpa membuat iritasi.
KEANA Baking Soda Cleansing Gel;KEANA NADESHIKO;Rp209.000;Water, Dipropylene Glycol, PEG-7 Glyceryl Cocoate, PEG-20 Glyceryl Isostearate, PEG-20 Glyceryl Triisostearate, Phenoxyethanol, Carbomer, Potassium Hydroxide, Glycosyl Trehalose, Hydrogenated Starch Hydrolysate, Glycol Distearate, Onsen-Sui, Dipoptassium Glycyrrhizate, Fragrance, Tocopherol, Butylene Glycol, Acrylates/C10-30 Alkyl Acrylate Crosspolymer, Sodium Bicarbonate, Cucumis Sativus (Cucumber) Fruit Extract;5;Cleansing Gel;Cleanser;melembutkan sel kulit mati dan membersihkan komedo sampai ke dalam pori-pori, sekaligus membersihkan riasan.
Sukin Brightening Radiance Gel Cleanser 125ml Pump;SUKIN;Rp195.000;Water (Aqua), Cocamidopropyl Betaine, Sodium Lauroyl Methyl Isethionate, Bromelain, Terminalia Ferdinandiana Fruit Extract (Kakadu Plum), Squalane, Ananas Sativus (Pineapple) Fruit Extract, Carica Papaya (Papaya) Fruit Extract, Mangifera Indica (Mango) Fruit Extract, Carthamus Tinctorius (Safflower) Extract, Mangifera Indica (Mango) Seed Butter, Glyceryl Stearate, Glycerin, Glucose, Tetrasodium Glutamate Diacetate, Polyquaternium-10, Citric Acid, Phenoxyethanol, Benzyl Alcohol, Sodium Benzoate, Potassium Sorbate, Fragrance (Parfum), Limonene, Natural Fragrance, Component of Natural Fragrance;4.7;Cleansing Gel;Cleanser;Membersihkan kotoran, polusi, sel kulit mati dan sisa makeup tanpa meninggalkan rasa kering/ kesat
Glowing Apricot Face Cleanser;ST. IVES;Rp102.000;Water(Aqua), Cocamidopropyl Betaine, Dipropylene Glycol, Hydroxypropyl Methylcellulose, Panthenol, Sodium Chloride, C12-14 Pareth-12, Phenoxyethanol, Disodium EDTA, Ethylhexylglycerin, Tocopheryl Acetate, Propanediol, Prunus Armeniaca Fruit Extract, Red 33, (Ci 17200) Yellow 5 (Ci 19140), Fragrance (Parfum), Linalool, Limonene, Benzyl Salicylate, Hexyl Cinnamal, Geraniol;5;Cleansing Gel;Cleanser;menghilangkan debu, minyak, dan kotoran dari permukaan kulit wajah agar terlihat lembap dan bercahaya
Bioderma Sebium Gel Moussant - Oil Rebalancing Foaming Gel Cleanser;BIODERMA;Rp 142.500 - Rp 244.000;AQUA/WATER/EAU, SODIUM COCOAMPHOACETATE, SODIUM LAURETH SULFATE, METHYLPROPANEDIOL, DISODIUM EDTA, MANNITOL, XYLITOL, RHAMNOSE, FRUCTOOLIGOSACCHARIDES, ZINC SULFATE, COPPER SULFATE, GINKGO BILOBA LEAF EXTRACT, PEG-90 GLYCERYL ISOSTEARATE, LACTIC ACID, LAURETH-2, POTASSIUM SORBATE, SODIUM CHLORIDE, PROPYLENE GLYCOL, SODIUM HYDROXIDE, FRAGRANCE (PARFUM).;4.8;Cleansing Gel;Cleanser;Pembersih wajah yang dapat mengurangi minyak berlebih tanpa membuat kulit kering, Minyak berlebih berkurang hingga 68%, Jerawat berkurang hingga 23%
Noni Probiotics Cleanse Me Softly Gel Cleanser;NPURE;Rp 35.000 - Rp 69.000;Morinda Citrifolia Fruit Extract, Probiotics 9 Complex, Chamomile Extract, Bisabolol, Betaine, Allantoin, Quillaja Saponaria Bark Extract, Ceramide NP, Mild Surfactants.;5;Cleansing Gel;Cleanser;membersihkan kulit wajah dari debu dan kotoran tanpa mengganggu keutuhan barrier kulit, sehingga dapat menjaga barrier kulit tetap sehat.
Balanced Gel Cleanser;TULUS;Rp 79.000 - Rp 159.000;Water, Glycerin, Coco-Betaine, Xanthan Gum, Sodium Chloride, Coco-Glucoside, Glyceryl Caprylate, Caprylyl Glycol, Decyl Glucoside, Betaine, Butylene Glycol, Sodium Cocoyl Isethionate, Disodium EDTA, Panthenol, 1,2-Hexanediol, Anthemis Nobilis Flower Extract, Citric Acid, Quillaja Saponaria Bark Extract, Allantoin, Caffeine, Camellia Sinensis Leaf Extract, Sodium PCA, Propylene Glycol, Avena Sativa (Oat) Kernel Extract, Phenoxyethanol, Prunus Amygdalus Dulcis (Sweet Almond) Seed Extract, Ethylhexylglycerin.;5;Cleansing Gel;Cleanser;memiliki kandungan ph yang seimbang, tidak mengikis saat membersihkan riasan wajah, kotoran, dan minyak untuk hasil wajah yang berseri dan cerah. menghidrasi dan menyegarkan kulit sembari membersihkan kotoran yang menyumbat pori-pori tanpa mengurangi kelembaban kulit.
All Day Vitamin Clean & Mild Facial Cleanser;JUMISO;Rp250.000;Water, Cocamidopropyl Betaine, Acrylates Copolymer, Glycerin, 1,2-Hexanediol, Ascorbic Acid, Salicylic Acid, Chlorhexidine Digluconate, Citrus Paradisi Peel Oil, Coptis Japonica Root Extract, Hippophae Rhamnoides Extract, Brassica Campestris Extract, Honey Extract, Citrus Unshiu Peel Extract, Daucus Carota Sativa Root Extract, Acrylates/C10-30 Alkyl Acrylate Crosspolymer, Tromethamine.;0;Cleansing Gel;Cleanser;menjaga kondisi kulit yang sehat. membersihkan sebum di dalam pori-pori serta merawat dan mencerahkan kulit.
Sekkisei Clear Wellness Cleansing Gel;KOSE;Rp303.400;Job's Tears Seed Extract,Mugwort Extract, Botanical Exfoliators, Alpinia speciosa leaf extract, Peony extract, Noni juice, Glycerin.;4.8;Cleansing Gel;Cleanser;efektif mengangkat makeup, kotoran, dan sel kulit mati tanpa gesekan berlebih. Dilengkapi dengan bahan alami yang memperkuat skin barrier dan melindungi kulit dari iritasi serta faktor lingkungan.
3X Acid Acne Gel Cleanser;SKINTIFIC;Rp82.430;AQUA, POTASSIUM COCOYL GLYCINATE, HYDROGENATED STARCH HYDROLYSATE, ACRYLATES/STEARETH-20 METHACRYLATE CROSSPOLYMER, POTASSIUM COCOATE, SODIUM LAUROAMPHOACETATE, LAURYL HYDROXYSULTAINE, PHENOXYETHANOL, ERYTHRITOL, BETAINE, CAPRYLYL GLYCOL, C12-13 ALKETH-9, PARFUM, POTASSIUM HYDROXIDE, SODIUM CHLORIDE, DISODIUM EDTA, GLYCOSYL TREHALOSE, DIPROPYLENE GLYCOL, QUATERNIUM-73, CARAMEL, HYDROXYACETOPHENONE, SALICYLIC ACID, ALLANTOIN, LACTOBIONIC ACID, LACTIC ACID, BUTYLENE GLYCOL, HYDROXYPROPYL CYCLODEXTRIN, CI 19140, CENTELLA ASIATICA EXTRACT, 1,2-HEXANEDIOL, CI 42100, ETHYLHEXYLGLYCERIN.;5;Cleansing Gel;Cleanser;mencegah timbulnya jerawat, membantu mengangkat minyak berlebih, dan menjaga kelembaban kulit wajah.
R�ve de Miel Face and Body Ultra-Rich Cleansing Gel;NUXE;Rp493.000;Aqua, Glycerin, Sodium Cocoamphoacetate, Sodium Lauroyl Sarcosinate, Lauryl Glucoside, Honey, Sunflower Seed Oil PEG-8 Esters, Sodium Cocoyl Glutamate, Sodium Lauryl Glucose Carboxylate, Acrylates/C10-30 Alkyl Acrylate Crosspolymer, Phenoxyethanol, Gluconolactone, Sodium Hydroxide, Coco-Glucoside, Glyceryl Oleate, Citric Acid, Allantoin, Sodium Benzoate, Tetrasodium Glutamate Diacetate, 1,2-Hexanediol, Caprylyl Glycol, Caramel, Calcium Gluconate, Tropolone, Hydrogenated Palm Glycerides Citrate, Tocopherol.;5;Cleansing Gel;Cleanser;Membersihkan tanpa mengeringkan kulit wajah dan tubuh. Menutrisi dan memperbaiki kulit yang rusak. Menjaga kelembapan kulit, cocok untuk kulit kering dan sensitif. Aman untuk penggunaan sehari-hari, karena tidak mengandung sabun. Memberikan pengalaman mandi yang mewah dengan aroma madu yang menyenangkan.
