name;brand;price;ingredients;rating;sub-category;category;benefit
Precious Skin Thailand Blink Bright Complex Eye Lifting And Firming Gel;PRECIOUS SKIN;Rp118.400;AQUA, BUTYLENE GLYCOL, ALOEBARBADENSIS LEAF JUICE, CENTELLA ASIATICA EXTRACT, CUCUMIS SATIVUS FRUIT EXTRACT, PHENOXYETHANOL, CARBOMER, METHYLPARABEN, XANTHAN GUM, TRIETHANOLAMINE, DISODIUM EDTA, SODIUM HYALURONATE, NIACINAMIDE TOCOPHERYL ACETATE, CAPRYLYL GLYCOL, HYDROLYZED COLLAGEN, ACETHL TETRAPEPTIDE-5, METHYLSILANOL MANNURONATE, SORBIC ACID;5;Eye Cream;Eye Care;Mengurangi kerutan, mengangkat dan mengencangkan, mengurangi flek hitam agar tampak memudar. Siap menambah kelembapan agar terlihat sehat.
Retinol Eye Cream;VOTRE PEAU;Rp115.500;Aqua, Butylene Glycol, Dicaprylyl Carbonate, Betaine, Trehalose, Cetearyl Alcohol, Tocopheryl Acetate, Cyclomethicone, Ascorbyl Glucoside, Cetyl Alcohol, Phenoxyethanol, Dimethicone, Panthenol, Arginine, Hydroxyacetophenone, Sodium Citrate, Potassium Hydroxide, Hydroxyethylcellulose, Hydrogenated Retinol, Disodium EDTA, O-Cymen-5-Ol, Sodium Hyaluronate, Sodium Metabisulfite, Kappaphycus Alvarezii Extract;5;Eye Cream;Eye Care;mengurangi permasalahan di area mata seperti mengurangi kerutan, mengurangi kantung mata dengan membantu mengkoreksi warna kehitaman bawah mata. Dan, memberikan warna natural diarea mata.
Intensive Treatment Eye Serum;LACOCO;Rp161.100;Water, Butylene Glycol, Glycerin, Palmitoyl Hexapeptide-12, Triethanolamine, Carbomer, Pyrus Malus (Apple) Fruit Extract, Phenoxyethanol, Aloe Barbadensis Leaf Juice, Polyglutamic Acid, Ethylhexylglycerin, Tetrasodium EDTA, Fragrance;4.5;Eye Cream;Eye Care;mengurangi kerutan halus dan mencegah tanda penuaan. menghilangkan garis-garis halus serta mencegah keriput. menstimulasi produksi kolagen pada kulit untuk mendapatkan kulit yang kenyal, dan menjaga kelembaban kulit sekitar mata. berfungsi sebagai anti oksidan dan membantu mengurangi tampilan mata lelah.
BASE Smooth Solar Shield Eye Cream SPF 45 PA+++ 15g;BASE;Rp120.930;Aqua, Glycerin, Octocrylene, C15-19 Alkane, Dicaprylyl carbonate, Phenylbenzimidazole Sulfonic Acid, Saccharomyces/Xylinum/Black Tea Ferment, Caprylic/Capric Triglyceride,Diethylamino Hydroxybenzoyl Hexyl Benzoate, Diisopropyl Adipate, Nylon 6/12, Cetearyl Olivate, Triethanolamine, Propanediol, Sodium Stearoyl Glutamate, Sorbitan Olivate, Zinc Oxide, Glyceryl Stearate, PEG-100 Stearate, Butylene Glycol, Methylene Bis-Benzotriazolyl Tetramethylbutylphenol, Lactobacillus/Punica Granatum Fruit Ferment Extract, Ammonium Acryloyldimethyltaurate/VP Copolymer, Hydroxyacetophenone, Silica, Propylene glycol, Decyl glucoside, BHT, Caffeine, Disodium EDTA, Hydroxyethylcellulose, Leuconostoc/Radish Root Ferment Filtrate, Sodium Dilauramidoglutamide Lysine, O-Cymen-5-ol, Xanthan Gum, Magnesium Chloride, Aloe Barbadensis Leaf Extract;4.3;Eye Cream;Eye Care;membantu menutrisi sekaligus melindungi kulit terhadap efek buruk dari sinar matahari. proteksi UV dan perawatan mata. mencerahkan dan menyamarkan lingkaran hitam, sekaligus mengurangi tampilan kantung mata. mata lelah menjadi tampak lebih segar, membantu mengurangi kerutan hingga 10% dalam waktu 8 minggu.  membantu mengurangi 16.2% kerutan setelah 14 hari dan mencerahkan lingkaran hitam setelah 30 hari. membantu mengurangi tampilan kantung mata sebanyak 0.4 cm setelah 3 jam penggunaan.
Berry Peptide Brightening Eye Cream;GLAD2GLOW;Rp88.118;AQUA,GLYCERIN,DIMETHICONE,METHYLPROPANEDIOL,COCO-CAPRYLATE/CAPRATE,MARIS AQUA,CYCLOPENTASILOXANE,CETYL ALCOHOL,OCTYLDODECANOL,GLYCERYL STEARATE,NIACINAMIDE,CYCLOHEXASILOXANE,HYDROXYACETOPHENONE,1,2-HEXANEDIOL,METHYL HYDROGENATED ROSINATE,AMMONIUM ACRYLOYLDIMETHYLTAURATE/VP COPOLYMER,PEG-75 STEARATE,TOCOPHERYL ACETATE,STEARETH-20,CETETH-20,BUTYLENE GLYCOL,BISABOLOL,PENTYLENE GLYCOL,LACTOBACILLUS/SOYMILK FERMENT FILTRATE,GENTIANA SCABRA ROOT EXTRACT,HYDROXYPHENYL PROPAMIDOBENZOIC ACID,CAFFEINE,SODIUM HYALURONATE,PALMITOYL PENTAPEPTIDE-4,TOCOPHEROL,CERAMIDE EOP,CERAMIDE AP,CERAMIDE NS/CERAMIDE NG,CERAMIDE AS,ACETYL TETRAPEPTIDE-5,DIPEPTIDE DIAMINOBUTYROYL BENZYLAMIDE DIACETATE,CHONDRUS CRISPUS EXTRACT,SMITHSONITE EXTRACT,PEUMUS BOLDUS LEAF EXTRACT,MORINGA OLEIFERA SEED EXTRACT,ZEA MAYS (CORN) KERNEL EXTRACT,PALMARIA PALMATA EXTRACT,PHYTOSTERYL/OCTYLDODECYL LAUROYL GLUTAMATE,CERAMIDE NP,ECHINACEA PURPUREA EXTRACT,ASCORBYL PALMITATE,LYCIUM BARBARUM FRUIT EXTRACT,TREHALOSE,SOPHORA FLAVESCENS ROOT EXTRACT,ALOE BARBADENSIS LEAF EXTRACT,HYDROGENATED LECITHIN,DENDROBIUM NOBILE STEM EXTRACT,ERYTHRITOL,XANTHAN GUM,PENTAERYTHRITYL TETRA-DI-t-BUTYL HYDROXYHYDROCINNAMATE,DISODIUM EDTA,CYCLODEXTRIN,POLYSORBATE 20,CARBOMER,ARGININE;5;Eye Cream;Eye Care;merawat puffy eyes dan mencerahkan lingkar hitam area mata, memberikan sensasi dingin. membantu menjaga elastisitas kulit area mata.  Mengurangi lingkar hitam area mata, Mencerahkan lingkar hitam area mata,� Menjaga kekencangan kulit di area sekitar mata Hero, Melembabkan dan mencerahkan kulit, Membantu menjaga elastisitas kulit, Membantu mencerahkan kulit, Merawat puffy eyes
Fundamental Nourishing Eye Butter;DEAR KLAIRS;Rp244.000;Water, Glycerin, Stearic Acid, 1,2-Hexanediol, Helianthus Annuus (Sunflower) Seed Oil, Betaine, Caffeine, Phaseolus Angularis Seed Extract, Artemisia Princeps Leaf Extract, Camellia Sinensis Leaf Extract, Chaenomeles Sinensis Fruit Extract, Chrysanthellum Indicum Extract, Cinnamomum Cassia Bark Extract, Corallina Officinalis Extract, Curcuma Longa (Turmeric) Root Extract, Diospyros Kaki Leaf Extract, Melia Azadirachta Flower Extract, Melia Azadirachta Leaf Extract, Ocimum Sanctum Leaf Extract, Acetyl Hexapeptide-8, Copper Tripeptide-1, Oligopeptide-29, Oligopeptide-32, Panthenol, Pantolactone, Hydrogenated Lecithin, Hydroxyethyl Acrylate/Sodium Acryloyldimethyl Taurate Copolymer, Sodium Hyaluronate, Glyceryl Stearate, Sorbitan Isostearate, Cetearyl Alcohol, Propanediol, Arachidic Acid, Oleic Acid, Palmitic Acid, Caprylyl/Capryl Glucoside, Ethylhexylglycerin;4.8;Eye Cream;Eye Care;melindungi kulit di area sekitar mata uang cenderung lebih tipis dan sensitif. mengatasi garis-garis halus. Menutrisi tanpa meninggalkan rasa oily yang tidak nyaman.
Completed Revitalizing Pearl Eye Cream;KLAVUU;Rp719.250;Water, Dipropylene Glycol, Cyclopentasiloxane, Cetearyl Alcohol, Ethylhexyl Palmitate, Glycerin, Cyclohexasiloxane, Dimethicone, Butylene Glycol, Glycereth-26, Niacinamide, Caprylic/Capric/Myristic/Triglyceride, Glyceryl Stearate SE, Pearl Extract, Macadamia Ternifolia Seed Oil, Codium Tomentosum Extract, Enteromorpha Compressa Extract, Macrocystis Pyrifera (Kelp) Extract, Ecklonia Cava Extract, Gelidium Cartilagineum Extract, Laminaria Japonica Extract, Sea Whip Extract, Chlorella, Vulgaris Extract, Spirulina Platensis Extract, Pentylene Glycol, Glyceryl Stearate, PEG-100 Stearate, Ammonium Acryloyldimethyltaurate/VP Copolymer, Sorbitan Stearate, Caprylyl Glycol, Sodium Polyacrylate, Adenosine, Arginine, Ceramide 3, Phytosphingosine, 12-Hexanediol, Xanthan Gum, Disodium EDTA, Phenoxyethanol, Fragrance (Parfum);5;Eye Cream;Eye Care;menjaga elastisitas kulit, menyamarkan tanda-tanda penuaan dini di area mata / menyamarkan garis halus di area mata. mencerahkan dan menyamarkan kerutan halus di sekitar mata.
Revive Eye Cream: Ginseng + Retinal;BEAUTY OF JOSEON;Rp202.800;Water, panax ginseng root extract, glycerin, dipropylene glycol, caprylic/capric triglyceride, 1,2-hexanediol, pentaerythrityl tetraethylhexanoate, niacinamide, butylene glycol dicaprylate/dicaprate, cetearyl alcohol, sorbitan olivate, cetearyl olivate,butylene glycol, hydrogenated lecithin, tromethamine, carbomer, glyceryl stearate,macadamia ternifolia seed oil, Ethylhexylglycerin, Adenosine, Cholesterol, Dextrin, Polyglyceryl-10 Oleate, Theobroma Cacao Extract, Disodium Edta, Brassica Campestris (Rapeseed) Sterols, Phytosteryl/Behenyl/Octyldodecyl Lauroyl Glutamate, Retinal, Silica, Aluminum/Magnesium Hydroxide Stearate, Sodium Hyaluronate, Tocopherol, Potassium Cetyl Phosphate, Pentaerythrityl Tetra-Di-T-Butyl, Hydroxyhydrocinnamate, Ceramide Np, Palmitoyl Tripeptide-5;2.8;Eye Cream;Eye Care;merawat kulit di area mata, menyamarkan garis-garis halus, membantu meremajakan kulit, mampu mencegah tanda-tanda penuaan pada area mata seperti kulit yang kendur dan keriput.
Eye Cream;WHITELAB;Rp88.500;Aqua, Cyclopentasiloxane, Glycerin, Dimethiconol, Niacinamide, Butylene Glycol, Phenoxyethanol, Polyacrylamide, Avena Sativa Kernel Oil, C13-14 Isoparaffin, Laureth-7, Carbomer, Triethanolamine, Tocopheryl Acetate, Allantoin, Chlorphenesin, Chenopodium Quinoa Seed Extract, Glycogen, Sodium Hyaluronate, Beta-glucan, Caffeine, Perfume, Poria Cocos Extract, Dipeptide-2, Copper Tripeptide-1, Acetyl Tetrapeptide-5, Hydroxypropyl Cyclodextrin, Caprylyl Glycol, Polysorbate-20, Acetyl Hexapeptide-8, Palmitoyl Tripeptide-38, Pentapeptide-18, Citric Acid, Decapeptide-12, Palmitoyl Tripeptide-1, Palmitoyl Tetrapeptide-7;5;Eye Cream;Eye Care;Meningkatkan kekencangan kulit, Membantu mengurangi garis halus disekitar mata, Meningkatkan produksi kolagen, Meminimalisir dan mengencangkan kantung mata, Meningkatkan hidrasi dan kelembaban kulit, Meregenerasi sel-sel kulit pada area sekitar mata, Membantu mencerahkan area gelap di sekitar mata
Age Defy Eye Contour Treatment Cream;SAFI;Rp139.900;Aqua, Niacinamide, Glycerin, Dimethicone, Arachidyl Glucoside, Isohexadecane, Cyclopentasiloxane, Cyclohexasiloxane, Dimethicone Crosspolymer, Chrysin, Palmitoyl Tetrapeptide-7, Palmitoyl Tripeptide-1, Polyacrylate-13, Carbomer, Carnosine, Xanthan Gum, Methyl Methacrylate Crosspolymer, Sodium Hydroxide, Mica, Tin Oxide, Disodium EDTA, Colloidal Gold, Acetyl Heptapeptide-9, Ascorbyl Tetraisopalmitate, Sericin, Caprylyl Glycol, Phenoxyethanol, Chlorphenesin, CI 77891.;4.8;Eye Cream;Eye Care;membantu menyamarkan garis halus di sekitar mata, menyamarkan lingkar hitam di sekitar mata, mencerahkan kulit di sekitar mata, menjaga kulit mata tetap lembab.
Eye-Mazing Eye Balm;EVERSINCE;Rp99.000;Water, Butylene Glycol, Aloe Barbadensis Leaf Water, Niacinamide, Glycerin, Silica, Pentylene Glycol, 1,2-Hexanediol, Polymethylsilsesquioxane, Chondrus Crispus Extract, Saccharum Officinarum (Sugarcane) Extract, Carbomer, Tromethamine, Hydroxyacetophenone, Hydroxyethyl Acrylate/Sodium Acryloyldimethyl Taurate Copolymer, Sodium Hyaluronate, Adenosine, Allantoin, Phenoxyethanol, Anthemis Nobilis Flower Extract, Sodium Phytate, Polysorbate 20, Palmitoyl Tripeptide-1, Palmitoyl Tetrapeptide-7, Ceramide NP, Squalane, Tocopheryl Acetate, Malachite Extract, Aspergillus Ferment, Ganoderma Lucidum (Mushroom) Stem Extract, Cucumis Sativus (Cucumber) Fruit Extract. ;5;Eye Cream;Eye Care;mengurangi kantung mata dan menenangkan kulit, membantu mencerahkan dan membuat area mata berkilau.
Age Miracle Eye Cream;POND'S;Rp215.000;Aqua, Cyclopentasiloxane, Dimethicone/Vinyl Dimethicone Crosspolymer, ethylhexyl methoxycinnamate, Glycerin, Caprylic/Capric Triglyceride, cetearyl alcohol, Silica, Ammonium Acryloyldimethyltaurate/VP Copolymer, peg-100 stearate, c12-14 pareth-12, Isohexadecane, Cholesterol, Stearic Acid, Dmdm hydantoin, Triethanolamine, Disodium edta, Tocopheryl Acetate, Niacinamide, Zinc Oxide, Acetamide MEA, Ammonium Lactate, isomerized linoleic acid, cetyl alcohol, Climbazole, Allantoin, Retinyl Palmitate, butylene glycol, Helianthus Annuus (Sunflower) Seed Oil, iodopropynyl butylcarbamate, BHT, triethoxycaprylylsilane, Retinyl Propionate;3.3;Eye Cream;Eye Care;Melawan tanda penuaan di area sekitar mata, menyamarkan garis halus, menjadikannya halus dan lembut. Area mata jadi tampak segar dan bercahaya.
Royal Black Snail Eye Cream;DR.G;Rp398.650;Aqua, Glycerin, Caprylic/Capric Triglyceride, Dipentaerythrityl Hexa C5-9 Acid Esters, C14-22 Alcohols, Butyrospermum Parkii (Shea) Butter, Maltodextrin, Methyl Gluceth-20, Snail Secretion Filtrate, 1,2-Hexanediol, Cetearyl Alcohol, Dipropylene Glycol, Vinyl Dimethicone, C12-20 Alkyl Glucoside, Beeswax, Panthenol, Palmitic Acid, Ethylhexyl Olivate, Stearic Acid, Butylene Glycol, Caprylyl Glycol, Hydrogenated Lechitin, Sodium Acrylates Copolymer, Arginine, Carbomer, Dioscorea Japonica Root Extract, Polyglyceryl-10 Oleate, Xanthan Gum, Polyglyceryl-4 Oleate, Glyceryl Acrylate/Acrylic Acid Copolymer, Parfum, Adenosine, Hydrolyzed Corn Starch, Ethylhexylglycerin, Vitex Agnus Castus Extract, Beta-Glucan, Phytic Acid, Phenethyl Alcohol, Caramel, Sucrose, Glucose, Pantolactone, Sodium Hyaluronate, Myristic Acid, Hydrolyzed Royal Jelly Protein, Zymomonas Ferment Extract, Hyaluronic Acid, Hydrolyzed Hyaluronic Acid, Hydrolyzed Sodium Hyaluronate, Hydroxypropyltrimonium Hyaluronate, Potassium Hyaluronate, Sodium Hyaluronate Crosspolymer, Honey Extract, Tocopherol, Sodium Acetylated Hyaluronate.;5;Eye Cream;Eye Care;menyamarkan garis-garis halus sekitar area mata, menjadikan kulit tampak lebih muda. menutrisi kulit dan menjaga skin barrier area mata. Memperbaiki kerutan di sekitar mata, dahi, di antara alis, leher, dan garis senyum. perawatan kelembapan mendalam. memberikan nutrisi dan membantu mengencangkan kulit.
Fresh Herb Origin Eye Cream;NACIFIC;Rp149.560;Water, Glycerin, Sorbitol, Neopentyl Glycol Diheptanoate, 1,2-Hexanediol, Niacinamide, Hydrogenated Polydecene, Caprylic/Capric Triglyceride, Hydrogenated Vegetable Oil, Arachidyl Alcohol, Trehalose, Butyrospermum Parkii (Shea) Butter, Cyclopentasiloxane, Sodium Polyacrylate, Behenyl Alcohol, Arachidyl Glucoside, Caprylic/Capric Glycerides, Glyceryl Stearate, PEG-100 Stearate, Dimethiconol, Hydrogenated Lecithin, C18-C21 Alkane, Acrylates/C10-30 Alkyl Acrylate Crosspolymer, Adenosine, Potassium Hydroxide, Trideceth-6, Disodium EDTA, Glyceryl Acrylate/Acrylic Acid Copolymer, Sodium Hyaluronate, Calendula Officinalis Flower Water, Glucose, Butylene Glycol, Centella Asiatica Extract, Tremella Fuciformis (Mushroom) Extract, Carbomer, Ethylhexylglycerin, Polysorbate 20, Palmitoyl Tripeptide-1, Palmitoyl Tetrapeptide-7, Citrus Aurantium Bergamia (Bergamot) Fruit Oil, Citral, Limonene, Linalool;5;Eye Cream;Eye Care;menghilangkan kerutan halus di muka. Membuat kulit pada bagian mata yang sensitif kembali menjadi cerah, serta mengencangkan elastisitas kulit. melembabkan kulit di daerah mata dan memperkuat bagian dalam kulit agar tidak kendur. menahan melanin pigment dalam kulit pada siang dan malam hari agar tetap bersinar dan mengkilap. bekerja menghilangkan kerut kerut halus di muka.
Collagen Lifting Eye Cream;TIRTIR;Rp430.000;Water, Glycerin, Butylene Glycol, 1,2-Hexanediol, Caprylic/Capric Triglyceride, Dipropylene Glycol, Hydrogenated Poly(C6-14 Olefin), Niacinamide, Methyl Trimethicone, C12-16 Alcohols, Persea Gratissima (Avocado) Oil, Chlorella Vulgaris Extract, Collagen, Hydrolyzed Corn Starch, Leuconostoc/Radish Root Ferment Filtrate, Theobroma Cacao (Cocoa) Seed Extract, Rosmarinus Officinalis (Rosemary) Leaf Water, Aspalathus Linearis Leaf Extract, Hibiscus Sabdariffa Flower Extract, Caprylic/Capric/Myristic/Stearic Triglyceride, Squalane, Palmitic Acid, Hydrogenated Lecithin, Glucose, Sodium Acrylate/Sodium Acryloyldimethyl Taurate Copolymer, Hydroxyacetophenone, Polyisobutene, Fructooligosaccharides, Fructose, Glyceryl Stearate, Panthenol, Pentaerythrityl Distearate, Sodium Polyacrylate, Hydroxyethyl Acrylate/Sodium Acryloyldimethyl Taurate Copolymer, Ethylhexylglycerin, Dipotassium Glycyrrhizate, Adenosine, Sodium Phytate, Caprylyl/Capryl Glucoside, Sorbitan Oleate, Sucrose, Dextrin, Ascorbic Acid Polypeptide, Methylpropanediol, Tocopherol, Dipeptide Diaminobutyroyl Benzylamide Diacetate, Palmitoyl Tripeptide-5, Polysorbate 20, Palmitoyl Tripeptide-1, Palmitoyl Tetrapeptide-7, Cetearyl Alcohol, Stearyl Alcohol, Cetyl Alcohol, Xanthan Gum, Myristyl Alcohol, Lauryl Alcohol, Carbomer, Fragrance(Parfum);0;Eye Cream;Eye Care;mengurangi kerutan di bawah mata, meningkatkan kepadatan kulit dan mengencangkan kulit di area mata setelah 4 minggu pemakaian. mengurangi kerutan di bawah mata dan garis-garis halus setelah 2 minggu penggunaan. dapat digunakan untuk iritasi kulit.
Marine Care Eye Cream;HEIMISH;Rp300.000;Water, Undaria Pinnatifida Extract, Hizikia Fusiforme Extract, Laminaria Japonica Extract, Ecklonia Cava Extract, Hydrogenated Lecithin, 1,2-Hexanediol, Butylene Glycol, Glycerin, Glyceryl Stearate, Cetearyl Alcohol, Stearic Acid, Hydrogenated Lecithin, Cetearyl Alcohol, Cyclohexasiloxane, Cyclopentasiloxane, Glycol Palmitate, Glycol, Palmitic Acid, Macadamia Ternifolia Seed Oil, Cetyl Ethylhexanoate, Hydrogenated Polydecene, Caprylic/Capric Triglyceride, Niacinamide, Cetyl Palmitate, Sorbitan Olivate, Sorbitan Palmitate, Hydrogenated Vegetable Oil, Butyrospermum Parkii (Shea) Butter, PEG-100 Stearate, Dimethicone, Trehalose, Sodium Hyaluronate, Hydroxyacetophenone, Beta-Glucan, Tocopheryl Acetate, Linalool, Fragrance, Butylphenyl Methylpropional, Dipropylene Glycol, Adenosine, Polyacrylate-13,  Polyisobutene, Polysorbate 20, Disodium EDTA, Sorbitan Isostearate, Titanium Dioxide,  CI 77288,  CI 77492, CI 77499, Aluminum Starch Octenylsuccinate, Acetyl Hexapeptide-8, Copper Tripeptide-1,  Leontopodium Alpinum Callus Culture Extract, Ethylhexylglycerin, Laminaria Cloustoni Extract, Laminaria Digitata Extract, Ulva Lactuca Extract, Enteromorpha Compressa Extract, Codium Fragile Extract, Codium Tomentosum Extract, Ecklonia Cava Extract, Porphyra Yezoensis Extract, Agarum Cribosum Extract, Solidago Virgaurea (Goldenrod) Extract;4.5;Eye Cream;Eye Care;meremajakan area mata. menyamarkan kerutan dan garis halus, mencerahkan kulit.
Blessing Of Sprout Eye Cream;HAYEJIN;Rp159.000;Water, Butylene Glycol, Glycerin, Dimethicone, Phenyl Trimethicone, Methyl Gluceth-20, Niacinamide, Butyrospermum, Parkii (Shea) Butter, Hydrogenated Polydecene, Cetearyl Alcohol, Cetyl Alcohol, Stearyl Alcohol, 1,2 Hexanediol, Glyceryl Stearate, Sodium Polyacrylate, Trehalose, PEG-100 Stearate, Ethylhexyl Stearate, PEG-10 Dimethicone, Polyglyceryl-10 Distearate, Cetearyl Glucoside, Nelumbo Nucifera Leaf Extract, Caprylyl Glycol, Tocopheryl Acetate, Phytosterols, Ficus Carica (Fig) Fruit Extract, Ginkgo Biloba Nut Extract, Trideceth-6, Adenosine, Carbomer, Disodium EDTA, Sodium Hyaluronate, Polyglutamic Acid, Glucose, Ceramide NP, Allantoin, Ethylhexylglycerin, Olivoyl, Hydrolyzed, Wheat Protein, Glyceryl Oleate, Potassium Hydroxide, Aesculus Hippocastanum (Horse Chestnut) Seed Extract, Centella Asiatica Extract, Sodium Benzoate, Potassium Sorbate, Sea Water, Glycine Max (Soybean) Seed Extract, Ulmus Campestris (Elm) Bark Extract, Triticum Vulgare (Wheat) Sprout Extract, Brassica Oleracea Italica (Broccoli) Sprout Exract, Brassica Campestris (Rapeseed) Sprout Extract, Sophora Japonica Bud Extract, Lactobacillus Ferment, Bacillus Ferment, Aspergillus Ferment, Madecassic Acid, Asiaticoside, Asiatic Acid, Fragrance.;5;Eye Cream;Eye Care;merawat dengan lembut mulai dari wajah sampai bagian leher,  mengembalikan elastisitas pada area mata yang lemah dan sensitif, Memperbaiki kerutan dan mencerahkan, Menenangkan area mata yang bengkak
Eyes On You;TRUE TO SKIN;Rp104.250;Aqua, Butylene Glycol, Glycerin, Niacinamide, Rubus Idaeus Fruit Extract, Acrylamide/?Sodium Acryloyldimethyltaurate Copolymer, Capric Triglycerides, Laminaria Digitata Extract, Biosaccharide Gum-1, Acetyl Hexapeptide-8, Acetyl Tetrapeptide-5, Ceramide NP, Lactobacillus/?Lemon Peel Ferment Extract, Citrus Aurantium Dulcis Peel Extract, Tranexamoyl Dipeptide-22, Nicotinoyl Dipeptide-22, Bifida Ferment Lysate, Tranexamic Acid, Sodium Hyaluronate, C13-14 Isoparaffin, Phenoxyethanol, Allantoin, PEG-7 Glyceryl Cocoate, C11-15-Isoalkanes, Bisabolol, Propanediol, Tocopherol, Caffeine, Bakuchiol, Ascorbyl Tetraisopalmitate, Laureth-7, Trideceth-6, Pentylene Glycol, Artemisia Capillaris Flower Extract, Caprylyl Glycol, 1,2-Hexanediol, Ethylhexylglycerin, Polyacrylamide;3.8;Eye Cream;Eye Care;Perbaikan kontur mata (Elastisitas), Hidrasi kulit di sekitar mata, Mengurangi bengkak di bawah mata, Mengurangi volume kantung mata, Mengurangi lingkaran hitam.
Renew You Eye Cream;WARDAH;Rp94.500;Apple (Malus domestica) Phyto Cell Extract, 3D-Nutriplex Active, Vitamin B3, Hyaluronic Acid;4.3;Eye Cream;Eye Care;merawat area mata agar tampak lebih muda dan cerah.menyamarkan tanda-tanda penuaan di area mata: kerutan, garis-garis halus, kulit kering, kantung mata, noda hitam, dan warna kulit yang kusam.
Kombucha Black Tea The First Eye Cream;NATURE REPUBLIC;Rp173.000;Water (Aqua), Glycerin, Dipropylene Glycol, Cetearyl Alcohol, Hydrogenated Polydecene, Caprylic/Capric Triglyceride, Hydrogenated Poly(C6-14 Olefin), 1,2-Hexanediol, Niacinamide, Dicaprylyl Ether, Betaine, Cyclohexasiloxane, Panthenol, Shea Butter, Glyceryl Stearate SE, Kelp Extract, Nasturtium Officinale Leaf Extract, Malt Extract, Galangal Galangal Extract, Black Tea Extract, Hydrogenated Lecithin, Bergamot Oil, Orange Peel Oil, Grapefruit Peel Oil, Sodium Hyaluronate, Behenyl Alcohol, Cetearyl Olivate, Sorbitan Olivate, Microcrystalline Cellulose, Ammonium Acryloyldimethyl Taurate/Vp Copolymer, Cetearyl Glucoside, Hydrogenated Rapeseed Oil, Cholesterol, Cellulose Gum, Adenosine, Fructooligosaccharide, Disodium EDTA, Beta-Glucan, Ceramide NP, Hydrolyzed Hyaluronic Acid, Glucose, Butylene Glycol, Xanthan Gum, Yeast Fermentation Filtrate, Sucrose, Ethylhexylglycerin, Pentylene Glycol, Limonene, Linalool;5;Eye Cream;Eye Care;memberikan hidrasi dan kelembutan untuk kulit sensitif di sekitar mata. Membantu menyamarkan garis halus dan kerutan, serta mencerahkan kulit kusam di area sekitar mata. membantu menyamarkan kerutan di sekitar mulut/garis senyum dan di antara dahi yang biasa di sebabkan karena stress.
Advanced Snail Peptide Eye Cream;COSRX;Rp311.250;Snail Secretion Filtrate, Butylene Glycol, Glycerin, Helianthus Annuus (Sunflower) Seed Oil, 1,2-Hexanediol, Niacinamide, Water, Palmitic Acid, Arginine, Carbomer, Stearic Acid, Betaine, Cetearyl Olivate, Sorbitan Olivate, Sodium Polyacrylate, Allantoin, Tocopheryl Acetate, Panthenol, Hydroxyethyl Acrylate/Sodium Acryloyldimethyl Taurate Copolymer, Sodium Hyaluronate, Adenosine, Xanthan Gum, Myristic Acid, Copper Tripeptide-1, Acetyl Hexapeptide-8, Palmitoyl Pentapeptide-4, Palmitoyl Tripeptide-1, Palmitoyl Tetrapeptide-7;4.5;Eye Cream;Eye Care;mencerahkan area mata dengan membantu mengurangi tampilan lingkaran hitam dan bengkak. Krim mata yang menghidrasi dan cepat menyerap, Mengencangkan kulit, Mengurangi lingkaran hitam
Snail Bee Ultimate Eye Cream;BENTON;Rp228.000;Saccharomyces/Snail Secretion Filtrate Ferment Filtrate, Aqua (Water), Caprylic/Capric Triglyceride, Propanediol, Lactobacillus/Collagen Ferment Filtrate, Butylene Glycol, Polyglyceryl-3 Methylglucose Distearate, Niacinamide, Cetyl Ethylhexanoate, 1,2-Hexanediol, Pentylene Glycol, Glyceryl Stearate, Glycerin, Acrylates/C10-30 Alkyl Acrylate Crosspolymer, Hydroxyethylcellulose, Olea Europaea (Olive) Fruit Oil, Helianthus Annuus (Sunflower) Seed Oil, Sodium Hyaluronate, Sodium Hyaluronate Crosspolymer, Hydrolyzed Sodium Hyaluronate, Hydrolyzed Hyaluronic Acid, Hyaluronic Acid, Acetyl Hexapeptide-8, Copper Tripeptide-1, Bifida Ferment Lysate, Ulmus Campestris (Elm) Bark Extract, Salix Alba (Willow) Bark Extract, Plantago Asiatica Extract, Laminaria Digitata Extract, Diospyros Kaki Leaf Extract, Althaea Rosea Root Extract, Aloe Barbadensis Leaf Extract, Betaine, Beta-Glucan, Glyceryl Stearate Citrate, Panthenol, Glycine, Serine, Glutamic Acid, Allantoin, Aspartic Acid, Leucine, Alanine, Lysine, Tyrosine, Phenylalanine, Valine, Threonine, Proline, Isoleucine, Histidine, Methionine, Cysteine, Arginine, Ceramide NP, Adenosine, Bee Venom, Tocopherol, Polyglyceryl-3 Distearate, Hydrogenated Lecithin, Cetearyl Olivate, Sorbitan Olivate, Caprylyl Glycol;4;Eye Cream;Eye Care;krim mata ini  mampu untuk mencerahkan kulit, mengencangkan serta menyamarkan garis-garis halus dan keriput pada area mata. Juga melembabkan kulit.
Eye Cream;PYUNKANG YUL;Rp312.000;Astragalus Membranaceus (Huang Qi) Root Extract, Petrolatum, Dimethicone, Cetearyl Alcohol, Butyrospermum Parkii (Shea) Butter, Glycerin, Phenyl Trimethicone, Ceresin, Pentylene Glycol, 1,2-Hexanediol, Polysorbate 60, Butylene Glycol, Lauryl PEG-9 Polydimethylsiloxyethyl Dimethicone, Lactobacillus/Panax Ginseng Root Ferment Filtrate, Glycyrrhiza Glabra (Licorice) Root Extract, Acetyl Glucosamine, Adenosine, Sodium Hyaluronate, Silica, PEG-100 Stearate, Glyceryl Stearate;5;Eye Cream;Eye Care;Melembapkan dan Menjaga Kelembapan Kulit, Mengurangi Tanda Penuaan, mencerahkan area mata yang tampak lelah atau gelap, sehingga kulit terlihat lebih segar dan bercahaya.
YOU Golden Age Energizing Eye Cream;YOU BEAUTY;Rp 84.150 - Rp 97.750;ekstrak Buah Delima,Hyaluronic Acid;3.5;Eye Cream;Eye Care;Anti-Aging, Mencegah dan menyamarkan tanda penuaan di area sekitar mata. Mengembalikan elastisitas kulit, sehingga terasa lebih kencang. Meningkatkan produktivitas kulit agar terlihat segar dan lebih muda. 
Honey Royalactin Intensive Eye Cream;HOLIKA HOLIKA;Rp308.000;Fermented Honey, Royalactin, Hydrolyzed kolagen, Idebenone, Peptide, Niacinamide;4;Eye Cream;Eye Care;membuat kulit mata lebih elastis, lembab dan cerah. Meningkatkan kepadatan dari sel kulit dan elastisitas kulit dengan menstimulasi generasi kolagen kulit. Memberikan nutrisi untuk kulit dengan efek anti-oksidan yang unggul.
360 Crystal Massager Lifting Eye Cream;SKINTIFIC;Rp149.250;AQUA,MARIS AQUA,PROPANEDIOL,COCO-CAPRYLATE/CAPRATE,GLYCERIN,CYCLOPENTASILOXANE,CETYL ALCOHOL,ERYTHRITOL,DIMETHICONE,LIMNANTHES ALBA (MEADOWFOAM) SEED OIL,CYCLOHEXASILOXANE,GLYCERYL STEARATE,HYDROXYACETOPHENONE,1,2-HEXANEDIOL,TOCOPHERYL ACETATE,PHYTOSTERYL/OCTYLDODECYL LAUROYL GLUTAMATE,PEG-75 STEARATE,AMMONIUM ACRYLOYLDIMETHYLTAURATE/VP COPOLYMER,STEARETH-20,CETETH-20,BUTYLENE GLYCOL,PALMITOYL PENTAPEPTIDE-4,DIPEPTIDE DIAMINOBUTYROYL BENZYLAMIDE DIACETATE,ACETYL TETRAPEPTIDE-5,NIACINAMIDE,CAFFEINE,XANTHAN GUM,TREHALOSE,SOPHORA FLAVESCENS ROOT EXTRACT,DENDROBIUM NOBILE STEM EXTRACT,PENTYLENE GLYCOL,SODIUM HYALURONATE,PENTAERYTHRITYL TETRA-DI-t-BUTYL HYDROXYHYDROCINNAMATE,OPHIOPOGON JAPONICUS ROOT EXTRACT,OPUNTIA FICUS-INDICA STEM EXTRACT,ALOE BARBADENSIS LEAF EXTRACT,DISODIUM EDTA,LYCIUM BARBARUM FRUIT EXTRACT,ECHINACEA PURPUREA EXTRACT,PALMARIA PALMATA EXTRACT,POLYSORBATE 20,HYDROGENATED LECITHIN,CARBOMER,CERAMIDE NP,TOCOPHEROL,ARGININE,CERAMIDE NS/CERAMIDE NG,CERAMIDE AS,CERAMIDE EOP,CERAMIDE AP;5;Eye Cream;Eye Care;Mengencangkan dan mencerahkan kulit di daerah sekitar mata, mempercepat penyerapan kandungan aktif ke dalam kulit untuk mengurangi garis halus dan lingkaran hitam dibawah mata secara bersamaan, mencegah penuaan dini, keriput, puffy eyes, dan juga lingkaran hitam dibawah mata mengangkat garis halus dalam waktu 3 menit, dan keriput berkurang sebanyak 30%, Lingkaran mata berkurang 50%, kemerahan berkurang 29%, area mata 70% menjadi lebih cerah
Sekkisei Eye Cream N;KOSE;Rp725.700;Fermented coix seed extract, angelica extract, melothria heterophylla (white lotus) extract, ophiocordyceps sinensis (caterpillar fungus) extract, tachibana (citrus) peel extract, coptis (goldthread) extract, glycerin (moisturizer);5;Eye Cream;Eye Care;mengatasi segala penyebab mata kusam, dan menjadikannya seputih salju dan tembus cahaya.
1025 Dokdo Eye Cream;ROUND LAB;Rp359.200;Aqua, Glycerin, Butylene Glycol, Decyl Cocoate, Niacinamide, Octyldodecanol, Pentylene Glycol, Dicaprylyl Carbonate, C12-16 Alcohols, 1,2-Hexanediol, Bis-Diglyceryl Polyacyladipate-2, Panthenol, Ammonium Acryloyldimethyltaurate/Vp Copolymer, Palmitic Acid, Polymethylsilsesquioxane, Hydrogenated Lechitin, Acrylates/C10-30 Alkyl Acrylate Crosspolymer, Hydroxyacetophenone, Tromethamine, Pvp, Xylitol, Allantoin, Dipotassium Glycyrrhizate, Ethylhexylglycerin, Adenosine, Sodium Phytate, Hydrolyzed Hibiscus Esculentus Extract, Lupinus Albus Seed Extract, Moringa Oleifera Seed Extract, Sea Water, Bisabolol, Tocopherol, Sodium Hyaluronate, Bacillus Ferment, Micrococcus Lysate, Hydroxypropyltrimonium Hyaluronate, Palmitoyl Tripeptide-5, Hydrolyzed Hyaluronic Acid, Sodium Acetylated Hyaluronate, Hyaluronic Acid, Hydrolyzed Sodium Hyaluronate, Sodium Hyaluronate Crosspolymer, Potassium Hyaluronate.;4.3;Eye Cream;Eye Care;membantu merawat daerah sekitar mata agar tetap lembap dan terjaga elastisitasnya. membantu mencerahkan kulit sekitar mata. memberikan rasa nyaman dan menenangkan pada area sekitar mata.
Polypeptide Eye Gel Cream;VOTRE PEAU;Rp165.000;Polypeptide;4.2;Eye Cream;Eye Care;mengurangi sembab, area kulit mata yang gelap, dan kekenduran kulit. memberikan kulit area mata lebih segar, kencang dan kenyal.
Water Bank Blue Hyaluronic Eye Cream;LANEIGE;Rp450.000;WATER / AQUA / EAU, GLYCERIN, DIMETHICONE, BUTYLENE GLYCOL, PENTAERYTHRITYL TETRAETHYLHEXANOATE, DIPROPYLENE GLYCOL, METHYL TRIMETHICONE, GLYCERYL POLYMETHACRYLATE, PHENYL TRIMETHICONE, PCA DIMETHICONE, CAPRYLYL METHICONE, HYDROGENATED POLYISOBUTENE, NIACINAMIDE, POLYSILICONE-11, 1,2-HEXANEDIOL, POLYSORBATE 20, CETEARYL ALCOHOL, PROPANEDIOL, CAFFEINE, GLYCERYL STEARATE CITRATE, POLYACRYLATE-13, GLYCERYL STEARATE, C14-22 ALCOHOLS, DIMETHICONOL, AMMONIUM ACRYLOYLDIMETHYLTAURATE/VP COPOLYMER, STEARIC ACID, MALPIGHIA EMARGINATA (ACEROLA) FRUIT EXTRACT, AMMONIUM ACRYLOYLDIMETHYLTAURATE/BEHENETH-25 METHACRYLATE CROSSPOLYMER, POLYISOBUTENE, PALMITIC ACID, EUTERPE OLERACEA FRUIT EXTRACT, HYDROGENATED LECITHIN, COCOS NUCIFERA (COCONUT) OIL, GLYCERYL CAPRYLATE, ARACHIDYL ALCOHOL, C12-20 ALKYL GLUCOSIDE, POLYGLYCERYL-3 METHYLGLUCOSE DISTEARATE, ETHYLHEXYLGLYCERIN, FRAGRANCE / PARFUM, SODIUM HYALURONATE, BEHENYL ALCOHOL, ARACHIDYL GLUCOSIDE, SORBITAN ISOSTEARATE, DISODIUM EDTA, HYDROLYZED HYALURONIC ACID, BETA-GLUCAN, SODIUM MAGNESIUM SILICATE, GLUCOSE, MYRISTIC ACID, LAURIC ACID, GLUTATHIONE, TOCOPHEROL, UNDARIA PINNATIFIDA EXTRACT;5;Eye Cream;Eye Care;Krim mata ini berguna untuk mengencangkan kulit dan membantu menyamarkan lingkar hitam pada kulit di sekitar mata serta mengurangi tampilan kantung mata mencerahkan dan menyegarkan area bawah mata, hidrasi yang dalam dan tahan lama. Terlihat mencerahkan lingkaran hitam, Memperbaiki tampilan kerutan dan bengkak, Efek pendinginan instan
Advanced Eye Essential Cream;ELFORMULA;Rp121.440;Water, glycerin, butylene glycol, squalane, cyclopentasiloxane, cetearyl alcohol, ammonium acryloyldimethyltaurate/vp copolymer, lactobacillus/rice ferment, polyglyceryl-6 distearate, 1,2-hexanediol, diglycerin, hydroxyacetophenone, niacinamide, ectoin, cetearyl glucoside, dimethicone crosspolymer, sodium hyaluronate, jojoba esters, caffeine, cyclodextrin, ergothioneine, collagen, glucose, polyglyceryl-3 beeswax, cetyl alcohol, beta-glucan, propanediol, xanthan gum, polysorbate 20, trehalose, caprylyl glycol, ethylhexylglycerin, arginine/lysine polypeptide, palmitoyl tripeptide-1, acetyl hexapeptide-8, palmitoyl tetrapeptide-7;0;Eye Cream;Eye Care;Melembabkan kulit sekitar mata Merawat kekencangan kulit sekitar mata
Skinpower Eye Cream;SK-II;Rp1.860.000;Water, Glycerin, Galactomyces Ferment Filtrate, Niacinamide, Isohexadecane, Butylene Glycol, Pentylene Glycol, Trehalose, Isopropyl Isostearate, Petrolatum, Dimethicone, Caprylic/Capric Triglyceride, Vinyl Dimethicone/Methicone Silsesquioxane Crosspolymer, Polyacrylamide, Polymethylsilsesquioxane, Phytosteryl/Behenyl/Octyldodecyl Lauroyl Glutamate, Stearyl Alcohol, Cetyl Alcohol, C13-14 Isoparaffin, Behenyl Alcohol, Dipentaerythrityl Tri-Polyhydroxystearate, Panthenol, Tocopheryl Acetate, Benzyl Alcohol, Dimethiconol, Methylparaben, Peg-100 Stearate, Cetearyl Alcohol, Cetearyl Glucoside, Laureth-7, Mica, Disodium Edta, Paeonia Albiflora Root Extract, Propylparaben, Palmitic Acid, Stearic Acid, Ethylparaben, Fragrance, Peg-7 Glyceryl Cocoate, Sodium Hydroxide, Hydrolyzed Lupine Protein, Medicago Sativa (Alfalfa) Extract, Houttuynia Cordata Extract, Palmitoyl Pentapeptide-4, Methylsilanol Tri-Peg-8 Glyceryl Cocoate, Polyquaternium-7, Methicone, Zantedeschia Aethiopica Flower/Stem Extract, Ci 77891, Ci 77492.;4.8;Eye Cream;Eye Care;Meningkatkan kekuatan kulit untuk kulit tampak lebih besar dan lebih muda. melembutkan kulit di sekitar mata. meningkatkan kekuatan kulit agar kulit selalu tampak segar dan sehat. kulit jadi lebih kencang dan lembut sehingga mata tampak lebih besar dan lebih muda.
Ginseng Eye Cream;I'M FROM;Rp343.850;Water, Butylene Glycol, Caprylic/Capric Triglyceride, Glycerin, Red Ginseng Extract, Cetearyl Olivate, Simmondsia Chinensis (Jojoba) Seed Oil, Butyrospermum Parkii (Shea) Butter, Cetearyl Alcohol, Sorbitan Olivate, Beeswax, Methylpropanediol, Hydroxyethyl Acrylate/Sodium Acryloyldimethyl Taurate Copolymer, Isododecane, Betaine, Xanthan Gum, Usnea Barbata (Lichen) Extract, Sodium Hyaluronate, Angelica Gigas Root Extract, Panax Ginseng Root Extract, 1,2-Hexanediol, Caprylyl Glycol, Dimethicone, Dimethicone/Vinyl Dimethicone Crosspolymer, Glyceryl Caprylate, Soluble Collagen, Dipotassium Glycyrrhizate, Allantoin, Adenosine, Disodium EDTA, Pulsatilla Koreana Extract, Zanthoxylum Piperitum Fruit Extract, Ethylhexylglycerin, Sorbitan isostearate, Squalane, Sodium Acetylated Hyaluronate, Hydrolyzed Hyaluronic Acid, Fragrance;4.6;Eye Cream;Eye Care;untuk melembapkan, mengurangi kerutan dan garis halus di sekitar mata, sehingga membuat area mata lebih kencang dan tampak sehat. sebagai anti-wrinkle dan mengencangkan kulit, sehingga dapat mempertahankan elastisitas kulit. Juga memberikan efek hangat alami yang bermanfaat meningkatkan sirkulasi darah dan membantu penyerapan nutrisi, sehingga menghasilkan kompleksi yang lebih segar sambil menggantikan nutrisi yang diperlukan agar kulit menjadi lebih sehat dan terjaga keremajaannya.
Peptide Eye Cream;THE AUBREE;Rp73.125;Aqua, Cyclopentasiloxane, Dimethicone, Cetearyl Alcohol, Glycerin, Sodium PCA, Propylene Glycol Dibenzoate, PEG/PPG-20/20 Phenylisopropyl Caprylyl Dimethicone, Panax Ginseng Root Extract, Phenoxyethanol, Triethanolamine, PEG-20 Stearate, Carbomer, Polyacrylamide, C13-14 Isoparaffin, Laureth-7, Tocopheryl Acetate, Tetrasodium EDTA, Palmitoyl Tripeptide-1, Palmitoyl Tetrapeptide-7;3.5;Eye Cream;Eye Care;Krim perawatan mata yang dapat membantu mencerahkan lingkaran hitam dan memudarkan garis halus di area mata.
SKIN1004 Magadascar Centella Probio-Cica Bakuchiol Eye Cream;SKIN1004;Rp120.000;Centella Asiatica Extract, Glycerin, Butylene Glycol, Dipentaerythrityl Hexa C5-9 Acid Esters, 1,2-Hexanediol, Niacinamide, Squalane, Water(Aqua), Polyglyceryl-3 Distearate, Cetearyl Alcohol, Caprylic/Capric Triglyceride, Betaine, Butyrospermum Parkii (Shea) Butter, Heptyl Undecylenate, Lactobacillus/Centella Asiatica Extract Ferment Filtrate, Glyceryl Stearate, Bakuchiol, Panthenol, Acrylates/C10-30 Alkyl Acrylate Crosspolymer, Palmitic Acid, Tromethamine, Stearic Acid, Glyceryl Stearate Citrate, Carbomer, Ethylhexylglycerin, Adenosine, Macadamia Ternifolia Seed Oil, Sodium Phytate, Sodium Hyaluronate, Hydrogenated Lecithin, Ceramide NP, Glyceryl Acrylate/Acrylic Acid Copolymer, Dextrin, Theobroma Cacao (Cocoa) Extract, Polyglyceryl-10 Myristate, Phytosphingosine, Madecassic Acid, Asiaticoside, Hydrolyzed Extensin, Sucrose Distearate, Asiatic Acid, Lauric Acid, Phytosterols, Hydrolyzed Hyaluronic Acid, Caprylyl Glycol, Acetyl Hexapeptide-8;4.5;Eye Cream;Eye Care;memberikan efek kelembapan, dan membantu merawat kekencangan kulit. untuk perawatan anti-aging, Menenangkan kulit & menguatkan skin barrier
Licorice pH Balancing Intensive Eye Cream;ACWELL;Rp245.650;WATER, GLYCERIN, PROPANEDIOL, CYCLOHEXASILOXANE, GLYCYRRHIZA GLABRA (LICORICE) ROOT WATER, 1,2-HEXANEDIOL, NIACINAMIDE, DICAPRYLYL CARBONATE, CETYL ALCOHOL, SQUALANE, LAMINARIA JAPONICA EXTRACT, ECLIPTA PROSTRATA LEAF EXTRACT, THEOBROMA CACAO (COCOA) SEED EXTRACT, FICUS CARICA (FIG) FRUIT EXTRACT, CENTELLA ASIATICA EXTRACT, ACMELLA OLERACEA EXTRACT, GLYCYRRHIZA URALENSIS (LICORIC E) ROOT EXTRACT, RUBUS FRUTICOSUS (BLACKBE RRY) FRUIT EXTRACT, VACCINIUM ANGUSTIFOLIUM (BLUEBERRY) FRUIT EXTRACT, MALPIGHIA GLABRA (ACEROLA) FRUIT EXTRACT, HYDROGENATED LECITHIN, SODIUM HYALURONATE, CAMELLIA SINENSIS LEAF WATER, BEHENYL ALCOHOL, POLYGLYCERYL-2 STEARATE, CETEARYL OLIVATE, CETEARYL ALCOHOL, SODIUM STEAROYL GLUTAMATE, GLYCERYL STEARATE, SORBITAN OLIVATE, STEARYL ALCOHOL, DIPROPYLENE GLYCOL, ARGININE, ACRYLATES/C10-30 ALKYL ACRYLATE CROSSPOLYMER, BUTYLENE GLYCOL, GLYCERYL STEARATE SE, AMMONIUM ACRYLOYLDIMETHYL TAURATE/VP COPOLYMER, CHOLESTEROL, DEXTRIN, XANTHAN GUM, ADENOSINE, FRUCTOOLIGOSACCHARIDES, CERAMIDE NP, BETA-GLUCAN, DISODIUM EDTA, CAFFEINE, PANTHENOL, HYDROLYZED HYALURONIC ACID, RAFFINOSE, FOLIC ACID, TOCOPHEROL, TROMETHAMINE, BIFIDA FERMENT LYSATE, GLUTATHIONE, PALMITOYL PENTAPEPTIDE-4, ACETYL HEXAPEPTIDE-8, ETHYLHEXYLGLYCERIN, CAPRYLYL GLYCOL;2.3;Eye Cream;Eye Care;Krim mata untuk mencerahkan lingkaran hitam, menyamarkan tanda-tanda penuaan, dan mengurangi bengkak.
The Real Noni Ultimate Eye Cream;CELIMAX;Rp381.650;Morinda Citrifolia Fruit Extract, Aqua, Glycerin, Glyceryl Stearate, Butylene Glycol, Caprylic/Capric Triglyceride, Cetearyl Alcohol, Phenyl Trimethicone, 1,2-Hexanediol, Morinda Citrifolia Seed Oil, Niacinamide, Beeswax, Butyrospermum Parkii (Shea) Butter, Hydrogenated Poly(C6-14 Olefin), Polyglyceryl-3 Methylglucose Distearate, Simmondsia Chinensis (Jojoba) Seed Oil, Polymethylsilsesquioxane, Sodium Acrylate/Sodium Acryloyldimethyl Taurate Copolymer, Polyisobutene, Bakuchiol, Phytosteryl/Isostearyl/Cetyl/Stearyl/Behenyl Dimer Dilinoleate, Ethylhexylglycerin,  Sodium Stearoyl Glutamate, Tocopherol, Caprylyl/Capryl Glucoside, Sorbitan Oleate, Melia Azadirachta Flower Extract, Adenosine, Melia Azadirachta Leaf Extract, Ocimum Sanctum Leaf Extract, Disodium EDTA, Rosmarinus Officinalis (Rosemary) Leaf Oil, Curcuma Longa (Turmeric) Root Extract, Corallina Officinalis Extract, Coccinia Indica Fruit Extract, Ceramide NP, Hydrogenated Lecithin, Solanum Melongena (Eggplant) Fruit Extract, Dipropylene Glycol, Acetyl Hexapeptide-8, Copper Tripeptide-1, Oligopeptide-29, Oligopeptide-32.;0;Eye Cream;Eye Care;Pelembap mata yang membantu memberikan kelembapan dan nutrisi yang intens pada area kulit sekitar mata. membantu menyamarkan garis halus sekitar mata.  mencerahkan kulit sekitar mata. 
Crystal Secret Eyes Dark Circle Corrector;WARDAH;Rp92.500;Aqua, Niacinamide, Caprylyl Methicone, Propanediol, Ammonium Acryloyldimethyltaurate/VP Copolymer, Cucumis Sativus Fruit Extract, Leontopodium Alpinum Extract, PEG-12 Dimethicone/PPG-20 Crosspolymer, Glycerin, Propylene Glycol, PEG-32, Glycosaminoglycans, Allantoin, Hydroxypropyl Cyclodextrin, Tocopheryl Acetate, Xanthan Gum, Sodium Hyaluronate, Adenosine, Trisodium EDTA, Caprylhydroxamic Acid, Ethylhexylglycerin, Alpha-Arbutin, Citric Acid, Chlorphenesin, Diazolidinyl Urea, Sodium Benzoate, Phenoxyethanol, Potassium Sorbate.;5;Eye Cream;Eye Care;membantu menyamarkan kantung mata dan lingkaran hitam, serta membuat kulit di sekitar mata lebih segar. membuat kulit cerah secara optimal. melembabkan kulit sekitar mata serta menjaga keseimbangannya sehingga elastisitas kulit tetap terjaga.
Caffeine Eyecream;SECA SKIN;Rp99.000;Water, Glycerin, Caffeine, Niacinamide, Propanediol 1, 2-Hexanediol, Pentylene GLycol, Dicaprylyl Carbonate, Camelia Sinensis Leaf Water, Glyceryl Acrylate/Acrylic Acid Copolymer, Hydroxyethyl Acrylate/Sodium Acryloyldimethyl Taurate Copolymer, Acrylates/c10-30 Alkyl Acrylate Crosspolymer, Betaine, Tromethamine, Adenosine, TocoPheryl Acetate, Ethylhexylglycerin, Sodium Phytate, Phenoxyethanol, Allantoin, Tocopherol.;5;Eye Cream;Eye Care;menyamarkan tampilan kantong mata dan garis halus, serta meratakan warna kulit pada bagian mata. Mengurangi pigmentasi lingkar mata - Mencerahkan area sekitar mata - Mengatasi kantung mata - Melembabkan dan menenangkan kulit. menangkap zat pelembab dan menenangkan secara efektif,mencegah pembentukan melanin untuk memudarkan lingkar hitam pada mata
Intensive Nourishing Eye Cream Alpha Arbutin + Squalane + Kojic Acid + Retinol + Peptide + Edelweiss Extract;AVOSKIN;Rp160.550;Aqua, Glycerin, Arbutin, Cetearyl Alcohol, Steareth-20, Ethylhexyl Palmitate, Butylene Glycol, Steareth-2, Caprylic/capric Triglyceride, Squalane, Tocopheryl Acetate, Propanediol, Leontopodium Alpinum Callus Culture Extract, Acrylates/c10-30 Alkyl Acrylate Crosspolymer, 1,2-Hexanediol, Sodium Bisulfite, Kojic Acid, Methyl Methacrylate Crosspolymer, Sodium Hydroxide, Sodium Hyaluronate, Tetrasodium EDTA, Caprylhydroxamic Acid, DNA, Retinol, Hydrogenated Lecithin, Cholesterol, Phenoxyethanol, BHT, Xanthan Gum, Phaseolus Radiatus Seed Extract, BHA, Carbomer, Palmitoyl Hexapeptide-12, Potassium Sorbate, Avena Sativa Meal Extract, Sodium Metabisulfite, Biotin;5;Eye Cream;Eye Care;merawat kulit di sekitar area mata. membantu mencerahkan kulit di sekitar area mata, menyamarkan lingkaran hitam, menyamarkan garis halus, menyamarkan kantung mata, serta menjaga area kontur mata agar tetap sehat dan lembap.
