name;brand;price;ingredients;rating;sub-category;category;benefit
Crystallure Superme Advance Eye Serum;WARDAH;Rp187.000;Aqua, Glycerin, Isohexadecane, Dipropylene Glycol, Dimethicone, Niacinamide, Methyl Methacrylate Crosspolymer, Nylon-12, PEG-10 Dimethicone, Butylene Glycol, Phenoxyethanol, Hydrogenated Castor Oil, Bisabolol, Ectoin, Dimethicone/PEG-10/15 Crosspolymer, Chlorphenesin, Dimethicone/Polyglycerin-3 Crosspolymer, Disodium EDTA, Chenopodium Quinoa Seed Extract, Hydroxyectoin, Caprylyl Glycol, Sodium Citrate, Acetyl Hexapeptide-8, Benzoic Acid, Tocopherol, Acetyl Heptapeptide-9, Xanthan Gum, Glyceryl Caprylate, Colloidal Gold, Propanediol, Benzyl Alcohol.;4.4;Eye Serum;Eye Care;mengoptimalisasi peremajaan kulit pada daerah sekitar mata sehingga kulit lebih kenyal, kencang dan cerah, membantu meminimalkan tampilan garis-garis halus. menjadikan area mata terasa lebih kencang dan kenyal, serta menghidrasinya. menyamarkan kantung mata, lingkaran hitam, dan kerutan di sekitar mata
Sukin Brightening Illuminating Eye Gel 15ml Tube;SUKIN;Rp159.250;Water (Aqua), Glycerin, Hydroxyethylcellulose, Terminalia Ferdinandiana Fruit Extract (Kakadu Plum), Caffeine, Coffea Arabica (Coffee) Seed Extract, Ananas Sativus (Pineapple) Fruit Extract, Carthamus Tinctorius (Safflower) Extract, Squalane, Coconut Alkanes, Cetearyl Olivate, Sorbitan Olivate, Coco-Caprylate/Caprate, Xanthan Gum, Lecithin, Citric Acid, Phenoxyethanol, Benzyl Alcohol, Ethylhexylglycerin, Sodium Benzoate, Potassium Sorbate.;4.7;Eye Serum;Eye Care;menutrisi serta melembapkan area kulit mata  - Mengurangi dark circles dan mencerahkan area mata
Serum Mata Roll On Retinol - Menyamarkan Kerutan Halus;BREYLEE;Rp44.000;Aqua, Glycerin, Cyclopentasiloxane, Ethylhexylglycerin, 1,2-Hexanediol, Scutellaria Baicalensis Root Extract, Betaine, Cyclohexasiloxane, Sophora Angustifolia Root Extract, Tocopherol, Dimethicone, Triethoxycaprylylsilane, Panthenol, Phenoxyethanol, Ethylhexyl Palmitate, Hydroxyethyl Acrylate/Sodium Acryloyldimethyl Taurate Copolymer, Isononyl Isononanoate, Titanium Dioxide, Hyaluronic Acid, Hydrogenated Polyisobutene, Carbomer, Triethanolamine ,Xanthan Gum, Methylparaben, Synthetic Fluorphlogopite;4.4;Eye Serum;Eye Care;Melembabkan, men- gencangkan, dan membantu memperbaiki kulit. Efektif untuk menyamarkan garis- garis halus, kerutan, dan kantong mata, melembutkan serta mengencangkan kulit area mata dan membantu mencerahkan area mata akibat lingkaran hitam dan kantong mata.
Advance Action Eye Ampoule;AVOSKIN;Rp236.550;Water, Butylene Glycol, Pullulan, Niacinamide, Propanediol, Sodium Polyacrylate, 1,2-Hexanediol, Caprylhydroxamic Acid, Cucumis Sativus (Cucumber) Fruit Extract, Lactobacillus Ferment Lysate, Camellia Sinensis Leaf Extract, Punica Granatum Extract, Caprylyl Glycol, Sodium Hydroxide, Lactobacillus Ferment, Acetyl Tetrapeptide-5, Caffeine, Acetyl Hexapeptide-8;4.4;Eye Serum;Eye Care;merawat kulit sekitar mata dengan lebih optimal.
Eucalie Organic Lash & Brow Serum Bulu Mata Alis - Castor Peptide;EUCALIE;Rp151.240;Organic Castor Oil, Zinc, Acetyl Tetra Peptide-3, Green Tea Extract, Clover Flower Extract, Larix Europaea Wood Extract, Glycerin;4.9;Eye Serum;Eye Care;menutrisi dan merawat kesuburan bulu mata dan alis, Menjaga kekuatan bulu mata dan alis agar tidak mudah rontok, Merawat kondisi & meningkatkan penampilan bulu mata & alis
BASE Youthful Concentrate Eye Serum 15g;BASE;Rp125.100;Aqua, Glycerin, C15-19 Alkane, Butylene Glycol, 3-O-Ethyl Ascorbic Acid, Propanediol, Cetearyl Olivate, Caprylic/capric Triglyceride, Dicaprylyl Carbonate, Xanthan Gum, Niacinamide, Sorbitan Olivate, Ammonium Acryloyldimethyltaurate/VP Copolymer, Bakuchiol, Hydroxyacetophenone, Fraxinus Excelsior Bark Extract, BHT, Disodium EDTA, Glycolic Acid, Caprylyl Glycol, Potassium Citrate, Silanetriol, O-Cymen-5-ol, Acetyl Hexapeptide-8;4;Eye Serum;Eye Care;membantu mencegah tanda-tanda penuaan dini. Membantu mencerahkan, menyamarkan kerutan, dan merawat kekencangan kulit sekitar mata. Serum yang menargetkan tanda penuaan sekitar mata untuk mendapatkan tampilan mata lebih muda dan cerah. mengurangi kerutan dan kantung mata. Lengkap dengan sensasi dingin untuk menyejukkan mata lelah. mengurangi kerutan, meningkatkan elastisitas kulit dan membantu mengurangi kerutan, mengurangi area lingkaran hitam dan intensitas kegelapan
Bio Gold Eye Power Illuminator;BIO-ESSENCE;Rp383.900;Water, Butylene Glycol, Niacinamide, Euglena Gracilis Extract, Acetyl Tetrapeptide-5, Caprooyl Tetrapeptide-3, Glycerin, Tocopherol, Dextran, Pentylene Glycol, Glycerin, Urea, Sodium Hydroxide, Fructose, Citric Acid, Trehalose, Sodium PCA, Sodium Lactate, Sodium Chloride, Maltose, Allantoin, Sodium Hyaluronate, Glucose, Panax Ginseng Root Extract, Angelica Archangelica Root Extract, Lycium Barbarum Fruit Extract, Camellia Sinensis Leaf Extract, Aloe Barbadensis Leaf Juice, Sodium Carbomer, PPG-26-Buteth-26, PEG-40 Hydrogenated Castor Oil, Fragrance, Zinc Chloride, Sodium Oxide, Calcium Oxide, Magnesium Oxide, Alumina, Ferric Chloride, Phenoxyethanol, Chlorphenesin, Colloidal Gold;4.6;Eye Serum;Eye Care;membantu menyamarkan tanda awal penuaan kuit agar area mata tampak cerah berseri. Memberikan nutrisi untuk membantu memelihara tampilan tekstur kulit dan menyamarkan garis-garis halus disekitar mata. Menyamarkan kantung mata akibat kurang tidur, mata menjadi nampak segar dan tetap sehat. Formulanya membantu menyamarkan area gelap bawah mata agar mata nampak cerah dan bercahaya. Membantu mengurangi tampilan kusam di sekitar mata agar mata nampak lebih besar dan hidup.
Glo Rad+ Instant Refresh Puffy Eyes Eye Wake Up Roller;EMINA;Rp85.800;Aqua, Niacinamide, Glycerin, Ammonium Acryloyldimethyltaurate/VP Copolymer, Propanediol, Aluminum Starch Octenylsuccinate, Hydroxypropyl Methylcellulose, Polyglyceryl-10 Laurate, Polyglyceryl-4 Caprate, Pullulan, Titanium Dioxide, 1,2-Hexanediol, Chlorphenesin, Polyacrylate Crosspolymer-6, Allantoin, Propylene Glycol, Sorbitan Oleate, Disodium EDTA, Glycyrrhiza Glabra (Licorice) Root Extract, Caprylhydroxamic Acid, Porphyridium Cruentum Extract, Diosmine, Coleus Forskohlii Root Extract, Butylene Glycol, Ammonium Polyacrylate, Phenoxyethanol, Lecithin, Ferulic Acid, Chenopodium Quinoa Seed Extract, Palmitoyl Tetrapeptide-7, Hydroxyethylcellulose, Laurdimonium Hydroxypropyl Hydrolyzed Soy Protein, Polysorbate 20, PEG-35 Castor Oil, PEG-40 Hydrogenated Castor Oil, Tocopheryl Acetate, CI 77492, CI 77491, CI 77499.;5;Eye Serum;Eye Care;memberikan instant-refresh dan mengecilkan mata panda. memberikan instant mencerahkan, soothing dan calming pada mata yang lelah dan berkantung. meningkatkan sirkulasi darah dan meningkatkan skin barrier pada area sekitar mata. sebagai teknologi yang dapat memberikan sampai 10 layer kulit terdalam
Glycolic Bright Eye Serum;LOREAL PARIS;Rp131.750;AQUA / WATER, NIACINAMIDE, GLYCERIN, PEG/PPG/POLYBUTYLENE GLYCOL-8/5/3 GLYCERIN, BUTYLENE GLYCOL, ASCORBYL GLUCOSIDE, METHYL GLUCETH-20, CARBOMER, GLYCOLIC ACID, TRIETHANOLAMINE, SODIUM HYALURONATE, PHENOXYETHANOL, CAPRYLYL GLYCOL, CITRUS LIMON FRUIT EXTRACT / LEMON FRUIT EXTRACT, BIOSACCHARIDE GUM-1, POLYSORBATE 20;5;Eye Serum;Eye Care;Serum ini membantu mencerahkan area bawah mata, menyamarkan lingkaran hitam, meratakan warna kulit, memberikan efek pijatan yang menyegarkan, serta menghadirkan sensasi dingin instan untuk mengurangi tampilan mata lelah.
Retinol Complex Power Eye Serum;TRUEVE;Rp117.510;Retinol Complex, Ameyezing, Ceraboost, Caffeine;4.5;Eye Serum;Eye Care;Serum ini membantu mengurangi garis halus dan kerutan, menyamarkan lingkaran hitam, serta merawat dan menutrisi kulit di sekitar mata agar tampak lebih segar dan muda.
Eyeluminate Firming Serum C White;AZARINE;Rp42.000;AUSTRALIAN KAKADU PLUM & LEMON, COLLAGEN, POMEGRANADE, MADAGASCAR CENTELLA ASIATICA, Soybean Oil;4.4;Eye Serum;Eye Care;anti aging & mengurangi kerut sekitar mata, untuk mencerahkan DARK CIRCLE  dan mengurangi PUFFY EYES / MATA SEMBAB/ MATA PANDA.
Marigold Eyemazing Power Serum Concentrate;NPURE;Rp79.000;Water, Glycerin, Calendula Officinalis Flower Extract, Niacinamide, Propanediol, 1,2-Hexanediol, Pentylene Glycol, Butylene Glycol, Panthenol,  Palmitoyl Tripeptide-5, Copper Tripeptide-1, Acetyl Hexapeptide-8, Palmitoyl Tetrapeptide-7, Palmitoyl Tripeptide-1, Tocopherol, Biotin, Cyanocobalamin, Ascorbyl Tetraisopalmitate, Pyridoxine HCl, Linoleic Acid, Oleic Acid, Glyceryl Acrylate/Acrylic Acid Copolymer, Calendula Officinalis Flower Oil, Caffeine, Acrylates/C10-30 Alkyl Acrylate Crosspolymer, Hydroxyethyl Acrylate/Sodium Acryloyldimethyl Taurate Copolymer, Tromethamine, Adenosine, Allantoin, Tocopheryl Acetate, Ethylhexylglycerin, Sodium Phytate, Zerumbone, Colloidal Gold, Palmitic Acid, Aloe Barbadensis Leaf Extract, Stearic Acid, Carbomer, Linolenic Acid, Polysorbate 20, Hexylene Glycol, Decylene Glycol, Totarol;4.5;Eye Serum;Eye Care;membantu mengurangi tampilan kerutan, garis halus, lingkaran hitam, dan kantung mata. 
Eye Serum;THE ORIGINOTE;Rp40.700;Water, butylene glycol, glycerin, cyclopentasiloxane, squalane, niacinamide, cetearyl, alcohol, ammonium acryloyldimethyltaurate/vp copolymer, lactobacillus/rice ferment, polyglyceryl-6 distearate, 1,2-hexanediol, hydroxyacetophenone, cetearyl glucoside, dimethicone crosspolymer, jojoba esters, lecithin, sodium hyaluronate, caffeine, cyclodextrin, collagen, allantoin, polyglyceryl-3 beeswax, cetyl alcohol, beta-glucan, escin, glycyrrhiza uralensis (licorice) root extract, polysorbate 20, trehalose, propanediol, phenoxyethanol, centella asiatica root extract, ethylhexylglycerin, caprylyl glycol, xanthan gum, palmitoyl tripeptide-1, arginine/lysine polypeptide;5;Eye Serum;Eye Care;memperbaiki dan melindungi area mata. mengurangi peradangan dan bengkak. mengencangkan area mata, mengunci kelembapan untuk mencegah kekeringan dan iritasi, dan meningkatkan produksi kolagen. mencerahkan bagian bawah mata yang gelap dan melindungi area mata dari kerusakan akibat sinar matahari.
Vegan Collagen Eye Serum;AXIS-Y;Rp209.000;Water, Methylpropanediol, Glycerin, 1,2-Hexanediol, Niacinamide, Adenosine, Collagen(450ppm), Sodium Hyaluronate, Hydrolyzed Hyaluronic Acid, Sodium Acetylated Hyaluronate, Tripeptide-1, Palmitoyl Pentapeptide-4, Hexapeptide-9, Acetyl Hexapeptide-8, Copper Tripeptide-1, Pyrus Malus (Apple) Fruit Extract, Prunus Mume Fruit Extract, Vitis Vinifera (Grape) Fruit Extract, Helianthus Annuus (Sunflower) Seed Oil, Simmondsia Chinensis (Jojoba) Seed Oil, Limnanthes Alba (Meadowfoam) Seed Oil, Carica Papaya (Papaya) Fruit Extract, Centella Asiatica Extract, Ficus Carica (Fig) Fruit Extract, Ulmus Davidiana Root Extract, Amaranthus Caudatus Seed Extract, Ceramide NP, Hydrogenated Lecithin, Leuconostoc/Radish Root Ferment Filtrate, Butylene Glycol, Hydroxyethyl Acrylate/Sodium Acryloyldimethyl Taurate Copolymer, C13-14 Alkane, Sodium Acrylic Acid/MA Copolymer, C15-23 Alkane, Ethylhexylglycerin, Decyl Glucoside, Caprylyl Glycol, Polyglyceryl-10 Stearate, Tocopherol;4.5;Eye Serum;Eye Care;memperbaiki garis halus, sembab, dan dark circle, sangat menutrisi dan mudah menyerap. memberikan sensasi kelembaban yang mendalam
5 in 1 Gentle Eyessential Serum;ELSHESKIN;Rp131.400;Aqua, Propanediol, Pentylene Glycol, Niacinamide, Saccharide Isomerate, Glycerin, Methylsilanol Mannuronate, Acetyl Hexapeptide-8, Caprylyl Glycol, Sodium Hyaluronate, Phenoxyethanol, Palmitoyl Tripeptide-5, Cichorium Intybus Root Oligosaccharides, Caesalpinia Spinosa Gum, Sodium Benzoate, Gluconolactone, Calcium Gluconate, Ceramide NP, PEG-7 Glyceryl Cocoate, Butylene Glycol, Laureth-3, Hydroxyethylcellulose, Acetyl Dipeptide-1 Cetyl Ester, Hydrogenated Starch Hydrolysate, Ascophyllum Nodosum Extract, Asparagopsis Armata Extract, Hydroxyethyl Acrylate/Sodium Acryloyldimethyl Taurate Copolymer, Panthenol, Sodium Acrylates Copolymer, Lecithin, Ethyl Ascorbic Acid, Malus Domestica Fruit Cell Culture Extract, Xanthan Gum, Bakuchiol, Tocopheryl Acetate, Chrysanthellum Indicum Extract, Astaxanthin, Ethylhexylglycerin, Allantoin, Hyaluronic Acid, Glycyrrhiza Glabra Root Extract, Caffeine, Disodium EDTA, Glucosyl Hesperidin, Polyglutamic Acid.;4;Eye Serum;Eye Care;memperbaiki skin barrier area kulit mata. mengatasi masalah mata seperti memudarkan mata yang hitam, kantung mata, kerutan, garis halus dan melembapkan mata.  
Serum Mata Roll On Hyaluronic Acid - Melembabkan;BREYLEE;Rp44.000;AQUA, GLYCERIN, NIACINAMIDE, DIMETHICONE, 1,2-HEXANEDIOL, BETAINE, SOPHORA, ANGUSTIFOLIA ROOT EXTRACT, SCUTELLARIA BAICALENSIS ROOT EXTRACT, TRIETHOXYCAPRYLYSILANE, PANTHENOL, HYDROXYETHYL ACRYLOYLDDIMETHYL TAURATE, COPOLYMER ISONONYL ISONINANOATE, HYDROGENATED POLYISOBUTENE, HYALURONIC ACID, TITANIUM DIOXIDE, CARBOMER, TRIETHANOLAMINE, XANTHAN GUM, SYNTHETIC FLUORPHLOGOPITE;4.8;Eye Serum;Eye Care;melembabkan dan menutrisi area sekitar mata, menyamarkan garis-garis halus dan kerutan dikarenakan kulit kering. Mengurangi lingkaran hitam dan melembutkan, serta membantu terlihat awet muda. mengurangi tekanan pada area sekitar mata. Dapat secara dalam melembabkan dan menutrisi area sekitar mata, menyamarkan garis-garis halus dan kerutan dikarenakan kulit kering. Mengurangi lingkaran hitam dan melembutkan, serta membantu terlihat awet muda.
Triple Roller 2.5% Hyaluron + Caffeine Eye Serum;LOREAL PARIS;Rp179.000;AQUA / WATER, GLYCERIN, HYDROXYETHYLPIPERAZINE ETHANE SULFONIC ACID, NIACINAMIDE, SODIUM HYALURONATE, CAFFEINE, CITRIC ACID, HYDROXYACETOPHENONE, TRISODIUM ETHYLENEDIAMINE, DISUCCINATE, ASCORBYL GLUCOSIDE, CAPRYLYL GLYCOL, CHLORPHENESIN;4.3;Eye Serum;Eye Care;menyamarkan garis halus, kulit area mata terasa lembap dan segar, garis halus dan kerutan tersamarkan dan kulit terasa kenyal. Area mata terasa kencang dan kenyal. Area mata tampak muda, segar dan menyamarkan mata tampak lelah, kantung mata tampak tersamarkan.
ISOI Blemish Care Eye Concentrate;ISOI;Rp492.150;Aqua, Glycerin, Caprylic/Capric Triglyceride, Cetyl Ethylhexanoate, Arbutin, Glyceryl Stearate, Macadamia Ternifolia Seed Oil, Betaine, Cetearyl Alcohol, Arachidyl Alcohol, Pentaerythrityl Tetraisostearate, Stearic Acid, Behenyl Alcohol, Butyrospermum Parkii (Shea) Butter, Arachidyl Glucoside, Butylene Glycol, Paeonia Suffruticosa Root Extract, Scutellaria Baicalensis Root Extract, Glycyrrhiza Glabra Root Extract, Allantoin, Olea Europaea (Olive) Fruit Oil, Panthenol, Xanthan Gum, Rosa Damascena Flower Oil, Adenosine, Adansonia Digitata Leaf Extract, Arctostaphylos Uva Ursi Leaf Extract, Calendula Officinalis Flower Extract, Hippophae Rhamnoides Fruit Extract, Rhodiola Rosea Root Extract, Sophora Flavescens Root Extract, 1,2-Hexanediol.;0;Eye Serum;Eye Care;menjadikan kulit sekitar mata tetap lembap. membantu mencerahkan lingkaran hitam di sekitar mata dan membuatnya tetap terhidrasi dengan baik.
Eye Essential Serum;THE BATH BOX;Rp132.000;Water, Kaolin, Propanediol, Bentonite, Rosa Rubiginosa Seed Oil, Jasminum Sambac Flower Extract, Hydrolyzed Sodium Hyaluronate, Phenoxyethanol, Ethylhexylglycerin;4.8;Eye Serum;Eye Care;mengurangi garis halus dan lingkaran hitam pada mata.
Serum Mata Roll On Vitamin C - Mencerahkan;BREYLEE;Rp48.000;AQUA, GLYCERIN, ETHYLHEXYLGLCERIN, CYCLOHEXASILOXANE, 1,2-HEXANEDIOL, HYDROXYETHYLPIPERAZINE ETHANE SULFONIC ACID, BETAINE, 3-O-ETHYL ASCORBIC ACID, SOPHORA ANGUSTIFOLIA ROOT EXTRACT, SCUTELARIA BAICALENSIS ROOT EXTRACT, TRIETHOXYCAPRYLYLSILANE, DIMETHICONE, ISONONYL, ISONONANOATE, HYDRIXYETHYL ACRYLATE/SODIUM ACRYLOYLDIMETHYL TAURATE, COPOLYMER, PHENOXYETHANOL, ETHYLHEXYL PALMITATE, PANTHENOL, HYDROGENATED POLYSIBUTENE, TITANIUM DIOXIDE, HYALURONIC ACID, CARBOMER;3.8;Eye Serum;Eye Care;melembabkan, membantu memperbaiki tekstur kulit, antioksidan dengan kemampuan perlindungan, efektif untuk mencegah pembentukan melanin, membantu mencerah- kan warna kulit pada area mata, menyamarkan lingkaran hitam pada area mata, mengurangi kantong mata, dan melembutkan area kulit bawah mata.
Green Tea Seed Eye and Face Ball;INNISFREE;Rp 219.750 - Rp 240.750;WATER / AQUA / EAU, BUTYLENE GLYCOL, PROPANEDIOL, GLYCERIN, DIMETHICONE, METHYL TRIMETHICONE, POLYGLYCERYL-3 METHYLGLUCOSE DISTEARATE, TREHALOSE, PANTHENOL, 1,2-HEXANEDIOL, CETEARYL ALCOHOL, AMMONIUM ACRYLOYLDIMETHYLTAURATE/VP COPOLYMER, LACTOBACILLUS FERMENT LYSATE, GLYCERYL STEARATE, SQUALANE, ACRYLATES/ C10-30 ALKYL ACRYLATE CROSSPOLYMER, GLYCERYL CAPRYLATE, FRAGRANCE / PARFUM, TROMETHAMINE, HYDROGENATED LECITHIN, STEARIC ACID, ETHYLHEXYLGLYCERIN, DISODIUM EDTA, PALMITIC ACID, CAMELLIA SINENSIS LEAF EXTRACT, LACTIC ACID, CAMELLIA SINENSIS SEED OIL, LINALOOL, LIMONENE, SODIUM HYALURONATE, CAMELLIA SINENSIS SEED EXTRACT, MYRISTIC ACID, HYDROLYZED HYALURONIC ACID, CERAMIDE NP, LAURIC ACID, SODIUM HYALURONATE CROSSPOLYMER, PHYTOSPHINGOSINE, HYALURONIC ACID, SODIUM ACETYLATED HYALURONATE;4.8;Eye Serum;Eye Care;menghidrasi secara mendalam dan menyegarkan area mata yang lelah dan garis ekspresi. memberi kelembaban pada kulit lebih efisien.
Hydrating Eye Cream;FOCALSKIN;Rp67.600;AQUA, GLYCERIN, CAMELLIA SINENSIS LEAF WATER, ETHYLHEXYL PALMITATE, NIACINAMIDE, DIMETHICONE, PROPANEDIOL, CETEARYL ALCOHOL, POLYSORBATE 60, SORBITAN STEARATE, BUTYLENE GLYCOL, PRUNUS AMYGDALUS DULCIS OIL, POLYSILICONE-11, 1,2-HEXANEDIOL, SILOXANETRIOL ALGINATE, HYDROXYACETOPHENONE, CAPRYLIC/CAPRIC TRIGLYCERIDE, SODIUM POLYACRYLOYLDIMETHYL TAURATE, CAMELLIA SINENSIS LEAF EXTRACT, HYDROGENATED POLYDECENE, CARBOMER, PORTULACA OLERACEA EXTRACT, ADENOSINE, TREHALOSE, PARFUM, CAFFEINE, SODIUM HYDROXIDE, TRIDECETH-10, POLYGLYCERYL-10 MYRISTATE, POLYSORBATE 80, ISONONYL ISONONANOATE, RETINYL PALMITATE, SODIUM HYALURONATE, PHENOXYETHANOL, PHELLODENDRON AMURENSE BARK EXTRACT, TOCOPHERYL ACETATE, SORBIC ACID, ADANSONIA DIGITATA FRUIT EXTRACT, AVENA SATIVA STRAW EXTRACT, BHT, HYDROGENATED LECHITIN, VACCINIUM MACROCARPON FRUIT EXTRACT, AESCULUS HIPPOCASTANUM EXTRACT, MORINDA CITRIFOLIA EXTRACT, RIBES RUBRUM FRUIT EXTRACT, POLYSORBATE 20, NARCISSUS TAZETTA BULB EXTRACT, TRIPEPTIDE-1, ACETYL HEXAPEPTIDE-8, PALMITOYL TRIPEPTIDE-1, HEXAPEPTIDE-9, PALMITOYL TRIPEPTIDE-5, PALMITOYL PENTAPEPTIDE-4, PALMITOYL TETRAPEPTIDE-7;0;Eye Serum;Eye Care;Menyamarkan garis halus & mengencangkan kulit area mata, Mencerahkan, Melembabkan dan menenangkan, Mengatasi kantong mata dan mata panda yang membandel
