name;brand;price;ingredients;rating;sub-category;category;benefit
Bakuchiol & Vitamin C Face Oil;DJAMUJAMU;Rp163.400;Simmondsia Chinensis Seed Oil (Jojoba Oil), Ascorbyl Tetraisopalmitate, Aleurites Moluccanus Seed Oil (Candlenut Oil), Phenoxyethanol, Bakuchiol, Candida Bombicola/Glucose/Methyl Rapeseedate Ferment, Citrus Aurantium Dulcis Oil (Orange Oil), Zingiber Ofﬁcinale Root Oil (Ginger Oil), Oryza Sativa Germ Oil, BHT, Tocopheryl Acetate, Gardenia Jasminoides Fruit Extract, Schisandra Chinensis Fruit Extract, Curcuma Longa Root Extract, Lithospermum Erythrorhizon Root Extract;4.8;Face Oil;Moisturizer;menyeimbangkan dan melembutkan kulit, Anti-Jerawat dan Anti-Penuaan, menghidrasi yang kuat membantu mengunci kelembapan kulit, membuat kulit lembut dan halus, mengendalikan peradangan
Golden Age Skin Refining Oil;YOU BEAUTY;Rp114.750;Coco-Caprylate/Caprate, Caprylic/Capric Triglyceride, Fragrance, Canola Oil, Punica Granatum Seed Oil, Simmondsia Chinensis (Jojoba) Seed Oil, Rosa Canina Fruit Oil, Limnanthes Alba (Meadowfoam) Seed Oil, Daucus Carota Sativa (Carrot) Seed Oil, Tocopherol, Olea Europaea (Olive) Fruit Oil, Squalane, Helianthus Annuus (Sunflower) Seed Oil, Hydrolyzed Carrot Root Extract, Tocopheryl Acetate, Beta-Carotene, Elaeis Guineensis (Palm) Oil, Gossypium Herbaceum (Cotton) Seed Oil, Bidens Pilosa Extract, Linum Usitatissimum (Linseed) Seed Oil, Betaine, Bakuchiol, Water, Glycerin, Portulaca Oleracea Extract, Butylene Glycol, 1,2-Hexanediol, Hydroxyacetophenone, Polysorbate 20, Ethylhexylglycerin, Triethanolamine, Polyacrylic Acid, Palmitoyl Tetrapeptide-7, Palmitoyl Tripeptide-1;4.9;Face Oil;Moisturizer;Menyamarkan tampilan garis halus dan menjaga kekencangan kulit, menjaga kelembapan dan elastisitas kulit sehingga kulit terlihat kenyal, melindungi kulit dari bahan yang dapat merusak kulit, meningkatkan kelembapan kulit sehingga dapat menyamarkan garis halus, menjaga skin barrier
CLEAR Plant Derived Squalane Oil;HALE;Rp171.990;Squalane (99.6%), Glyceryl Caprylate, Caprylyl Glycol;4.9;Face Oil;Moisturizer;mengurangi kulit kering dengan mengunci kelembaban penting. non-komedogenik yang sangat baik yang mengurangi kehilangan kelembaban, membantu kulit memulihkan kekenyalannya. Menghidrasi semua jenis kulit secara efektif (termasuk kulit dengan masalah terkait jamur seperti seborrhea atau jerawat jamur) dengan sensasi lembut yang nyaman, tanpa rasa berat/berminyak.
Lush C Oil;KITSCHY;Rp79.380;Squalane, Ascorbyl Tetraisopalmitate, Jojoba Oil, Kojic Dipalmitate, Tocopherol Acetate, Dimethylmethoxy Chromanyl Palmitate, Sunflower Oil, Rose Oil, Aqua, Niacinamide, Glycerin, Isononyl isononanoate, Cetearyl Alcohol, Milk Protein, Allantoin, Tocopherol, BHT, Retinol, Sodium Hyaluronate, Phenoxyethanol, Ppg-13-Decyltetradeceth-24, Ceteareth-20, Acrylates/c10-30 alkyl acrylate crosspolymer, Poloxamer 234, Disodium EDTA, Pentaerythrityl tetra-di-t-butyl hydroxyhydrocinnamate, Triethanolamine, Pentylene glycol, Ethylhexylglycerin, Sodium Ascorbate, Polysorbate 20, Epigallocatechin gallate, BHA, Phaseolus radiatus seed extract, Canavalia gladiata seed extract, Glycine Soja (Soybean) Seed Extract, Lens Esculenta (Lentil) Seed Extract, Ceratonia Siliqua Seed Extract, Pueraria lobata root extract, Lactobacillus ferment lysate, 1,2-hexanediol, Cyclohexane, Acrylic Acid.;4.8;Face Oil;Moisturizer;Meremajakan kulit kusam, Mencerahkan Kulit kusam, Memperbaiki kulit kusam, Memudarkan bintik hitam dan hiperpigmentasi
Barrier Booster Facial Oil;SKINTIFIC;Rp154.200;COCO-CAPRYLATE/CAPRATE, HELIANTHUS ANNUUS (SUNFLOWER) SEED OIL, TRIETHYLHEXANOIN, TOCOPHERYL ACETATE, SQUALANE, DICAPRYLYL CARBONATE, GLYCERYL CAPRYLATE, SIMMONDSIA CHINENSIS (JOJOBA) SEED OIL, CAPRYLYL GLYCOL, ELAEIS GUINEENSIS (PALM) OIL, PERSEA GRATISSIMA (AVOCADO) OIL, VITIS VINIFERA (GRAPE) SEED OIL, CERAMIDE EOP, CERAMIDE NS, CERAMIDE NG, CERAMIDE AS, CERAMIDE AP, CERAMIDE NP, LIMNANTHES ALBA (MEADOWFOAM) SEED OIL（Salvia Hispanica L.）, CAMELLIA JAPONICA SEED OIL, SCLEROCARYA BIRREA SEED OIL, MACADAMIA INTEGRIFOLIA SEED OIL, ROSA CANINA FRUIT OIL, PLUKENETIA VOLUBILIS SEED OIL, TOCOPHEROL, BUTYROSPERMUM PARKII (SHEA) BUTTER, HYDROGENATED LECITHIN, DIPROPYLENE GLYCOL, SUCROSE DISTEARATE, CHOLESTEROL;5;Face Oil;Moisturizer;menghidrasi, melembutkan dan menenangkan kulit. Diformulasikan khusus untuk perbaikan skin barrier secara intensif dan mendalam, terutama untuk permasalahan kulit kering, bertekstur dan kemerahan. pemulihan skin barrier.
Almond Oil;HAPLE;Rp79.000;Almond oil;4;Face Oil;Moisturizer;Melembabkan kulit, rambut, dan bibir, Membuat kulit glowing, Meringankan tampilan dark spots dan dark circles, Merawat kulit yang mengalami luka, Menenangkan kulit kemerahan dan radang, Merawat kulit dengan bekas jerawat, Menyerap dengan mudah ke dalam kulit, Meringankan tampilan garis-garis halus, Pelindung UV alami (SPF 5), Menjaga elastisitas kulit, Memberikan sensasi lembut pada kulit, Meningkatkan pertumbuhan bulu mata dan alis, Pembersihan mendalam untuk kulit, Merawat kulit yang mengalami eksim dan psoriasis, Untuk nyeri otot dan kelelahan.
Retinol Oil;TULUS;Rp389.000;(Meadowfoam) Seed Oil, Dimethyl Isosorbide, Tocopheryl Acetate, Anthemis Nobilis Flower Oil, Bisabolol, Hydroxypinacolone Retinoate, Melia Azadirachta Leaf Extract, Melia Azadirachta Flower Extract, Coccinia Indica Fruit Extract, Chamomilla Recutita (Matricaria) Flower Extract, Solanum Melongena (Eggplant) Fruit Extract, Aloe Barbadensis Flower Extract, Simmondsia Chinensis (Jojoba) Seed Oil, Curcuma Longa (Turmeric) Root Extract, Corallina Officinalis Extract, Ocimum Sanctum Leaf Extract ;5;Face Oil;Moisturizer;meremajakan kulit sehingga dapat menyamarkan tanda penuaan dini yang berlaku bagi segala jenis kulit. menyeimbangkan kembali kondisi kulit yang mungkin kering akibat retinol. membuat kulit cerah, segar, dan kenyal di pagi hari. melindungi lapisan pada kulit kita sehingga efektif melembabkan dan menyeimbangkan kulit. merawat kulit dengan baik dari penyumbatan pori, jerawat, dan hiperpigmentasi kulit.
Let's Carrot Multi Oil;BENTON;Rp290.000;Caprylic/Capric Triglyceride, Coco-Caprylate/Caprate, Helianthus Annuus (Sunflower) Seed Oil, Olea Europaea (Olive) Fruit Oil, Polyglyceryl-2 Isostearate/Dimer Dilinoleate Copolymer, Lithospermum Erythrorhizon Root Oil, Canola Oil, Olea Europaea (Olive) Husk Oil, Vitis Vinifera (Grape) Seed Oil, Oenothera Biennis (Evening Primrose) Oil, Glyceryl Caprylate, Persea Gratissima (Avocado) Oil, Tocopherol, Daucus Carota Sativa (Carrot) Seed Oil(1000ppm), Daucus Carota Sativa (Carrot) Root Extract(660ppm), Olus (Vegetable) Oil, Tocopheryl Acetate, Beta-Carotene,Santalum Album (Sandalwood) Oil, Melaleuca Alternifolia (Tea Tree) Leaf Oil, Mentha Piperita (Peppermint) Oil;4.8;Face Oil;Moisturizer;memberikan kelembapan, menjaga elastisitas, kekenyalan serta menutrisi kulit.
Luxurious Face Oil;BIO BEAUTY LAB;Rp 96.000 - Rp 256.000;Squalane oil, evening primrose oil, Rose Hip seed oil, sweet almond oil, Vitamin E, geranium essential oil. Frankincense essential oil, lemon essential oil;5;Face Oil;Moisturizer;menyembuhkan jerawat & beruntusan ringan, memudarkan flek hitam, bekas jerawat, mengontrol kadar minyak berlebih dan mencegah timbulnya jerawat dan bisa di mix dengan foundation agar makeup lebih tahan lama dan flawless. bisa menyerap ke kulit lebih cepat sehingga tidak membuat greasy / berminyak, dapat membantu menghidrasi kulit yg kering
Noni Glow Concentrate;ADARA COSMETICS;Rp64.965;Simmondsia Chinensis (Jojoba) Seed Oil, C12-15 Alkyl Benzoate, Squalane, Vitis Vinifera (Grape) Seed Oil, Cocos Nucifera Oil, Rosa Canina Fruit Oil, Glycine Soja (Soybean) Oil, Hippophae Rhamnoides Seed Oil, Morinda Citrifolia Fruit Extract, Plumeria Alba (Frangipani) Flower Oil, Tocopherol, Citrus Aurantium Amara Flower Extract, Jasminum Officinale Flower Extract, Lavandula Angustifolia Flower Extract, Paeonia Officinalis Flower Extract, Prunus Serrulata Flower Extract, Sambucus Nigra Flower Extract, Rosa Damascena Flower Oil, Helianthus Annuus (Sunflower) Seed Oil. ;5;Face Oil;Moisturizer;Mencerahkan kulit, Menutrisi kulit, Memberikan efek Glowing Skin/Glass Skin,�Membuat makeup lebih flawless & tahan lama, Anti Cakey Makeup
Grapeseed Oil;HAPLE;Rp79.000;100% Pure Grapeseed Oil (Origin Spain);4.5;Face Oil;Moisturizer;FACE OIL UNTUK OIL CONTROL
BLUE Brightening Facial Oil;HALE;Rp171.990;Camellia Sinensis Seed Oil, Caprylic/Capric Triglyceride, Helianthus Annuus (Sunflower) Seed Oil, Tocopheryl Acetate, Bisabolol, Chamomilla Recutita (Matricaria) Flower Extract, Melia Azadirachta Leaf Extract, Melia Azadirachta Flower Extract, Coccinia Indica Fruit Extract, Solanum Melongena (Eggplant) Fruit Extract, Aloe Barbadensis Flower Extract, Simmondsia Chinensis (Jojoba) Seed Oil, Curcuma Longa (Turmeric) Root Extract, Corallina Officinalis Extract, Ocimum Sanctum Leaf Extract.;5;Face Oil;Moisturizer;Melembapkan kulit, meningkatkan elastisitasnya, memberikan kilauan yang sehat, Mencerahkan kulit kusam dan meratakan warna kulit, Membantu mencegah dan mengurangi bintik-bintik gelap
Bio Renew Radiant Youth Facial Oil;BIO-ESSENCE;Rp319.900;Cyclopentasiloxane, Isohexadecane, Cyclotetrasiloxane, Dimethiconol, Camellia Sinensis Leaf Extract, Panax Ginseng Root Extract, Lycium Barbarum Fruit Extract, Royal Jelly Powder, Niacinamide, Euglena Gracilis Extract, Glycerin, Tocopherol;4.3;Face Oil;Moisturizer;membantu melindungi kulit dari paparan radikal bebas dan menutrisi kulit,membantu memelihara wajah cerah berseri, kulit terasa lembut dan terlindungi.
Acne Treatment Face Oil;BIO BEAUTY LAB;Rp 96.000 - Rp 256.000;grapeseed oil, jojoba oil, squalane oil, tamanu seed oil, vitamin E , tea tree essential oil, rosemary essential oil, lavender essential oil.;5;Face Oil;Moisturizer;membantu penyembuhan jerawat & beruntusan meradang secara cepat, mengontrol kadar minyak berlebih pada wajah, memudarkan flek hitam dan bekas jerawat pada wajah. membantu melawan bakteri penyebab jerawat & merawat kulit berjerawat.
Organic Argan Oil [ECOCERT Certified];EUCALIE;Rp175.200;Argan Oil;2.3;Face Oil;Moisturizer;Memberi kelembutan & kelembaban kulit dan rambut. Memperbaiki tekstur kulit dan mencegah keriput/ penuaan dini. Mengatasi kulit yang rusak dan terkena iritasi. Meningkatkan produksi kolagen.
Bakuchiol Night Oil;BHUMI;Rp 164.680 - Rp 253.130;Punica Granatum Seed Oil, Simmondsia Chinensis Seed Oil, Polysorbate 20, Sorbitan Oleate, Psoralea Corylifolia Seed Extract, Phenoxyethanol, Lactobionic Acid, Rosa Rugosa Flower Oil, Citrus Paradisi Peel Oil, Helianthus Annuus Seed Oil, Triticum Vulgare Germ Oil, Prunus Amygdalus Dulcis Oil, Citrus Aurantium Flower Oil, Calophyllum Inophyllum Seed Oil, Hippophae Rhamnoides Oil, BHT.;4.3;Face Oil;Moisturizer;memiliki efek anti-aging, mengatasi masalah jerawat aktif.
White Truffle Double Layer Revitalizing Serum;D'ALBA;Rp570.000;Trufferol (White Truffle +Tocopherol), Centella Asiatica, Hydrolyzed Hyaluronic Aci, Sunflower Seed Oil, Macadamia Nut Oil, Avocado Oil;5;Face Oil;Moisturizer;merawat kekencangan kulit dan menjadikan kulit tampak lebih cerah, menghidrasi kulit yang meresap sampai ke dalam pori-pori. membuat kulit sehat dan bercahaya.
Multi-Usage Dry Oil Golden Shimmer;NUXE;Rp620.000;Tsubaki Oil, Argan Oil, Macadamia Oil, Borage Oil, Camellia Oil, Hazelnut Oil, Sweet Almond Oil Texture enriched with mineral-origin golden pearly particles.;5;Face Oil;Moisturizer;memberikan nutrisi di kulit sehingga membuatnya terasa lebih lembut. Rambut pun akan terlihat lebih bervolume dan berkilau setelah pengaplikasian pada rambut. memberikan efek kulit sehat dan bercahaya. Menutrisi rambut kering, Membuat kulit menjadi lebih lembut dan lembab, Membantu menyamarkan selulit, Membuat rambut terlihat berkilau dan bervolume, Memberikan efek kilau yang halus sehingga kulit terlihat lebih sehat. 
Certified Organic Rosehip Oil;SUKIN;Rp207.350;Rosa Eglantaria (Rosehip) Oil;4.3;Face Oil;Moisturizer;Melembapkan, menutrisi, menyamarkan bekas luka & kemerahan, menjaga kesehatan kulit, dan anti-aging - Kulit lembut, kenyal dan kencang
Argan Oil;INDOGANIC;Rp169.000;Argania Spinsosa, cold pressed, denotes certified organic.;4;Face Oil;Moisturizer;anti penuaan, membantu mencegah stretch mark dan bekas luka, Argan Oil ini juga memiliki anti-inflamasi dan penyeimbang produksi sebum. 
Oceanus Squalane + Salicylic Acne Control Face Oil Serum;OASEA LABORATORIES;Rp 125.100 - Rp 251.100;Aqua, Triheptanoin, C13-15 Alkane, Squalane, Butylene Glycol, Helianthus Annuus Seed Oil, Acacia Senegal Gum, Octyldodecanol, Olea Europaea Fruit Oil, Salicylic Acid, Propanediol, 1,2-Hexanediol, Nelumbo Nucifera Leaf Extract, Citrus Limon Peel Oil, Vitis Vinifera Seed Oil, Rosmarinus Officinalis Extract, Angelica Gigas Extract, Camellia Sinensis Leaf Extract, Psidium Guajava Fruit Extract, Lavandula Angustifolia Extract, Caprylhydroxamic Acid, Mentha Piperita Oil, Pelargonium Graveolens Oil,Decyl Glucoside, Tocopherol, Beta-Carotene, Daucus Carota Sativa Root Extract, Daucus Carota Sativa Seed Oil, Ascorbyl Palmitate.;5;Face Oil;Moisturizer;menghidrasi dan merawat kulit berjerawat. Serum minyak yang cepat meresap ini, membantu memberi hidrasi tanpa menyumbat pori-pori sekaligus menghaluskan dan melembutkan kulit untuk persiapan makeup maupun sebagai tambahan rutinitas perawatan kulit.
The Retinol 0.5 Oil;COSRX;Rp332.000;Squalane, Glycine Soja (Soybean) Oil, Di-C12-13 Alkyl Malate, Retinol(0.5%), Caprylic/Capric Triglyceride, BHT, Tocotrienols, Tocopherol, Elaeis Guineensis (Palm) Oil, Hydroxymethoxyphenyl Decanone;5;Face Oil;Moisturizer;Anti-aging, meningkatkan elastisitas kulit, mengurangi garis halus dan kerutan, melembabkan kulit kering.
Beauty Bakuchiol Intensive Face Oil;INDOGANIC;Rp119.250;Dicaprylyl Carbonate, Squalane, Caprylic/Capric Triglyceride, Simmondsia Chinensis (Jojoba) Seed Oil, Bakuchiol, Tocopherol, Cedrus Atlantica Bark Oil, Citrus Sinensis (Grapefruit ) Peel Oil, Citrus Aurantium Dulcis (Orange) Oil, Boswellia Carterii Oil, Rosa Damascena Flower Oil;4.7;Face Oil;Moisturizer;perawatan Anti-Acne dan Anti-Aging, membantu menyembuhkan jerawat dang mengurangi kemerahan di kulit
Multi Targeted All Natural Adoring Face Oil;BHUMI;Rp 145.763 - Rp 210.680;Olea europaea (olive) Oil, Simmondsia chinensis (Jojoba) Seed Oil, Pelargonium graveolens flower (Geranium) oil, Curcuma longa root (Turmeric Root) Oil, Malealuca Alterfonia (Tea Tree) Oil, Lavandula Angustifolia (Lavender) Oil, Salvia sclarea (Clary Sage) seed Oil, Pogostermon gablin leaf (Patchouli) oil, Boswellia cartii (Frankincense) oil, Cymbopogon Schoenanthus (Lemongrass) Oil, Rosa canina fruit (Rosehip) seed Oil, Vitamin E.;4.5;Face Oil;Moisturizer;Melembapkan dan menyegarkan kulit sehingga wajah tampak lebih muda dan bersinar. meregenerasi sel. membantu mencegah timbulnya jerawat dan noda hitam, sekaligus menjadi pelembap wajah yang mengagumkan. mengencangkan dan menghilangkan noda hitam. perawatan tepat untuk kulit sensitif dan kering. 
Bio Treatment Essence In Oil;BIO-ESSENCE;Rp155.000;Tidak ada informasi bahan;4.8;Face Oil;Moisturizer;menyamarkan penampakan bekas luka. Melembabkan kulit kering & Sensitif, meningkatkan elastisitas kulit, merawat parut dan bekas luka serta mengurangi pembentukan parut. melindungi kulit dari paparan radikal bebas berbahaya dan membantu menyejukkan kulit pada area bekas luka.
