name;brand;price;ingredients;rating;sub-category;category;benefit
YOU Radiance Glow Active Night Gel;YOU BEAUTY;Rp93.500;Water, PPG-24-Glycereth-24, Panthenol, Betaine, Propaneaiof, Phenoxyethanof, Hydroxyacetophenone, Niacinamide, Lactobionic Acid, Alfantoin, Carbomer, Triethanolamine, PER-40 Hydrogenated Castor Oil, Soaium Hyaluronate, Disodium EDTA, Pentyfene Glycol, Capryfic/Capric Triglyceride, Propyfene Glycol, Calendufa Officinalis Flower Extract, 4-T-Butyfcycfohexanol, Gfycerin, Butylene Glycol, Cucumis Melo (Melon) Fruit Extract, Gfycine Soja (Soybean) Seed Extract, Coraffina Officinalis Extract, Ascorbyl Tetraisopalmitate, Magnesium Ascorbyl Phosphate, 3-O-Ethyl Ascorbic Acid, Citrus Medica Limonum (Lemon) Peel Oil, Citrus Aurantium Dufcis (Orange) Peel Oil, Citrus Tangerina (Tangerine) Peel Oil, Gentiana Scabra Root Extract, Soaium Lauroyf Lactylate, 1,2-Hexanediol, Prunus Yedoensis Leaf Extract, Ceramide NP, Phytosphingosine, Ceramide AP, Xanthan Gum, Cholesterol, Ethylhexyfgfycerin, Ceramide EOP.;5;Face Gel;Moisturizer;Membantu menghidrasi dan menenangkan kulit, Mencerahkan kulit agar tampak bercahaya di pagi hari, menenangkan sepanjang malam 
Ms Pimple Acne Solution Moisturizing Gel;EMINA;Rp29.200;Aqua, Ethylhexyl methoxycinnamate, Ethylhexyl salicylate, Dipropylene glycol, Trisiloxane, Diethylamino Hydroxybenzoyl Hexyl Benzoate, Polyacrylamide, Acrylates Copolymer, Butylene Glycol, Benzyl Alcohol, Panthenol, Triethanolamine, C13-14 Isoparaffin, Polysorbate 60, Propylene Glycol, Ethylhexylglycerin, Aloe Barbadensis Leaf Extract, Epilobium Angustifolium Flower/Leaf/Stem Extract, Laureth-7, Beta-Glucan, Carbomer, Titanium Dioxide, Tocopheryl Acetate, Cyclopentasiloxane, Phenoxyethanol, Dimethicone Crosspolymer, BHT, Sodium Metabisulfite, Hamamelis Virginiana Leaf Extract, Dimethicone/Vinyl Dimethicone Crosspolymer, Potassium Sorbate, Sodium Benzoate, Tocopherol, Dimethiconol.;4.3;Face Gel;Moisturizer;Membantu mempercepat regenerasi kulit, mencegah pertumbuhan bakteri penyebab jerawat, mengurangi kemerahan pada kulit, mengontrol produksi sebum, mengurangi tampilan kulit berminyak, menjaga kelembaban kulit, serta melindungi kulit dari sinar UV
Light Cloud Gel Cream Moisturizer;KITSCHY;Rp141.750;Squalane, Snail, Sodium Hyaluronate, Ceramide, Tea Tree, Bergamot Oil, Vitamin E, Hydrolyzed Collagen;2.8;Face Gel;Moisturizer;membantu memperbaiki kerusakan kulit dan mengembalikan kekencangan kulit, yang juga dapat mempercantik tampilan kulit yang rawan jerawat. melindungi pelindung kulit dari kerusakan lingkungan. 
Cera-Mug Barrier Moisturizing Gel;WHITELAB;Rp74.150;Ceramide-4, Mugwort, Marine Collagen, dan HyaluComplex-10;4.5;Face Gel;Moisturizer;Melembabkan dan merawat kelembutan kulit wajah, Merawat dan membantu meningkatkan fungsi skin barrier wajah sehingga wajah tampak sehat dan cerah, Mempertahankan level hidrasi kulit wajah, Merawat kekenyalan dan kehalusan kulit wajah, Menyamarkan tanda-tanda penuaan dini pada kulit wajah
Lasting Hydration Gel;FOCALSKIN;Rp95.700;AQUA, GLYCERETH-26, DIPROPYLENE GLYCOL, GLYCERIN, 1,2-HEXANEDIOL, HYDROXYACETOPHENONE, ARGININE, BUTYLENE GLYCOL, ACRYLATES/C10-30 ALKYL ACRYLATE CROSSPOLYMER, CITRUS RETICULATA FRUIT EXTRACT, FUCUS VESICULOSUS EXTRACT, CARBOMER, BETA-GLUCAN, PEG-40 HYDROGENATED CASTOR OIL, PHENOXYETHANOL, DISODIUM EDTA, PARFUM, ETHYLHEXYLGLYCERIN;0;Face Gel;Moisturizer;memberikan kelembaban dan pemulihan untuk kulit. melawan mikroorganisme, merawat kekencangan kulit, kemerahan, atau iritasi. meningkatkan fungsi pelindung kulit. menjaga kelembaban. Mengurangi gatal, rasa gatal, perih, menenangkan, dan meningkatkan ketahanan kulit. Pemulihan multipel: pemulihan dalam kedalaman kulit dan meningkatkan kekebalan kulit. Meremajakan dan menjaga kelembaban, memberikan hidrasi dan kelembutan: tekstur yang ringan dan mudah diserap, memberikan kelembaban dengan cepat.
Aloe Real Cool Soothing Gel;BENTON;Rp78.000;Aloe, Soothing Cooler (Aloe Barbadensis Leaf Extract, Laminaria Japonica Extract, Dioscorea Japonica Root Extract, Ulmus Davidiana Root Extract, Viola Mandshurica Flower Extract);5;Face Gel;Moisturizer;membantu melembabkan kulit. Gel yang memberikan sensasi dingin ini juga dapat membantu menutrisi kulit
Lactic Acid Gel 10% with Alpha Arbutin;FOR SKINS SAKE;Rp154.800;Aqua, Glycolic Acid, Propylene Glycol, Glycerin, Tranexamic Acid, Biosaccharide Gum-1, Polyacrylate Crosspolymer-11, Phenoxyethanol, Saccharide Isomerate, Hydroxyethylcellulose, Allantoin, Bis- PEG-18 Methyl Ether Dimethyl Silane, Panthenol, Triethylene Glycol, Sodium Hyaluronate, Citric Acid, Sodium Citrate;2.8;Face Gel;Moisturizer;mengangkat sel-sel kulit mati. melembabkan , mencerahkan, dan meratakan warna kulit untuk kulit tampak lebih cerah merata, bercahaya, dan plump.
YSB Multi Herbs Hydro Burst Moisturizer;AVOSKIN;Rp141.550;Water, Glycerin, Dipropylene Glycol, Butylene Glycol, 1,2-Hexanediol, Glycereth-26, Sodium Acrylates Crosspolymer-2, Caffeine, Phenoxyethanol, Betaine, Diphenyl Dimethicone, Terminalia Ferdinandiana Fruit Extract, Triethylhexanoin, Hydrogenated Lecithin, Allantoin, Ethylhexylglycerin, Biosaccharide Gum-1, Ceramide NP, Dipotassium Glycyrrhizate, Sucrose Stearate, Silica, Glyceryl Acrylate/Acrylic Acid Copolymer, Melia Azadirachta Flower Extract, Citric Acid, Melia Azadirachta Leaf Extract, Stearic Acid, Palmitic Acid, Ocimum Sanctum Leaf Extract, Curcuma Longa (Turmeric) Root Extract, Coccinia Indica Fruit Extract, Cholesterol, Solanum Melongena (Eggplant) Fruit Extract, Aloe Barbadensis Flower Extract, Corallina Officinalis Extract, Glycosphingolipids, Tocopherol.;5;Face Gel;Moisturizer;membantu melembapkan kulit, menutrisi kulit, dan menenangkan kulit.
VinoHydra Gel Moisturizer;CAUDALIE;Rp495.000;aqua/water/eau, glycerin, vitis vinifera (grape) fruit water, isostearyl isostearate, octyldodecyl myristate, squalane, microcrystalline cellulose, caprylic/capric triglyceride, benzyl alcohol, xanthan gum, carbomer, cellulose gum, caprylyl glycol, vitis vinifera (grape) juice, sodium hyaluronate, sodium hydroxide, aloe barbadensis leaf juice powder, helianthus annuus (sunflower) seed oil, tocopherol, citric acid, dehydroacetic acid, sodium phytate, sodium carboxymethyl beta-glucan, sodium benzoate, potassium sorbate, parfum (fragrance).;0;Face Gel;Moisturizer;memberikan hidrasi natural pada kulit.
Houttuynia Cordata Daily Calming Gel;ALL NATURAL;Rp215.200;Aqua, Dipropylene Glycol, 1,2-Hexanediol, Glycerin, Betaine, Houttuynia Cordata Extract, Acrylates/C10-30 Alkyl Acrylate Crosspolymer, Tromethamine, Ethylhexylglycerin, Polyglyceryl-4 Caprate, Polyglyceryl-6 Caprylate, Polyquaternium-51, Disodium EDTA, Citrus Aurantium Bergamia Fruit Oil, Sodium Hyaluronate, Butylene Glycol, Hydroxypropyltrimonium Hyaluronate, Tocopherol, Hydrolyzed Hyaluronic Acid, Sodium Acetylated Hyaluronate, Centella Asiatica Extract, Portulaca Oleracea Extract, Hyaluronic Acid, Hydrolyzed Sodium Hyaluronate, Sodium Hyaluronate Crosspolymer, Madecassoside, Potassium Hyaluronate, Asiatic Acid, Asiaticoside, Madecassic Acid.;0;Face Gel;Moisturizer;menenangkan (calming) kulit yang teriritasi ringan. menghidrasi dan merawat kelembapan kulit wajah. memberikan kesegaran setelah pemakaian.
Mediheal Aloe Vera Hydrogel (95%);MEDIHEAL;Rp63.200;Aloe Barbadensis Leaf Water, Glycerin, Water, Sodium Hyaluronate Panthenol, Salix Alba (Willow) Bark Extract, Origanum Vulgare Leaf Extract, Chamaecyparis Obtusa Leaf Extract, Lactobacillus/Soybean Ferment Extract, Cinnamomum Cassia Bark Extract, Scutellaria Baicalensis Root Extract, Portulaca, Oleracea Extract, Butylene Glycol, PEG-60 Hydrogenated Castor Oil, Alcohol, Carbomer, Chlorphenesin, Triethanolamine, Phenoxyethanol, Fragrance.;5;Face Gel;Moisturizer;Menghidrasi, menenangkan dan mengembalikan elastisitas kulit, meredakan kulit yang iritasi yang memberikan kelembaban dengan rasa sejuk sehingga membuat kulitmu terhidrasi dan terasa nyaman. mendinginkan, menyegarkan, dan menghidrasi kulit kering, terbakar atau rusak. melindungi kulit dari penghalang kelembapan dan membantu untuk mendorong penyembuhan penyembuhan pada kulit.
Hydrabio Gel-Crème - Hydrating Moisturizer;BIODERMA;Rp256.500;AQUA/WATER/EAU, GLYCERIN, ISODODECANE, CYCLOPENTASILOXANE, DIPROPYLENE GLYCOL, NIACINAMIDE, SQUALANE, POLYMETHYLSILSESQUIOXANE, C14-22 ALCOHOLS, HDI/TRIMETHYLOL HEXYLLACTONE CROSSPOLYMER, AMMONIUM ACRYLOYLDIMETHYLTAURATE/VP COPOLYMER, C30-45 ALKYL CETEARYL DIMETHICONE CROSSPOLYMER, CARBOMER, PENTYLENE GLYCOL, TOCOPHERYL ACETATE, C12-20 ALKYL GLUCOSIDE, STEARETH-21, DISODIUM EDTA, SALICYLIC ACID, SODIUM HYDROXIDE, MANNITOL, XYLITOL, HEXYLDECANOL, PEG/PPG-18/18 DIMETHICONE, RHAMNOSE, MALACHITE EXTRACT, PYRUS MALUS (APPLE) SEED EXTRACT, BRASSICA CAMPESTRIS (RAPESEED) STEROLS, TOCOPHEROL, FRAGRANCE (PARFUM).;4.5;Face Gel;Moisturizer;Menghidrasi secara intens, Menghaluskan tekstur kulit dan mencerahkan kulit, Kulit lebih lembab, Melembabkan dan memberi rasa nyaman pada kulit
Crystallure Superme Advance Hydra Gel;WARDAH;Rp243.000;Aqua, Butylene Glycol, Glycerin, Cyclopentasiloxane, Dimethicone, Triheptanoin, Trehalose, Biosaccharide Gum-1, Ammonium Acryloyldimethyltaurate/VP Copolymer, Phenoxyethanol, Chlorphenesin, Polyglyceryl-3 Methylglucose Distearate, Ectoin, Carbomer, Allantoin, Polysorbate 20, Disodium EDTA, C12-13 Alkyl Glyceryl Hydrolyzed Hyaluronate, Dimethicone/Vinyl Dimethicone Crosspolymer, Sodium Hydroxide, Pentylene Glycol, Sodium Hyaluronate, Amodimethicone, Fragrance, Hydroxyectoin, Hydrolyzed Hyaluronic Acid, Propanediol, Xanthan Gum, Benzyl Alcohol, Glyceryl Caprylate, Benzoic Acid, Palmitoyl Oligopeptide, PEG-40 Hydrogenated Castor Oil, Trideceth-9, Palmitoyl Tetrapeptide-7, Ethylhexylglycerin, Colloidal Gold, Acetyl Heptapeptide-9, CI 19140, CI 17200.;4.8;Face Gel;Moisturizer;Memberikan hidrasi optimal, menjaga kelembaban kulit, membuat kulit kenyal, menghidrasi kulit sepanjang hari, menyamarkan garis halus, menjaga elastisitas kulit, dan membuat wajah tampak lebih muda dan bercahaya.
Whitelab Cera-Mug Barrier Moisturizing Gel;WHITELAB;Rp66.130;Ceramide-4, Mugwort, Marine Collagen,  HyaluComplex-10;4;Face Gel;Moisturizer;Melembabkan dan merawat kelembutan kulit wajah, Merawat dan membantu meningkatkan fungsi skin barrier wajah sehingga wajah tampak sehat dan cerah, Mencegah kekeringan pada wajah, Mempertahankan level hidrasi kulit wajah, Membantu menenangkan kulit yang iritasi dan kemerahan, Merawat kekenyalan dan kehalusan kulit wajah, Menyamarkan tanda-tanda penuaan dini pada kulit wajah
Barrier Complex Moisturizing Gel;TRUEVE;Rp 39.579 - Rp 164.794;Aqua, Cyclopentasiloxane, Glycerin, Niacinamide, Lactobacillus/Hydrolyzed Collagen Ferment Filtrate Extract, Butylene Glycol, Hydrolyzed Elastin, Plukenetia volubilis (Inca Omega) Seed oil, Sodium Lactate, Glycine, Fructose, Sodium PCA, Inositol, Lactic Acid, Urea, Glucosyl Ceramide, Ceramide NP, Ceramide AP, Ceramide EOP, Ceramide NS, Ceramide AS, Copper tripeptide-1, Palmitoyl tripeptide-1, Palmitoyl tetrapeptide-7, Palmitoyl Tripeptide-38, Acetyl hexapeptide-8, Pentapeptide-18, Dipeptide-1, Acetyl tetrapeptide-9, Dipotassium glycyrrhizate, Hyaluronic acid, Hydrolyzed hyaluronic acid, Sodium hyaluronate crosspolymer, Sodium Hyaluronate, Sodium Carboxymethyl Hyaluronate, Sodium acetylated hyaluronate, Potassium Hyaluronate, Hydroxypropyltrimonium hyaluronate, Hydrolyzed Sodium Hyaluronate, Dimethylsilanol Hyaluronate, Beta-glucan, Soluble Collagen, Phenoxyethanol, Carbomer, Sodium polyacrylate, Dicaprylyl carbonate, Polyglyceryl-3 caprate, Panthenol, Polysorbate 20, Tocopheryl Acetate, Triethanolamine, 1,2-hexanediol, Pentylene glycol, Sodium Benzoate, Parfum;4.5;Face Gel;Moisturizer;memperbaiki skin barriernya. menghidrasi kulit serta melindunginya. 
5X Ceramide Barrier Moisture Gel;SKINTIFIC;Rp123.360;AQUA,BUTYLENE GLYCOL,HYDROGENATED POLYISOBUTENE,DIMETHICONE,GLYCERIN,PROPYLENE GLYCOL,1,2-HEXANEDIOL,HYDROXYACETOPHENONE,PEG-400,AMMONIUM ACRYLOYLDIMETHYLTAURATE/VP COPOLYMER,HYDROGENATED LECITHIN,PANTHENOL,PHYTOSTERYL/OCTYLDODECYL LAUROYL GLUTAMATE,CARBOMER,ALLANTOIN,PCA,HYDROXYETHYL ACRYLATE/SODIUM ACRYLOYLDIMETHYL TAURATE COPOLYMER,SQUALANE,CERAMIDE NP,CERAMIDE NS/CERAMIDE NG,CERAMIDE AS,CERAMIDE EOP,CERAMIDE AP,SODIUM HYALURONATE,HYDROLYZED COLLAGEN,CENTELLA ASIATICA EXTRACT,SODIUM HYDROXIDE,HAMAMELIS VIRGINIANA (WITCH HAZEL) EXTRACT,TREHALOSE,ECTOIN,SOPHORA,FLAVESCENS ROOT EXTRACT,OPUNTIA FICUS-INDICA STEM EXTRACT,OPHIOPOGON JAPONICUS ROOT EXTRACT,YEAST POLYSACCHARIDES,PENTYLENE GLYCOL,DISODIUM EDTATOCOPHEROL,POLYSORBATE 60,t-BUTYL ALCOHOL,CITRUS AURANTIUM AMARA (BITTER ORANGE) FLOWER OIL,SORBITAN ISOSTEARATE,CITRUS AURANTIUM BERGAMIA (BERGAMOT) FRUIT OIL,CITRUS MEDICA LIMONUM (LEMON) PEEL OIL;5;Face Gel;Moisturizer;merawat permasalahan skin barrier seperti jerawat, kemerahan, kulit bertekstur, dan juga kulit kering. melembabkan secara mendalam dan memperkuat lapisan epidermis kulit. membantu untuk menjaga dan melindungi skin barrier dengan menjaga kelembaban dan melindungi kulit dari faktor eksternal.
Natura Pal Gel Moisturizer;EMINA;Rp39.900;Aqua, Cyclopentasiloxane, Niacinamide, Glycerin, Ammonium Acryloyldimethyltaurate/VP Copolymer, Dimethicone, Phenoxyethanol, Polyglyceryl-3 Methylglucose Distearate, Propanediol, Allantoin, Polysorbate 20, Chlorphenesin, Carbomer, Tocopheryl Acetate, Disodium EDTA, Potassium Hydroxide, Dimethicone/Vinyl Dimethicone Crosspolymer, Sodium Hyaluronate, Cyclodextrin, Pisum Sativum Extract, Fragrance, Artemisia Capillaris Flower Extract;5;Face Gel;Moisturizer;menghidrasi kulit dua kali lebih baik, memberikan kelembapan instan, dan melindungi kulit dari efek buruk radikal bebas. membantu kulit tampak glowing dan kenyal, cocok untuk semua jenis kulit, serta tidak menyumbat pori-pori atau memicu jerawat
Hydra Rose Dewy Aqua Day Gel;WARDAH;Rp 52.500 - Rp 111.000;Water, Glycerin, Cyclopentasiloxane, Triheptanoin, Butylene Glycol, Trehalose, Biosaccharide Gum-1, Dimethicone, Beta-Glucan, Ammonium Acryloyldimethyltaurate/?VP Copolymer, Saccharide Isomerate, Bisabolol, Brassica Campestris (Rasepeed) Seed Oil, Polyglyceryl-3 Methylglucose Distearate, Phenoxyethanol, Polysorbate 20, Carbomer, Disodium EDTA, Chlorphenesin, Silica, Tocopheryl Acetate, Potassium Hydroxide, Sodium Hyaluronate, Dimethicone/?Vinyl Dimethicone Crosspolymer, Pentylene Glycol, Rose Extract, Propanediol, Amodimethicone, Sodium Hydroxide, Fragrance, Citric Acid, Sodium Citrate, PEG-32, Diazolidinyl Urea, Tocopherol, Trideceth-9, PEG-40 Hydrogenated Castor Oil, Ethylhexylglycerin, Ci 17200, Ci 19140;3.8;Face Gel;Moisturizer;menghidrasi serta menjaga kelembapan kulit. terhidrasi sepanjang hari. 
The Origin Deep Ocean Gel Comforter;KLAVUU;Rp270.000;Water, Dipropylene Glycol, Butylene Glycol, Propanediol, Glycereth-26, Betaine, 1,2-Hexanediol, Glycerin, Hexylene Glycol, Hydroxyacetophenone, Sodium Carbomer, Trehalose, Polyglyceryl-10 Myristate, Polyglyceryl-10 Laurate, Sea Water, Panthenol, Methyl Diisopropyl Propionamide, Disodium EDTA, Sodium Hyaluronate, Beta-Glucan, Melia Azadirachta Leaf Extract, Houttuynia cordata Extract, Chondrus Crispus Extract, Maltodextrin, Melia Azadirachta Flower Extract, Hydrolyzed Vegetable Protein, Chlorella Vulgaris Extract, Hizikia Fusiforme Extract, Undaria Pinnatifida Extract, Laminaria Japonica Extract, Gelidium Cartilagineum Extract, Hydrolyzed Gardenia Florida Extract, Sea Salt, Cynanchum Atratum Extract;3.8;Face Gel;Moisturizer;menenangkan kulit dan memberikan efek dingin secara instan, melemababkan dan membentuk moisture barrier pada kulit. memberikan kenyamanan ekstra pada kulit. Wajah menjadi lembab, kenyal dan segar.
Masque Hydratation Intense;EMBRYOLISSE;Rp308.700;White water lily, Mineral rich marine water, Hyaluronic acid;0;Face Gel;Moisturizer;menghidrasi kulit bahkan pada kulit yang paling kering sekalipun. menghaluskan dan membuat kulit terasa kenyal sehingga membuat garis-garis halus dan kerutan wajah memudar, sangat menyegarkan, Menghidrasi Kulit secara Instan
Peeling Gel;PYUNKANG YUL;Rp132.000;Water, Propylene Glycol, Carbomer, 1,2-Hexanediol, Betaine Salicylate, Quaternium-60, Allantoin, Disodium EDTA, Hydroxyethyl Urea;4.8;Face Gel;Moisturizer;Melembapkan kulit, mengangkat sel kulit mati dengan lembut, mencerahkan dan membersihkan kulit, memperkuat skin barrier, menenangkan kulit yang teriritasi, serta mengatasi kulit kering dan menumpuknya sel kulit mati.
Advance Brightening Gel;TRUEVE;Rp 42.344 - Rp 183.201;Aqua, Methyl Propanediol, Butylene Glycol, Cystoseira tamariscifolia extract, Ascorbyl Tetraisopalmitate, Licorice (Glycyrrhiza glabra) Extract, Glycerin, Sodium Lactate, Glycine, Fructose, Sodium PCA, Inositol, Lactic Acid, Urea, Niacinamide, Glucosyl Ceramide, Ceramide NP, Ceramide AP, Ceramide EOP, Ceramide NS, Ceramide AS, Hyaluronic acid, Hydrolyzed hyaluronic acid, Sodium Hyaluronate Crosspolymer, Sodium Hyaluronate, Sodium Carboxymethyl Hyaluronate, Sodium Acetylated Hyaluronate, Potassium Hyaluronate, Hydroxypropyltrimonium Hyaluronate, Hydrolyzed Sodium Hyaluronate, Dimethylsilanol Hyaluronate, Soluble Collagen, Phenoxyethanol, Carbomer, Triethanolamine, Panthenol, PEG-40 Hydrogenated Castor Oil, Dipotassium glycyrrhizate, Tocopheryl Acetate, Sodium Benzoate, 1,2-Hexanediol, Pentylene Glycol, Parfum;5;Face Gel;Moisturizer;Menghidrasi kulit hingga 48 jam, mencerahkan dan meratakan warna kulit, membantu menghilangkan bekas jerawat, mengencangkan kulit, menyamarkan garis halus, memperbaiki dan memperkuat skin barrier
Tremella Daily Hydrating Gel;BLP BEAUTY;Rp71.600;Aqua, Glycerin, Butylene Glycol, Isononyl Isononanoate, Niacinamide, Squalane, Acrylates/Beheneth-25 Methacrylate Copolymer, Propylheptyl Caprylate, Tremella Fuciformis Polysaccharide, Panthenol, Marrubium Vulgare Extract, Ceramide 3, Dipotassium Glycyrrhizate, Hydrogenated Lecithin, Hydroxyethyl Acrylate/Sodium Acryloydimethyl Taurate Copolymer, Phenoxyethanol, Glyceryl Stearate, PEG-100 Stearate, Tromethamine, Chlorphenesin, Disodium EDTA, Fragrance, Cholestrol, Caprylic/Capric Triglyceride, Deoxphytantriyl, Palmitamide MEA;4.8;Face Gel;Moisturizer;Melembabkan dan menghidrasi kulit serta membantu mengatasi tampilan kulit yang kusam akibat penumpukan sel-sel kulit mati. membantu merawat skin barrier sekaligus membantu memperkuat elastisitas kulit. membantu membuat pori-pori tampak lebih kecil serta membuat kulit terasa lebih lembut dan halus.
Soothing & Moisture Aloe Vera 92% Soothing Gel;NATURE REPUBLIC;Rp79.000;Aloe Barbadensis Leaf Extract, Alcohol, Water, Dipropylene Glycol, Glycerin, Butylene Glycol, Carbomer, PEG-60 Hydrogenated Castor Oil, Propylene Glycol, Triethanolamine, 1,2-Hexanediol, Betaine, Phenoxyethanol, Fragrance, Disodium EDTA, Glyceryl Polyacrylate, Sodium Hyaluronate, Polyglutamic Acid, Mentha Viridis Extract, Calendula Officinalis Flower Extract, Melissa Officinalis Extract.;5;Face Gel;Moisturizer;memberikan nuansa menyegarkan pada kulit, Memberikan efek menenangkan dan melembabkan pada kulit sensitif dan normal, Membuat kulit sehat, Menjaga permukaan wajah dan tubuh sehat
Centella Allantoin Soothing Gel Moisturizer;GLAD2GLOW;Rp 31.000 - Rp 65.000;AQUA, CENTELLA ASIATICA LEAF EXTRACT, METHYL GLUCETH-10, PROPYLENE GLYCOL, BUTYLENE GLYCOL, 1,2-HEXANEDIOL, HYDROXYACETOPHENONE, ACRYLATES/C10-30 ALKYL ACRYLATE CROSSPOLYMER, GLYCERIN, ALLANTOIN, AMINOMETHYL PROPANOL, PENTYLENE GLYCOL, HAMAMELIS VIRGINIANA (WITCH HAZEL) EXTRACT, GENTIANA SCABRA ROOT EXTRACT, MENTHYL LACTATE, ETHYL MENTHANE CARBOXAMIDE, HYDROXYPHENYL PROPAMIDOBENZOIC ACID, PANTHENOL, ROYAL JELLY, CASTANEA SATIVA (CHESTNUT) SEED EXTRACT, HELIANTHUS ANNUUS (SUNFLOWER) SEED EXTRACT, VIOLA TRICOLOR EXTRACT, GLYCYRRHIZA INFLATA ROOT EXTRACT, SALIX ALBA (WILLOW) BARK EXTRACT, SCUTELLARIA BAICALENSIS ROOT EXTRACT, SEA WATER, GLYCINE SOJA (SOYBEAN) SEED EXTRACT, SECALE CEREALE (RYE) SEED EXTRACT, ECTOIN, SOPHORA FLAVESCENS ROOT EXTRACT, FOMES OFFICINALIS (MUSHROOM) EXTRACT, PYRUS CYDONIA SEED EXTRACT, HIBISCUS ABELMOSCHUS SEED EXTRACT, ASCORBYL PALMITATE, PANICUM MILIACEUM (MILLET) SEED EXTRACT, PEG-40 HYDROGENATED CASTOR OIL, PPG-26-BUTETH-26, DISODIUM EDTA, METHYL DIISOPROPYL PROPIONAMIDE, CAPRYLYL GLYCOL, PARFUM, BIS-ETHOXYDIGLYCOL CYCLOHEXANE 1,4-DICARBOXYLATE, XANTHAN GUM;5;Face Gel;Moisturizer;menenangkan kulit, memberikan hidrasi yang cukup, Menenangkan kulit, Membantu merawat kemerahan,�Menjaga hidrasi dan kelembapan kulit, Menenangkan kulit dan membantu merawat kulit berjerawat, Memberikan hidrasi yang diperlukan kulit dan menjaga kelembaban
Glo Rad+ 9-Hyalucica Glow Moisture Gel;EMINA;Rp94.900;Aqua, Niacinamide, Dipropylene Glycol, Betaine, Butylene Glycol, Methyl Gluceth-20 Phenoxyethanol, Carbomer, Polyacrylate Crosspolymer-11, Cholesteryl isostearate, Potassium Hydroxide, Chlorphenesin, Cholesteryl Chloride, Cholesteryl Nonanoate, Centella Asiatica Extract,Allantoin, Disodium EDTA, Scutellaria Baicalensis Root Extract, Polygonum Cuspidatum Root Extract, Camellia Sinensis Leaf Extract, Glycyrrhiza Glabra (Licorice) Root Extract, Chamomilla Recutita (Matricaria) Flower Extract, Rosmarinus Officinalis (Rosemary) Leaf Extract, Biosaccharide Gum-2,Glycerin, Hydrolyzed Hyaluronic Acid, Pentylene Glycol, Beta-Glucan, Alpha- Arbutin, Caprylyl Glycol, Fragrance, Sodium Chloride, Sodium Metabisulfite, Tranexamic Acid, Sodium Citrate, Silica Dimothyl Silylate, Citric Acid, Aminopropyl Ascorbyl Phosphate, Geranium Robertianum Extract, Paeonia Suffruticosa Root Extract, Thymus Serpyllum Extract, Alpinia Katsumadai Seed Extract, Glutathione, Lecithin, Ferulic Acid, Hydroxyethylcellu- lose, Laurdimonium Hydroxypropyl Hydrolyzed Soy Protein, Polysorbate 20, PEG-35 Castor Oil, PEG-40 Hydrogenated Castor Oil, Tocopheryl Acetate.;4.8;Face Gel;Moisturizer;menenangkan kulit, mengunci dan melembabkan barrier, menghaluskan tekstur kulit, mencerahkan, mengurangi kemerahan kulit, menjaga skin barrier, 
Brightening Moisturizer;THE ORIGINOTE;Rp52.800;Water, glycerin, butylene glycol, aloe barbadensis leaf water, niacinamide, glycosyl trehalose, hydrogenated starch hydrolysate, hydroxyacetophenone, 1,2-hexanediol, cetearyl alcohol, bellis perennis (daisy) flower extract, diglycerin, PEG/PPG-17/6 copolymer, tranexamic acid, acrylates/C10-30 alkyl acrylate crosspolymer, cetearyl glucoside, arginine, ammonium acryloyldimethyltaurate/VP copolymer, sorbitan olivate, alpha-arbutin, allantoin, glyceryl glucoside, glycyrrhiza uralensis (licorice) root extract, portulaca oleracea flower/leaf/stem extract, paeonia suffruticosa root extract, paeonia lactiflora extract, polysorbate 80, glucose, sorbitan oleate, caprylic/capric triglyceride, camellia sinensis extract, fragaria ananassa (strawberry) fruit extract, phenylethyl resorcinol, phenoxyethanol, phospholipids, ananas sativus (pineapple) fruit extract, potassium sorbate, sodium benzoate, carica papaya (papaya) fruit extract, ceramide NP, ceramide EOP, ceramide AS, ceramide AP, ceramide NS, ethylhexylglycerin, tocopheryl acetate;3;Face Gel;Moisturizer;membantu menjaga hidrasi kulit, mencegah tanda-tanda penuaan dini dengan menjaga kelembapan kulit. Mencerahkan dan meratakan warna kulit. Mencerahkan dan meratakan warna kulit. Membantu menjaga hidrasi kulit, mencegah tanda-tanda penuaan dini dengan menjaga kelembapan kulit. Membantu mengenyalkan kulit dan menjaga keremajaan kulit
5% Panthenol Acne Calming Water Gel;SKINTIFIC;Rp 107.940 - Rp 215.735;WATER, PANTHENOL, METHYL GLUCETH-20, DIPROPYLENE GLYCOL, CENTELLA ASIATICA EXTRACT, CALENDULA OFFICINALIS EXTRACT, AVENA SATIVA (OAT) KERNEL EXTRACT, PHAEODACTYLUM TRICORNUTUM EXTRACT CHLORELLA VULGARIS EXTRACT, PENTYLENE GLYCOL, ACRYLATES/C10-30 ALKYL ACRYLATE CROSSPOLYMER, TROMETHAMINE, 1,2-HEXANEDIOL, CERAMIDE NP, CERAMIDE AS, CERAMIDE NS/CERAMIDE NG, CERAMIDE AP, CERAMIDE EOP, BUTYLENE GLYCOL, GLYCEROPHOSPHOINOSITOL CHOLINE, GLYCERIN, AMMONIUM ACRYLOYLDIMETHYLTAURATE/VP COPOLYMER, HYDROGENATED LECITHIN, ECTOIN, TOCOPHEROL, PENTASODIUM PENTETATE, ERYTHRITOL, PROPANEDIOL, PHYTIC ACID, SILVER OXIDE, DIETHOXYETHYL SUCCINATE, HYDROXYPHENYL PROPAMIDOBENZOIC ACID, LECITHIN, SODIUM ASCORBATE, ASCORBYL PALMITATE;5;Face Gel;Moisturizer;memberikan sensasi cooling yang menenangkan kulit. membantu meredakan kemerahan dan menenangkan kulit berjerawat. membantu mengontrol minyak.
Hyalucera Moisturizer;THE ORIGINOTE;Rp43.890;Water, glycerin, butylene glycol, glycereth-26, 1,2-hexanediol, hydroxyacetophenone, acrylates/c10-30 alkyl acrylate crosspolymer, panthenol, hydroxyethylpiperazine ethane sulfonic acid, diglycerin, propylene glycol, triethanolamine, methylpropanediol, sodium hyaluronate, allantoin, glucose, sophora angustifolia root extract, stephania tetrandra extract, hydrolyzed hyaluronic acid, cnidium monnieri fruit extract, glycyrrhiza uralensis (licorice) root extract, phellodendron amurense bark extract, phenoxyethanol, caprylic/capric triglyceride, chlorella vulgaris extract, spirulina platensis extract, hydrogenated lecithin, chlorphenesin, hexylene glycol, stearic acid, cholesterol, ceramide NP;5;Face Gel;Moisturizer;menjaga dan memperbaiki skin barrier, mengunci hidrasi di dalam kulit, serta mempertahankan elastisitas kulit. sebagai antioksidan, membantu mengontrol minyak berlebih, dan menjaga elastisitas kulit.
Cherry Blossom Jelly Cream 50ml (21);INNISFREE;Rp267.750;WATER / AQUA / EAU, DIPROPYLENE GLYCOL, NIACINAMIDE, BETAINE, 1,2-HEXANEDIOL, CARBOMER, TROMETHAMINE, FRAGRANCE / PARFUM, AMMONIUM ACRYLOYLDIMETHYLTAURATE/BEHENETH-25 METHACRYLATE CROSSPOLYMER, DISODIUM EDTA, ETHYLHEXYLGLYCERIN, PROPANEDIOL, PRUNUS YEDOENSIS LEAF EXTRACT, TOCOPHEROL;5;Face Gel;Moisturizer;memberikan kelembapan melimpah pada kulit kering dan kusam, sehingga kulit tampak lebih segar dan bervitalitas. membantu membuat kulit lebih bersih, cerah, dan bercahaya. menjaga kelembapan kulit dan mencegah dehidrasi tanpa membuatnya kering. memberikan efek pelapisan yang mengunci kelembapan dengan sensasi menyegarkan seperti tetesan air, serta cepat meresap dan membuat kulit tampak berkilau.
Lightening Day Gel;WARDAH;Rp 32.300 - Rp 49.000;Aqua, Niacinamide, Cyclopentasiloxane, Glycerin, Dimethicone, Butylene Glycol, Ethylhexyl Methoxycinnamate, Ammonium Acryloyldimethyltaurate/VP Copolymer, Phenoxyethanol, Butyl Methoxydibenzoylmethane, Polysorbate 20, Carbomer, Disodium EDTA, Allantoin, Chlorphenesin, Silica, Tocopheryl Acetate, Dimethicone/Vinyl Dimethicone Crosspolymer, Pentylene Glycol, Potassium Hydroxide, Fragrance, Amodimethicone, Sodium Hydroxide, Glycyrrhiza Glabra (Licorice) Root Extract, Actinidia Polygama Fruit Extract, Trideceth-9, PEG-40 Hydrogenated Castor Oil, Ethylhexylglycerin, Ci 42090;5;Face Gel;Moisturizer;melembabkan kulit agar tetap segar dan melindungi kulit dari kekusaman.
Pink Bliss Moisturizer;DORSKIN;Rp98.040;Aqua, Niacinamide, Centella Asiatica Extract, Glycerin, Triethanolamine, Petrolatum, Isopropyl Myristate, Punica Granatum Fruit Extract, Carbomer, Propylene Glycol, Aloe Barbadensis Leaf Extract, Cetyl Alcohol, Dimethicone, 1,2- Hexanediol, Cetearyl Alcohol, Pectin, Glyceryl Stearate, Honey Extract, Caprylyl Glycol, Ceteareth-20, Disodium EDTA, PEG-40 Stearate, Acetyl Glucosamine, Arginine, Ascorbic Acid, Calcium Carbonate, Caprylic/Capric Triglyceride, Citric Acid, Glucose, Glutathione, Hydrogenated Lecithin, Hydroxypropyl Methylcellulose, Sodium Chloride, Dmdm Hydantoin, Phenoxyethanol, Benzoic Acid.;5;Face Gel;Moisturizer;melembapkan dan mencerahkan, membantu menenangkan inflamasi.
Pomegranate 5% Niacinamide Brightening Moisturizer;GLAD2GLOW;Rp 35.000 - Rp 79.000;AQUA, GLYCERIN, NIACINAMIDE, BUTYLENE GLYCOL, CAPRYLIC/CAPRIC TRIGLYCERIDE, PUNICA GRANATUM FRUIT EXTRACT, PROPYLENE GLYCOL, AMMONIUM ACRYLOYLDIMETHYLTAURATE/VP COPOLYMER, DIMETHICONE, BETAINE, GLYCERETH-26, ISOPROPYL PALMITATE, 1,2-HEXANEDIOL, HYDROXYACETOPHENONE, CETEARYL ALCOHOL, POLYACRYLATE-13, ALLANTOIN, BUTYROSPERMUM PARKII (SHEA) BUTTER, CENTELLA ASIATICA EXTRACT, DIMETHYL ISOSORBIDE, POLYISOBUTENE, PARFUM, SODIUM HYALURONATE, XANTHAN GUM, HYDROXYPINACOLONE RETINOATE, PENTYLENE GLYCOL, POLYSORBATE 20, SORBITAN ISOSTEARATE, ROSA HYBRID FLOWER EXTRACT, NONAPEPTIDE-1, TETRAPEPTIDE-1, GARDENIA FLORIDA FRUIT EXTRACT, CI 16185.;4.8;Face Gel;Moisturizer;mencerahkan kulit wajah, membuat kulit wajah tampak lebih cerah. Mencerahkan kulit, Membantu meratakan warna kulit, Menjaga kelembaban kulit. Membantu mencerahkan kulit, menyamarkan noda hitam dan meratakan warna kulit, membantu mencerahkan kulit
Fundamental Eye Awakening Gel;DEAR KLAIRS;Rp253.200;Water, Glycerin, 1,2-hexanediol, Butylene Glycol, Propanediol, Argania Spinosa Kernel Oil, Simmondsia Chinensis (Jojoba) Seed Oil, Tocopherol, Caffeine, Phaseolus Angularis Seed Extract, Artemisia Princeps Leaf Extract, Camellia Sinensis Leaf Extract, Chaenomeles Sinensis Fruit Extract, Chrysanthellum Indicum Extract, Cinnamomum Cassia Bark Extract, Diospyros Kaki Leaf Extract, Perilla Frutescens Extract, Portulaca Oleracea Extract, Acetyl Hexapeptide-8, Copper Tripeptide-1, Oligopeptide-29, Oligopeptide-32, Carbomer, Hydroxyethylcellulose, Hydroxyethyl Acrylate/Sodium Acryloyldimethyl Taurate Copolymer, Polyglyceryl-10 Laurate, Sorbitan Isostearate, Caprylyl/Capryl Glucoside, Sodium PCA, Tromethamine, Ethylhexylglycerin;3.3;Face Gel;Moisturizer;menjaga area sekitar matamu tetap bersih dan segar. Dapat membantu mengatasi dark circle dan meratakan warna kulit sambil mengurangi tampilan kantung mata. memberikan sensasi dingin dan melembabkan.
ADARA - Diamond Glycolic All In One Moisturizer;ADARA COSMETICS;Rp67.980;Aqua, Niacinamide, Propanediol, Sodium Polyacryloyldimethyl Taurate, Bis-PEG-18 Methyl Ether Dimethyl Silane, Phenoxyethanol, Potassium Hydroxide, Allantoin, Chlorphenesin, Panthenol, Disodium EDTA, Glycolic Acid, PEG-40 Hydrogenated Castor Oil, 1,2-Hexanediol, Ethyl Ascorbic Acid, Sodium Hyaluronate, Butylene Glycol, Laminaria Digitata Extract, Hyaluronic Acid, Hydrolyzed Hyaluronic Acid, Hydroxypropyltrimonium Hyaluronate, Hydrolyzed Sodium Hyaluronate, Pentylene Glycol, Potassium Hyaluronate, Sodium Hyaluronate Crosspolymer, Sodium Acetylated Hyaluronate, PVP, Cetyl-PG Hydroxyethyl Palmitamide, Ceramide, Ceramide 2, Ceramide 3, Ceramide 4, Ceramide 6 II, Cholesterol, Hydrogenated Lecithin, Xanthan Gum, Benzyl Alcohol, Glyceryl Caprylate, Fullerenes, Benzoic Acid, Acetyl sh-Pentapeptide-35, Diamond Powder.;5;Face Gel;Moisturizer;Memperkuat fungsi skin barrier, Melembutkan kulit, Mencerahkan kulit wajah, Mengangkat sel kulit mati, Mengurangi jerawat ringan hingga sedang, Mengecilkan pori-pori
Sekkisei Herbal Gel;KOSE;Rp621.280;Water, Glycerin, Butylene Glycol, Cetyl Ethylhexanoate, Alcohol, Dipentaerythrityl Hexahydroxystearate/Hexastearate/Hexarosinate, Hydrogenated Lecithin, Dimethicone, Angelica Acutiloba Root Extract, Artemisia Princeps Leaf Extract, Eriobotrya Japonica Leaf Extract, Melothria Heterophylla Root Extract, Saccharomyces/Coix Lacryma-Jobi Ma-yuen Seed Ferment Filtrate, Tocopherol, Acrylates/C10-30 Alkyl Acrylate Crosspolymer, Carbomer, Cholesterol, Disodium EDTA, Phytosteryl Macadamiate, PVP, Sodium Hydroxide, Fragrance.;5;Face Gel;Moisturizer;melembabkan, membuat kulit tampak berseri, meredakan inflamasi dan menciptakan tampilan awet muda yang alami.  
2,5% D-Panthenol Barrier Shield Moisturizer;SCORA;Rp34.320;2.5% D-Panthenol, 1% PhytAura, Aquacacteen, Vitamin E, Bisabolol, Allantoin;5;Face Gel;Moisturizer;Melembabkan kulit secara intensif dan membantu mengurangi kemerahan dan iritasi pada skin barrier, Melembabkan kulit sambil menenangkan kemerahan dan iritasi, Mempertahankan kesehatan alami kulit, Sebagai antioksidan dan untuk menenangkan kulit, Sebagai soothing agent untuk mengurangi kemerahan dan iritasi di kulit, Mengurangi kemerahan dan peradangan
Rose Gel;HAPLE;Rp79.000;Rosa Damascena (Rose) Flower Water, Inositol, Niacinamide, Sodium Pca, Triethanolamine, Carbomer, Panthenol, Phenoxyethanol, Peg-40 Hydrogenated Castor Oil;5;Face Gel;Moisturizer;melembabkan kulit sekaligus mencerahkan wajah. Melembabkan Menghidrasi Mencerahkan Merawat kulit yang mengalami radang kemerahan dan inflamasi
Hydrium Green Tea Aqua Soothing Gel Cream;COSRX;Rp241.500;Water, Propanediol, Camellia Sinensis Leaf Extract, Glycerin, Pentylene Glycol, 1,2-Hexanediol, Acrylates/?C10-30 Alkyl Acrylate Crosspolymer, Tromethamine, Butylene Glycol, Allantoin, Ethylhexylglycerin, Glyceryl Acrylate/?Acrylic Acid Copolymer, Disodium EDTA, Hydrolyzed Hibiscus Esculentus Extract, Moringa Oleifera Seed Oil, Melia Azadirachta Leaf Extract, Melia Azadirachta Flower Extract;4.6;Face Gel;Moisturizer;menghidrasi kulit secara menyeluruh
Ceramide Ato Soothing Gel;ILLIYOON;Rp215.200;Water, Propanediol, Glycerin, Squalane, Caprylic/Capric Triglyceride, Polyglyceryl-3 Methylglucose Distearate, 1,2-Hexanediol, Ammonium Acryloyldimethyltaurate/VP Copolymer, Carbomer, Tromethamine, Glyceryl Caprylate, Ethylhexylglycerin, Betaine, Ceramide NP (100ppm), Tocopherol.;5;Face Gel;Moisturizer;Melembabkan dan menenangkan kulit sensitif. meningkatkan produksi kolagen dalam kulit. -Memberikan perlindungan kelembaban yang tahan lama.
CeraHydro Barrier Moisture Gel;ELFORMULA;Rp112.640;Water, butylene glycol, glycerin, isononyl isononanoate, caprylic/capric triglyceride, isododecane, cyclopentasiloxane, 1,2-hexanediol, hydroxyacetophenone, cetearyl alcohol, diglycerin, carbomer, polysorbate 80, triethanolamine, ectoin, propylene glycol, sodium polyglutamate, sorbitan oleate, bisabolol, sodium hyaluronate, centella asiatica extract, propanediol, glucose, hydrogenated lecithin, polygonum cuspidatum root extract, scutellaria baicalensis root extract, hexylene glycol, stearic acid, cholesterol, ceramide np, camellia sinensis leaf extract, glycyrrhiza glabra (licorice) root extract, beta-glucan, chamomilla recutita (matricaria) flower extract, rosmarinus officinalis (rosemary) leaf extract, lespedeza capitata leaf/stem extract, avena sativa (oat) kernel extract, zingiber officinale (ginger) root extract;5;Face Gel;Moisturizer;Merawat Skin Barrier, memberikan efek nyata pada kulit.
Balancing Gel;PYUNKANG YUL;Rp174.000;Astragalus Membranaceus Root Extract, Polysorbate 80, PEG-150 Distearate, 1,2-Hexanediol, Polysorbate 20, Simmondsia Chinensis (Jojoba) Seed Oil, Glyceryl Caprylate;4;Face Gel;Moisturizer;Membentuk lapisan pelindung pada kulit, memberikan nutrisi, merangsang regenerasi kulit, serta membantu penyerapan yang optimal berkat panas dari tangan
Red Bean Water Gel;BEAUTY OF JOSEON;Rp195.000;Phaseolus angularis seed extract (441,000 ppm), water, butylene glycol, glycerin, 1,2-hexanediol, methyl trimethicone, acrylates/c10-30 alkyl acrylate crosspolymer, tromethamine, glyceryl glucoside, c12-14 alketh-12, maltodextrin, ammonium acryloyldimethyltaurate/vp copolymer, dimethicone/vinyl dimethicone crosspolymer, dimethicone crosspolymer, ethylhexylglycerin, betaine, panthenol, allantoin, dipotassium glycyrrhizate, polyquaternium-51, xanthan gum, disodium edta, glyceryl acrylate/acrylic acid copolymer, dioscorea japonica root extract, glucose, sodium citrate, beta-glucan, hydrolyzed corn starch, citric acid, sucrose, caprylyl glycol, helianthus annuus (sunflower) seed oil, tocopherol, cyanocobalamin, glycine, serine, glutamic acid, magnesium ascorbyl phosphate, aspartic acid, leucine, acetyl hexapeptide-8, alanine, lysine, arginine, tyrosine, phenylalanine, proline, threonine, valine, isoleucine, histidine, cysteine, methionine, sh-oligopeptide-1, sh-oligopeptide-2, sh-polypeptide-1;4;Face Gel;Moisturizer;mengurangi minyak berlebih di wajah, merawat keremajaan kulit, menghidrasi dan menutrisi kulit. Mengurangi sebum berlebih dan merawat elastisitas kulit, Melembabkan kulit dan menjaga kekencangan kulit 
Perfect 3D Gel;HADA LABO;Rp109.650;Aqua (Water), Butylene Glycol, Arbutin, Niacinamide, PEG-240/HDI Copolymer Bis Decyltetradeceth-20 Ether, Glycerin, Glycosyl Trehalose, Hexylglycerin, Phenoxyethanol, Disodium Succinate, Sodium Metabisulfite, Dextrin, Arginine, Succinic Acid, Hydroxypropyl Trimonium Hyaluronate, Citrus Junos Seed Extract, Hydrolyzed Hyaluronic Acid, Potassium Laurate, Tocopherol, Methylparaben, Sodium Hyaluronate, Sodium Acetylated Hyaluronate (AcHA);4.8;Face Gel;Moisturizer;Melembapkan, mencerahkan, dan anti-penuaan. mengunci kelembapan kulit secara intensif serta menjadikan kulit lebih halus dan lembut. Mencerahkan kulit, menyamarkan noda hitam dan mengurangi kulit kusam. Menyamarkan tanda penuaan dini. Anti oksidan dan menangkal efek radikal bebas. melembapkan kulit.
Premium Cica Aloe Soothing Gel;MISSHA;Rp 92.220 - Rp 159.000;Aloe Barbadensis Leaf Juice (95%), Ethanol, Glacier Water, Saussurea Involucrata Extract, Eggplant Extract, Menthyl Ethylamido Oxalate, Rhodiola Rosea Root Extract, Psidium Guajava Leaf Extract, Cinchona Succirubra Bark Extract, Aloe Barbadensis Leaf Extract, Abronia Villosa Leaf Extract, Polyglutamic Acid, Dioscorea Japonica Root Extract, Aloe Vera Leaf/?Sucrose Ferment Filtrate, Water, Dipropylene Glycol, Allantoin, Glycerin, Chondrus Crispus (Carrageenan) Extract, Sodium Hyaluronate, Cladosiphon Okamuranus Extract, Butylene Glycol, Disodium EDTA, Glyceryl Polyacrylate, C12-14 Hydroxyalkyl Maltitol Ether, Ethylhexylglycerin, Hydrolyzed Corn Starch, Triethanolamine, Carbomer, PEG-60 Hydrogenated Castor Oil, Beta-Glucan, 1,2-Hexanediol, Sucrose, Chlorphenesin, Phenoxyethanol, Fragrance;4.3;Face Gel;Moisturizer;Menenangkan kulit yang iritasi, melembapkan kulit dan menghasilkan kulit yang glowing.
Aloe Vera Gel;EMINA;Rp32.300;Aqua, Butylene Glycol, Beta-Glucan, Triethanolamine, Carbomer, Aloe Vera (Leaf) Extract, Hydroxyacetophenone, Polysorbate 20, Phenoxyethanol, Propylene Glycol, Allantoin, Chlorphenesin, Betaine, Disodium EDTA, Fragrance, Glycerin, Potassium Sorbate, Sodium Benzoate, Sodium Chloride.;4.3;Face Gel;Moisturizer;Menghidrasi kulit dari luar dan dalam, Mampu mengatasi iritasi dan kemerahan
Sekkisei Clear Wellness Water Shield Cream;KOSE;Rp523.160;ITOWA, Job's tears seed extract, lychee extract, glycerin (moisturizer) ITOWA is Alpinia speciosa leaf extract, peony extract, noni juice and glycerin;5;Face Gel;Moisturizer;Melembapkan kulit, membuat kulit halus dan bercahaya, melindungi dari iritasi, menjaga kesehatan kulit, serta meningkatkan ketahanan terhadap gangguan lingkungan
Matcha Biome Oil-Free/Calming Gel Moisturizer;HEIMISH;Rp192.000;Water, Camellia Sinensis Leaf Extract, Glycerin,Butylene Glycol, Dicaprylyl Ether, Niacinamide;0;Face Gel;Moisturizer;menenangkan kulit yang berminyak dan teriritasi. menenangkan kulit sekaligus meningkatan dan menjaga skin barrier. 
Hydration Boost & Calming Lightweight Gel Moisturizer;TERATU BEAUTY;Rp110.000;Aqua, Glycerin, Propylene Glycol, Niacinamide, Aloe Barbadensis Leaf Extract, Allantoin, Artemisia Vulgaris Extract, Camellia Sinensis Leaf Extract, Centella Asiatica Leaf Extract, Butylene Glycol, Caprylic/Capric Triglyceride, Carbomer, Anthemis Nobilis Flower Extract, Deoxyphytantriyl Palmitamide MEA, Hydrogenated Lecithin, Ceramide NP, Cholesterol, Rosa Canina Flower Extract, Phenoxyethanol, Phragmites Karka Extract, Poria Cocos Extract, Chlorphenesin, Tromethamine, Lecithin, Acetyl Glutamine, SH-Oligopeptide-1, SH-Oligopeptide-2, SH-Polypeptide-1, SH-Polypeptide-9, SH-Polypeptide-11, Bacillus/Soybean/Folic Acid Ferment Extract, 1,2-Hexanediol, Caprylyl Glycol, Citric Acid, Potassium Sorbate, Sodium Benzoate, Sodium Hyaluronate.;4;Face Gel;Moisturizer;melembabkan wajah, membantu mencerahkan kulit dan menyamarkan noda hitam. membantu menenangkan kulit wajah. membantu merawat kekenyalan dan skin barrier kulit, serta melembabkan kulit wajah.
Intensive Barrier Brightening Moisturizer;SOULYU;Rp80.550;AQUA, BUTYLENE GLYCOL, GLYCERIN, ALPHA-ARBUTIN, SQUALANE, IMPERATA CYLINDRICA ROOT EXTRACT, CAPRYLOYL GLYCERIN/SEBACIC ACID COPOLYMER, CAPRYLIC/CAPRIC TRIGLYCERIDE, PROPYLHEPTYL CAPRYLATE,DIHEPTYL SUCCINATE, ACRYLATES/C10-30 ALKYL ACRYLATE CROSSPOLYMER, PHENOXYETHANOL, SODIUM HYDROXIDE, FORSYTHIA SUSPENSA FRUIT EXTRACT, PEG-8, CITRUS BERGAMIA PEEL OIL EXPRESSED, CITRUS SINENSIS PEEL OIL, HYDROLYZED HYALURONIC ACID, SODIUM BISULFITE, ETHYLHEXYLGLYCERIN, CARBOMER, 1,2- HEXANEDIOL,SACCHAROMYCES POLYPEPTIDES, GLYCINE MAX POLYPEPTIDE, TOCOPHEROL, ACETYL TETRAPEPTIDE-5, PALMITOYL PENTAPEPTIDE-4, PALMITOYL TRIPEPTIDE-1, PALMITOYL TRIPEPTIDE-5.;0;Face Gel;Moisturizer;berfungsi sebagai perlindungan kulit alami sehingga dapat meningkatkan hidrasi pada kulit secara langsung hingga 24 jam membuat kulit lebih kenyal dan terasa lebih sehat serta cerah merata.
Watermelon Moisture Soothing Gel;HEIMISH;Rp258.000;Water,watermelon extract, glycerin, dimethicone, butylene glycol, phenyltrimethicone,Sorbitol,Moringa seed oil;0;Face Gel;Moisturizer;melembabkan dan menyejukan sehingga dapat membantu menghidrasi kulit dengan mengembalikan keseimbangan hidropolik.
Cica-B5 Soothing Moisturizer;THE ORIGINOTE;Rp52.800;Centella asiatica leaf extract, glycerin, butylene glycol, water, 1,2-hexanediol, hydroxyacetophenone, acrylates/C10-30 alkyl acrylate crosspolymer, triethanolamine, diglycerin, panthenol, propanediol, paeonia suffruticosa root extract, allantoin, adenosine, tremella fuciformis polysaccharide, glycyrrhiza uralensis (licorice) root extract, portulaca oleracea flower/leaf/stem extract, paeonia lactiflora extract, chrysanthemum parthenium (feverfew) extract, camellia sinensis extract, propylene glycol, dianthus chinensis extract, pentylene glycol, artemisia argyi leaf extract, glucose, centella asiatica extract, sodium hyaluronate, caprylhydroxamic acid, maltodextrin, phenoxyethanol, caprylic/capric triglyceride, PEG-40 hydrogenated castor oil, lecithin, magnolol, madecassoside, hydrogenated lecithin, ethylhexylglycerin, asiaticoside, hexylene glycol, stearic acid, cholesterol, ceramide NP, bisabolol, houttuynia cordata extract;5;Face Gel;Moisturizer;menenangkan kulit yang sedang bermasalah seperti kemerahan atau breakout - Menenangkan kulit yang berjerawat, iritasi maupun sensitif - Membantu menenangkan kemerahan pada wajah - Menyegarkan kulit dan menghilangkan minyak berlebih - Membantu mengenyalkan kulit dan menjaga keremajaan kulit 
Acne Care Moisturizer Gel;WHITELAB;Rp65.490;Aqua, Methyl Propanediol, Glycerin, Butylene Glycol, Cyclopentasiloxane, Alumunium Starch Octenyl Succinate, Hydroxyethyl Acrylate/Sodium Acryloyldimethyl Taurate Copolymer, Centella Asiatica (Leaf) Extract, Allantoin, Artemisia Vulgaris Extract, Hamamelis Virginiana (Leaf) Extract, Dipotassium Glycyrrhizate, Salicylic Acid, Saccharide Isomerate, Panthenol, Bisabolol, Zinc Gluconate, o-Cymen-5-ol, Melaleuca Alternifolia Leaf Extract, Bacillus/Folic Acid Ferment Filtrate Extract, Sodium Hyaluronate, Phenoxyethanol, C15-19 Alkane, Lauryl Glucoside, Sodium Acrylate/Sodium Acryloyldimethyl Taurate Copolymer, Triethanolamine, Propylene Glycol, Tetrasodium EDTA, Ethylhexylglycerin, Citric Acid, Sodium Citrate, 1,2-Hexanediol, Sodium Benzoate, Potassium Sorbate.;5;Face Gel;Moisturizer;Menenangkan kulit yang iritasi dan kemerahan akibat jerawat, Mengurangi produksi minyak berlebih, Membantu meningkatkan level hidrasi kulit wajah, Merawat kelembapan dan kehalusan kulit
Hydro Boost Hyaluronic Acid Water Gel;NEUTROGENA;Rp193.630;Water, Dimethicne, Glycerin, Dimethicone/Vinyl Dimethicone Crosspolymer, Phenoxyethanol, Cetearyl Olivate, Polyacrylamide, Sorbitan Olivate, C13-14 Isoparaffin, Dimethicone Crosspolymer, Trehalose, Dimethiconol, Chlorphenesin, Yeast Extract, Carbomer, Sodium Hyaluronate, Ethylhexyglycerin, Fragrance, Laureth-7, C12-14 Pareth-12, Sodium Hydroxide, CI 42090;4.8;Face Gel;Moisturizer;membantu menghidrasi kulitmu, menstimulasinya untuk menghasilkan asam hialuronatnya sendiri dari dalam untuk hidrasi hingga 72 jam, membantu menjadikan kulitmu tampak lebih cerah, terasa kencang dan kenyal, lembut, sehat dan bercahaya.
Aloe-Ha;ROSE ALL DAY;Rp129.000;Water, Aloe Barbadensis Leaf Water, Cucumis Sativus (Cucumber) Fruit Extract, Hyaluronate Acid, Algae Extract, Allantoin, Caffeine, Ascorbic Acid;4.6;Face Gel;Moisturizer;Menyejukkan dan menenangkan kulit, melembabkan kulit, menyembuhkan luka bakar, kulit kering, dan jerawat, menghaluskan kulit, serta mendetoksifikasi dan mengeluarkan racun dari kulit.
Glycolic Acid Gel 10% with Tranexamic Acid;FOR SKINS SAKE;Rp154.800;Aqua, Glycolic Acid, Propylene Glycol, Glycerin, Tranexamic Acid, Biosaccharide Gum-1, Polyacrylate Crosspolymer-11, Phenoxyethanol, Saccharide Isomerate, Hydroxyethylcellulose, Allantoin, Bis- PEG-18 Methyl Ether Dimethyl Silane, Panthenol, Triethylene Glycol, Sodium Hyaluronate, Citric Acid, Sodium Citrate;5;Face Gel;Moisturizer;mengangkat sel-sel kulit mati. menyamarkan garis-garis halus, kerutan, dan mengurangi hiperpigmentasi untuk kulit yang tampak lebih halus, kencang, dan kenyal.
Mandelic Acid Gel 5% with Niacinamide;FOR SKINS SAKE;Rp154.800;Aqua, Mandelic Acid, Propylene Glycol, Glycerin, Niacinamide, Biosaccharide Gum-1, Polyacrylate Crosspolymer-11, Phenoxyethanol, Saccharide Isomerate, Hydroxyethylcellulose, Allantoin, Bis-PEG-18 Methyl Ether Dimethyl Silane, Panthenol, Triethylene Glycol, Sodium Hyaluronate, Citric Acid, Sodium Citrate.;5;Face Gel;Moisturizer;mengatasi jerawat & noda, kemerahan dan mengontrol produksi sebum.
Bio Essence - Bio Water B5 MOIST IN GEL 50;BIO-ESSENCE;Rp293.000;Water, Butylene Glycol, Glycerin, Cyclopentasiloxane, Dimethicone/Vinyl Dimethicone Crosspolymer, Biosaccharide Gum-1, Dimethicone, Dimethiconol, Ammonium Polyacrylate, Pentylene Glycol, Caprylyl Glycol, Menthyl Lactate, PEG-40 Hydrogenated Castor Oil, Vaccinium Macrocarpon (Cranberry) Seed Oil, Olive Oil PEG-7 Esters, 1,2-Hexanediol, Betaine, Sodium Chloride, Methylpropanediol, Allantoin, Sodium Hyaluronate, Hyaluronic Acid, Panthenol, Niacinamide, Euglena Gracilis Extract, Phenoxyethanol, Potassium Sorbate, Tocopherol, Biosaccharide Gum-4, Hexamidine Diisethionate, Tetrasodium EDTA, Fragrance.;4.7;Face Gel;Moisturizer;Memberikan perlindungan pada kulit wajah dari polutan yang menyumbat pori dan  membantu mencegah iritasi. membantu menenangkan kulit wajah, menjaganya  tetap lembab, segar dan terhidrasi.
Ceratinol Moisturizer;THE ORIGINOTE;Rp39.600;Aloe barbadensis leaf water, water, glycerin, butylene glycol, dimethicone, glycosyl trehalose, hydrogenated starch hydrolysate, cyclopentasiloxane, hydroxyacetophenone, allantoin, cetearyl alcohol, PEG/PPG-17/6 copolymer, acrylates/c10-30 alkyl acrylate crosspolymer, cetearyl glucoside, arginine, methylpropanediol, ammonium acryloyldimethyltaurate/VP copolymer, sorbitan olivate, 1,2-hexanediol, glyceryl glucoside, squalane, dimethicone crosspolymer, sodium hyaluronate, polysorbate 80, camellia sinensis extract, sorbitan oleate, stephania tetrandra extract, propylene glycol, caprylic/capric triglyceride, beta-glucan, hydrogenated lecithin, ergothioneine, phospholipids, potassium sorbate, sodium benzoate, hexylene glycol, stearic acid, cholesterol, ceramide NP, retinol, retinal, ceramide EOP, ceramide AS, ceramide NG, ceramide AP, ubiquinone, mannitol, pentylene glycol, hydrolyzed collagen, lycopersicon esculentum extract, nasturtium officinale extract, hydrolyzed rice bran extract, palmitoyl grape seed extract, hydroxypinacolone retinoate, oligopeptide-1, hexapeptide-9, EDTA.;4.3;Face Gel;Moisturizer;membantu dan merawat kulit sehingga terasa kencang, mencegah tanda-tanda penuaan dini, serta merawat keremajaan kulit dan membantu merawat skin barrier wajah. 
24K Symwhite Jelly Booster;THE ORIGINOTE;Rp52.800;Aqua, glycerin, butylene glycol, niacinamide, 1,2-hexanediol, hydroxyacetophenone, acrylates/c10-30 alkyl acrylate crosspolymer, carbomer, PEG/PPG-17/6 copolymer, triethanolamine, methylpropanediol, allantoin, phenylethyl resorcinol, glyceryl glucoside, mica, sodium hyaluronate, stephania tetrandra root extract, propanediol, ergothioneine, centella asiatica extract, pearl extract, mannitol, artemisia argyi leaf extract, caprylhydroxamic acid, hydrolyzed collagen, glutathione, gold, ascorbic acid, glycolic acid, crocus sativus flower extract, diamond powder, tagetes erecta flower extract, oligopeptide-1, hexapeptide-9, EDTA;4.8;Face Gel;Moisturizer;mencerahkan dan meratakan warna kulit. Membantu melembapkan kulit sehingga keremajaan kulit tetap terawat. Mencerahkan kulit, meratakan warna kulit serta mengurangi noda hitam hitam pada kulit, Menghaluskan kulit Membantu mengenyalkan kulit dan menjaga keremajaan kulit
5X Ceramide Barrier Repair Moisturizer Gel;SKINTIFIC;Rp 34.930 - Rp 249.668;AQUA,BUTYLENE GLYCOL,HYDROGENATED POLYISOBUTENE,DIMETHICONE,GLYCERIN,PROPYLENE GLYCOL,1,2-HEXANEDIOL,HYDROXYACETOPHENONE,PEG-400,AMMONIUM ACRYLOYLDIMETHYLTAURATE/VP COPOLYMER,HYDROGENATED LECITHIN,PANTHENOL,PHYTOSTERYL/OCTYLDODECYL LAUROYL GLUTAMATE,CARBOMER,ALLANTOIN,PCA,HYDROXYETHYL ACRYLATE/SODIUM ACRYLOYLDIMETHYL TAURATE COPOLYMER,SQUALANE,CERAMIDE NP,CERAMIDE NS/CERAMIDE NG,CERAMIDE AS,CERAMIDE EOP,CERAMIDE AP,SODIUM HYALURONATE,HYDROLYZED COLLAGEN,CENTELLA ASIATICA EXTRACT,SODIUM HYDROXIDE,HAMAMELIS VIRGINIANA (WITCH HAZEL) EXTRACT,TREHALOSE,ECTOIN,SOPHORA,FLAVESCENS ROOT EXTRACT,OPUNTIA FICUS-INDICA STEM EXTRACT,OPHIOPOGON JAPONICUS ROOT EXTRACT,YEAST POLYSACCHARIDES,PENTYLENE GLYCOL,DISODIUM EDTATOCOPHEROL,POLYSORBATE 60,t-BUTYL ALCOHOL,CITRUS AURANTIUM AMARA (BITTER ORANGE) FLOWER OIL,SORBITAN ISOSTEARATE,CITRUS AURANTIUM BERGAMIA (BERGAMOT) FRUIT OIL,CITRUS MEDICA LIMONUM (LEMON) PEEL OIL;4.8;Face Gel;Moisturizer;Memperbaiki skin barrier, melembapkan kulit, menenangkan sel kulit yang rusak, menghidrasi kulit secara mendalam, cepat menyerap, tidak berminyak, tidak lengket, serta memberikan efek cooling sensation yang menyegarkan kulit.
Aloe 99% Soothing Gel;BRING GREEN;Rp106.080;Aloe Barbadensis Leaf Juice, Glycerin, Arginine, Carbomer, 1,2-Hexanediol, Water, Butylene Glycol, Brassica Oleracea Italica (Broccoli) Extract, Medicago Sativa (Alfalfa) Extract, Brassica Oleracea Capitata (Cabbage) Leaf Extract, Triticum Vulgare (Wheat) Sprout Extract, Brassica Campestris (Rapeseed) Extract, Raphanus Sativus (Radish) Seed Extract.;5;Face Gel;Moisturizer;memberikan hidrasi mendalam pada kulit yang lelah, meminimalkan iritasi kulit.
Acne Treatment Gel;WARDAH;Rp30.500;Aqua, Propylene Glycol, Salicylic Acid, Polyacrylate Crosspolymer-6, Xanthan Gum, Amylopectin, Dextrin, Phenoxyethanol, Capryloyl Glycine, Hexylene Glycol, Butylene Glycol, Sarcosine, Disodium EDTA, Ethylhexylglycerin, Cinnamomum Zeylanicum Bark Extract, Epilobium Angustifolium Extract, Centella Asiatica Extract, Sodium Citrate, Phragmites Kharka Extract, Poria Cocos Extract, Polygonum Cuspidatum Root Extract, Scutellaria Baicalensis Root Extract, Citric Acid, Sodium Benzoate, Camellia Sinensis Leaf Extract, Licorice Root Extract, Chamomilla Recutita Flower Extract, Rosemary Leaf Extract, Sodium Metabisulfite;4;Face Gel;Moisturizer;Mengempeskan jerawat dengan cepat, mencegah pertumbuhan bakteri penyebab jerawat, mencegah iritasi, mengatasi peradangan, membantu proses pengelupasan, dan mengeringkan jerawat.
MSH Niacinamide Brightening Moisture Gel;SKINTIFIC;Rp 34.930 - Rp 248.918;WATER, BUTYLENE GLYCOL, ISONONYL ISONONANOATE, GLYCERIN, NIACINAMIDE, CERAMIDE EOP, CERAMIDE NS/CERAMIDE NG, UNDECYLENOYL PHENYLALANINE(MSH)，CENTELLA ASIATICA EXTRACT, ALPHA ARBUTIN, CERAMIDE NP, TRANEXAMIC ACID, CERAMIDE AS, CERAMIDE AP, LIMNANTHES ALBA (MEADOWFOAM) SEED OIL, BETAINE, JOJOBA ESTERS, HYDROXYACETOPHENONE, PANTHENOL, 1,2-HEXANEDIOL, CETEARYL OLIVATE, CYCLOHEXASILOXANE, SORBITAN OLIVATE, BIS-PEG/PPG-20/5 PEG/PPG-20/5 DIMETHICONE, METHOXY PEG/PPG-25/4 DIMETHICONE, ACRYLATES/C10-30 ALKYL ACRYLATE CROSSPOLYMER, DIMETHICONE/VINYL DIMETHICONE CROSSPOLYMER, ARMILLARIA MATSUTAKE EXTRACT, PENTYLENE GLYCOL, SACCHAROMYCES CEREVISIAE EXTRACT;4.8;Face Gel;Moisturizer;Mencerahkan kulit dalam 14 hari, mengontrol minyak selama 24 jam, menyerap dengan cepat, menyejukkan kulit yang teriritasi ringan, merawat elastisitas kulit, menenangkan kulit, serta memperbaiki dan menjaga skin barrier.
YADAH Cactus Soothing Gel;YADAH;Rp 84.150 - Rp 153.850;Opuntia Ficus-Indica Stem Extract, 1,2-Hexanediol, Glycerin, Butylene Glycol, Dipotassium Glycyrrhizate, Panthenol, Allantoin, Carbomer, Arginine, Disodium EDTA, Dipropylene Glycol, Hydroxyacetophenone, Caprylyl Glycol.;4.5;Face Gel;Moisturizer;Merawat kulit wajah dan seluruh tubuh agar tetap halus, lembut, dan terjaga kelembapannya. membantu memberikan efek nyaman yang menyejukkan. merawat kulit agar tetap lembap.
Matcha Glow Dream Mask;DORSKIN;Rp98.040;Aqua, Xanthan Gum, Propylene Glycol, Aloe Vera Leaf Extract, Butylene Glycol, Glycerin, Isononył Isononanoate, Paraffinum Liquidum, Centella Asiatica Leaf Extract, Ethyl Macadamiate, Arbutin, Polyacrylamide, C13-14 Isoparaffin, Laureth-7, Cetyl Alcohol, Cetearyl Alcohol, Glyceryl Stearate, PEG-40 Stearate, Ceteareth-20, Phenoxyethanol, Fragrance, Camellia Sinensis Leaf Extract, Ci 19140, Ci 42090, Ci 73015;5;Face Gel;Moisturizer;Membantu melindungi kulit dari dampak radikal bebas, Membantu menjaga skin barrier kamu, Membantu melembabkan kulit, Membantu mencerahkan wajah, Membantu menenangkan kulit kemerahan dan mengurangi noda bekas jerawat, Membantu menutrisi kulit agar lembab dan kenyal
Dreamy Glow Postbiotic Gel Mask;BASE;Rp161.100;Water, Butylene Glycol, Glycerin, Cetearyl Alcohol, Propanediol, Ammonium Acryloyldimethyltaurate/VP Copolymer, Butyrospermum Parkii (Shea) Butter, Rosa Damascena Flower Water, 1,2-Hexanediol, Caprylic/Capric Triglyceride, Caprylhydroxamic Acid, Lactobacillus Ferment, Panicum Miliaceum(Millet) Seed Extract, Disodium EDTA, Deoxyphytantriyl Palmitamide MEA, Hydrogenated Lecithin, Ceramide NP, Cholesterol, Potassium Sorbate, Sodium Benzoate;5;Face Gel;Moisturizer;menghidrasi kulit secara mendalam, menyejukkan kulit, serta merawat kulit agar tetap halus dan lembut. mengistirahatkan kulitmu yang kusam, lelah, dan dehidrasi. Melembapkan secara intensif, memperbaiki skin barrier, dan merawat kulit sepanjang malam untukmu bangun dengan kulit lembut dan glowing. - meningkatkan hidrasi kulit, meningkatkan hidrasi kulit, kelembapan untuk kulit sehat dan kenyal.
Aloe 99% Soothing Gel (Fresh Moisturizing);HOLIKA HOLIKA;Rp 58.500 - Rp 135.200;Aloe Barbadensis Leaf Juice, Nelumbium Speciosum Flower Extract, Centella Asiatica Extract, Bambusa Vulgaris Extract, Cucumis Sativus (Cucumber) Fruit Extract, Zea Mays (Corn) Leaf Extract, Brassica Oleracea Capitata (Cabbage) Leaf Extract, Citrullus Lanatus (Watermelon) Fruit Extract, Peg-60 Hydrogenated Castor Oil, Sodium Polyacrylate, Carbomer, Triethanolamine, Fragrance, Phenoxyethanol;4;Face Gel;Moisturizer;memberikan hasil yang lebih maksimal. Pemulihan luka, menenangkan, menurunkan temperatur kulit dan melembabkan, menenangkan, pelindung melawan stres pada kulit 
3X Acid Anti-Acne Gel Moisturizer;SKINTIFIC;Rp115.650;AQUA, BUTYLENE GLYCOL, DIMETHICONE/VINYL DIMETHICONE CROSSPOLYMER, CYCLOPENTASILOXANE, TREHALOSE, PANTHENOL, LACTOBIONIC ACID, LACTIC ACID, GLYCERIN, CYCLOHEXASILOXANE, 1,2-HEXANEDIOL, HYDROXYACETOPHENONE, CARBOMER, METHYL GLUCETH-20, SALICYLIC ACID, SOPHORA FLAVESCENS ROOT EXTRACT, AMMONIUM ACRYLOYLDIMETHYLTAURATE/VP COPOLYMER, PENTYLENE GLYCOL, OPHIOPOGON JAPONICUS ROOT EXTRACT, OPUNTIA FICUS-INDICA STEM EXTRACT, PORTULACA OLERACEA EXTRACT, TRIBULUS TERRESTRIS FRUIT EXTRACT, SODIUM HYDROXIDE, DISODIUM EDTA, 10-HYDROXYDECANOIC ACID, ARGININE/LYSINE POLYPEPTIDE, ECTOIN, PEG-40 HYDROGENATED CASTOR OIL, CORNUS OFFICINALIS FRUIT EXTRACT, AROMA, CI 42090, MALTODEXTRIN, ACACIA SENEGAL GUM, CENTELLA ASIATICA LEAF EXTRACT, GLYCOLIC ACID, SODIUM MAGNESIUM SILICATE, CITRIC ACID, XANTHAN GUM.;3.8;Face Gel;Moisturizer;Meredakan kemerahan, rasa perih, dan sakit pada jerawat, mengeringkan jerawat, meratakan (flatten) jerawat, mencegah munculnya jerawat baru, meminimalkan jerawat yang muncul kembali, membantu menyamarkan bekas jerawat (PIE/PIH), mengontrol produksi minyak berlebih, serta meningkatkan kesehatan skin barrier pasca jerawat.
Centella Gel;BENTON;Rp156.000;Centella Asiatica Extract (80%), Aqua (Water), Glycerin, Pentylene Glycol, Arginine, Ammonium Acryloyldimethyltaurate/VP Copolymer, Acrylates/C10-30 Alkyl Acrylate Crosspolymer, Sodium Gluconate, Chamaecyparis Obtusa Water, Propanediol, Butylene Glycol, Enantia Chlorantha Bark Extract, Oleanolic Acid, 1,2-Hexanediol, Dipotassium Glycyrrhizate, Melaleuca Alternifolia (Tea Tree) Leaf Extract, Portulaca Oleracea Extract, Houttuynia Cordata Extract, Asiatic Acid, Madecassic Acid, Asiaticoside, Madecassoside, Caprylic/Capric Triglyceride, Hydrogenated phosphatidylcholine, Sucrose Stearate, Cetearyl Alcohol;5;Face Gel;Moisturizer;menenangkan dan meredakan kemerahan kulit dengan cepat, sekaligus melembapkan kulit kering dan sensitif dengan ringan, Merevitalisasi kulit kusam dan mengatur keseimbangan minyak-air, membuat kulit tidak berminyak namun dengan hasil akhir yang menghidrasi.
5% Niacinamide HydraMoist Gel;SCORA;Rp59.120;Aqua. Niacinamide. Butylene Glycol, Lactobecily/ Collagen/Mesembryanthemum Crystallinum Leo Extract Ferment Lysate, Siloxanetriol Alginate, Glycerin, Hamamelis Virginiana Extract, Gluconobacter/Honey Ferment Filtrate, Paeonia Albiflora Flower Extract, BIS-PEG-15 Methyl Ether Dimethicone, Lactobacillus/Hydrolyzed Collagen Ferment Filtrate Extract, Carbomer, Triethanolamine, Phenoxyethanol, DMDM Hydantoin, Polyglutamic Acid, Caffeine, Disodium EDTA, 1,2-Hexanediol, Sodium Hyaluronate, Hydrolyzed Hyaluronic Acid, Hydroxypropyltrimonium Hyaluronate, Ethylhexylglycerin, Bee Venom, Sodium Acetylated Hyaluronate, Arginine, Phytic Acid, Silver Oxide.;5;Face Gel;Moisturizer;Melembabkan - Membantu mencerahkan kulit - Perfecting make up - Membantu memperbaiki skin barrier - Menenangkan kemerahan dan inflamasi - Non-comedogenic
