name;brand;price;ingredients;rating;sub-category;category;benefit
Gold Makes Gorgeous Lip Balm;BARENBLISS;Rp58.650;Tridecyl Trimellitate, Ethylhexyl Palmitate, Octyldodecanol, Polyisobutene, C12-15 Alkyl Benzoate, Diisostearyl Malate, Caprylic/Capric Triglyceride, Pentaerythrityl Tetraisostearate, Dibutyl Lauroyl Glutamide, Dibutyl Ethylhexanoyl Glutamide, Phenoxyethanol, Fragrance, Isostearic Acid, Ethylhexylglycerin, Citric Acid, Gold, Rosa Rugosa Flower Oil, Prunus Speciosa Flower Extract, Simmondsia Chinensis (Jojoba) Seed Oil, Tripeptide-1, Tocopherol, Ceramide 1, CI 45410.;4.9;Lip Balm;Lip Care;menghidrasi, melindungi, dan menutrisi bibir. Membantu melembapkan dan melindungi bibir, Menghidrasi dan menutrisi bibir, menjaganya tetap sehat, Membantu menjaga bibir dalam kondisi sehat dan tampak berisi, Memiliki aktivitas antioksidan untuk melindungi bibir
Ben Tre Coconut Lip Balm;COCOON;Rp33.250;Cocos Nucifera (Coconut) Oil, Bis-Diglyceryl Polyacyladipate-2, Synthetic Beeswax, C15-19 Alkane, Butyrospermum Parkii (Shea) Butter, Candelilla Cera, Tocopheryl Acetate;5;Lip Balm;Lip Care;Melembapkan dan melindungi bibir dari kekeringan, menutrisi dan melembutkan bibir, mencegah penuaan pada bibir, serta memberikan aroma manis seperti permen kelapa.
Unicorn Honey Lip Balm;YNM;Rp119.000;Pentaerythrityl Tetraisostearate, Octyldodecanol, Tridecyl Trimellitate, Ozokerite, Diisostearyl Malate, Bis-Diglyceryl Polyacyladipate-2, Squalane, Polyisobutene, Beeswax, Polyethylene, Polyglyceryl-2 Triisostearate, Tocopheryl Acetate, Glyceryl Caprylate, Silica Dimethyl Silylate, Citric Acid, Pentaerythrityl Tetra-di-t-butyl Hydroxyhydrocinnamate, Triethoxycaprylylsilane, Aluminum Hydroxide, Glycerin, Honey, Red 21 (CI 45380), Yellow 5 Lake (CI 19140), Titanium Dioxide (CI 77891), Red 6 (CI 15850);5;Lip Balm;Lip Care;mencerahkan warna bibir kusam sekaligus melembabkan. Memberikan afterfeel yang nyaman dengan tekstur yang meleleh.
Tinted Lip Balm Red Rose;LIPLAPIN;Rp52.200;Beeswax, Butyrospermum Parkii Shea Butter, Cocoa Buter, Simmondsia Chinensis Jojoba Seed Oil, Prunus amygdalus dulcis oil, Coconut Cocos Nucifera Oil, Tocopheryl Acetate, ci 73915, Flavor.;4;Lip Balm;Lip Care;melembabkan bibir yang kering pecah-pecah agar lebih lembab, halus, dan sehat
Rainbow Honey Lip Balm;YNM;Rp109.000;Pentaerylthrityl Tetraisostearate, Octyldodecanol, Tridecyl Trimellitate, Ozokerite, Diisostearyl Malate, Bis-Diglyceryl Polyacyladipate-2, Squalane, Polyisobutene, Beeswax, Polyethylene, Polyglyceryl-2 Triisostearate, Tocopheryl Acetate, Glyceryl Caprylate, Silica Dimethyl Silylate, Citric Acid, Pentaerythrityl Tetra-Di-t-Butyl Hydroxyhydrocinnamate, Triethoxycaprylylsilane, Aluminum Hydroxide, Glycerin, Honey, Red 21, Yellow 5 Lake, Titanium Dioxide, Red 6.;5;Lip Balm;Lip Care;memberikan pelindung untuk mengunci kelembapan bibir. menciptakan warna merah muda alami. tetap lembab sepanjang hari dengan hasil akhir yang halus dan plumpy. menutrisi bibir kering dan pecah-pecah.
Ointment Duo Strawberry;PURE PAW PAW;Rp110.330;Petrolatum, Carica Papaya (Fermented) Fruit Extract, Cera Alba, Potassium Sorbate, Sodium Benzoate, Flavor;4.3;Lip Balm;Lip Care;Mengatasi bibir kering, Melembapkan kulit kaki yang kering, Melembapkan area kulit tubuh kering lainnya, Mengatasi kulit pecah-pecah, Krim pelindung
Lip balm Nutrition;MAKE OVER;Rp58.000;Mineral Oil, Jojoba oil, Olive oil, Vitamin E, SPF 15;5;Lip Balm;Lip Care;menjaga kelembaban bibir, mencegah hilangnya kadar air dan melindungi bibir sensitif.
Hues Of You Lip Balm;JIERA;Rp71.100;Petrolium, Cocos Nucifera Oil, Beaswax, Synthetic Carnaubla, Olea Europpaea (Olive) fruit oil, Prunus Amygdalus Dulcis Oil, Jojoba Esters, Stearyl Stearate, Cetyl Palmitate, Paraffin, Helianthus Annuuus Seed Extract, Acacia Decurrens, Flower Wax, Polyglycerin-3, BHT, CI 77891, Synthetic Wax, Isopropyl Titanium Trisostearate, CI 45410, Polyglyceryl 2 Triisostearate, Glycerin, Aqua, Crocus Sativus Flower, Propylparaben, BHT, Parfum.;0;Lip Balm;Lip Care;menjaga lip skin barrier dan melembapkan bibir.
MUSE Tinted Lip Balm;GUELE COSMETICS;Rp139.000;Bis-Behenyl/Isostearyl/Phytosteryl Dimer Dilinoleyl Dimer Dilinoleate, Diisostearyl Malate, Hydrogenated Polyisobutene, Propylene Glycol Dibenzoate, Phytosteryl/Octyldodecyl Lauroyl Glutamate, Tridecyl Trimellitate, Polyglyceryl-2 Triisostearate, Phytosteryl/Isostearyl/Cetyl/Stearyl/Behenyl Dimer Dilinoleate, Polyglyceryl-3 Diisostearate, Dioctyldodecyl Dimer Dilinoleate, Paraffin, Microcrystalline Wax, Synthetic Wax, Cera Microcristallina (EU), Ethylene/Propylene Copolymer, Propanediol, Menthol, Fragrance(Parfum), Tocopheryl Acetate, Polyglyceryl-2 Diisostearate, Tocopherol, Helianthus Annuus (Sunflower) Seed Oil, Prunus Amygdalus Dulcis (Sweet Almond) Oil, Ricinus Communis (Castor) Seed Oil, Ethylhexyl Methoxycinnamate, Ethylhexyl Palmitate, Tribehenin, Sorbitan Isostearate, Lactic Acid, Palmitoyl Tripeptide-1, BHT;4.8;Lip Balm;Lip Care;Melembapkan bibir, memberikan warna natural dengan coverage yang bisa dibangun, memberikan efek segar mint, membuat bibir tampak penuh dan berkilau, memberikan warna yang tahan lama, serta melindungi bibir dengan kandungan antioksidan dan UV filter.
Tinted Lippiecable Balm;AZARINE;Rp59.000;Tridecyl Trimellitate, Caprylic/Capric Triglyceride, Ethylhexyl Palmitate, Butyrospermum Parkii (Shea Butter), Polyethylene, Cera Microcristallina, Phenoxyethanol, Tocopheryl Acetate, Caprylyl Glycol, Sodium Hyaluronate, Glyceryl Behenate, Hyaluronic Acid, Helianthus Annuus (Sunflower) Seed Oil, Limnanthes Alba (Meadowfoam) Seed Oil, Cocos Nucifera (Coconut) Oil, Prunus Amygdalus Dulcis (Sweet Almond) Oil, Rosa Moschata Seed Oil, Parfum. May Contain: CI 77891, CI 77491, CI 77499. ;4.7;Lip Balm;Lip Care;Pelembap bibir dengan warna cokelat natural
Bouncy & Firm Lip Treatment;LANEIGE;Rp342.000;HYDROGENATED POLY(C6-14 OLEFIN), HYDROGENATED POLYISOBUTENE, ETHYLENE/PROPYLENE/STYRENE COPOLYMER, CAPRYLIC/CAPRIC TRIGLYCERIDE;4;Lip Balm;Lip Care;mengencangkan serta membuat bibir tampak halus dan juicy. melembapkan bibirmu bahkan sebelum menggunakan makeup. Memperhalus tekstur bibir, Melembapkan bibir membuat bibir tampak kenyal, kencang, dan terhidrasi. menjaga kelembapan lapisan terluar bibir agar tampak sehat & halus 
Natural Melting Lip Balm;YNM;Rp119.000;Pentaerythrityl Tetraisostearate, Octyldodecanol, Ozokerite, Squalane, Diisostearyl Malate, Tridecyl Trimellitate, U88Bis-Diglyceryl Polyacyladipate-2, U87Polybutene, Beeswax, Polyethylene, Silica Dimethyl Silylate, Ethylhexylglycerin, Glyceryl Caprylate, Caprylyl Glycol, Butyrospermum Parkii (Shea) Butter, Mangifera Indica (Mango) Seed Butter, Argania Spinosa Kernel Oil, Camellia Japonica Seed Oil, Simmondsia Chinensis (Jojoba) Seed Oil, Macadamia Ternifolia Seed Oil, Prunus Amygdalus Dulcis (Sweet Almond) Oil, Carthamus Tinctorius (Safflower) Seed Oil, 1,2-Hexanediol, Water, Propolis Extract, Butylene Glycol.;4.7;Lip Balm;Lip Care;melapisi kulit dengan hidrasi dan nutrisi yang dalam. menambah vitalitas pada bibir Anda.
Smoochies Lipbalm Lemonade;EMINA;Rp34.400;Beeswax, Mineral Oil (Paraffinum Liquidum), Microcrystalline Wax, Ethylhexyl Methoxycinnamate, Fragrance, Hydrogenated Polyisobutene, Butyl Methoxydibenzoylmethane, Olive (Olea Europea) Oil, Simmondsia Chinensis (Jojoba) Seed Oil, Aluminium Starch Octenylsuccinate, Squalane, Diisostearyl Malate, Aluminium Hydroxide, BHT, Propylparaben, Isopropyl Titanium Triisostearate, Aqua, Tocopheryl Acetate, Cucumis Sativus (Cucumber) Fruit Extract, Phenoxyethanol, Methylparaben, Ethylparaben, Ci 47005, Ci 77288.;4.2;Lip Balm;Lip Care;melembabkan bibir yang pecah-pecah, tampilan bibir Anda tetep sehat dan cantik.
Biome Barrier™ Melting Moisture Lip Balm;UIQ;Rp197.100;Ricinus Communis Seed Oil, Helianthus Annuus (Sunflower) Seed Oil, Bis-Behenyl/Isostearyl/Phytosteryl Dimer Dilinoleyl Dimer Dilinoleate, Phytosteryl/Isostearyl/Cetyl/Stearyl/Behenyl Dimer Dilinoleate, Simmondsia Chinensis (Jojoba) Seed Oil, Euphorbia Cerifera (Candelilla) Wax, Synthetic Wax, Bis-Diglyceryl Polyacyladipate-2, Synthetic Fluorphlogopite, Butyrospermum Parkii (Shea) Butter, Hydrogenated Vegetable Oil, Theobroma Grandiflorum Seed Butter, Sucrose Tetrastearate Triacetate, Diglyceryl Sebacate/Isopalmitate, Candelilla Wax Esters, CI 15985, Polyglyceryl-2 Triisostearate, Diisostearyl Malate, CI 15850, Polyglyceryl-2 Diisostearate, Copernicia Cerifera Wax, CI 77499, Tocopherol, Ceramide NP, Bacillus Ferment, 1,2-Hexanediol, Ethylhexylglycerin.;5;Lip Balm;Lip Care;membantu merawat kelembapan dan kelembutan bibir serta menjaganya tetap ternutrisi. Memberikan tampilan warna bibir rosy red yang merona.
24/7 Wondefullip Serum;DAZZLE ME;Rp18.250;Ethylhexyl Palmitate, Tridecyl Trimellitate, Hydrogenated Polydecene, Polyisobutene, Phenoxyethanol, Fragrance, Ethylhexylglycerin, Hyaluronic Acid, Vitis Vinifera (Grape) Seed Extract, Punica Granatum Fruit Extract, Simmondsia Chinensis (Jojoba) Seed Oil, Rosa Rugosa Flower Oil, CI 45410.;4.6;Lip Balm;Lip Care;Menutrisi bibir siang dan malam, meredakan bibir kencang dan kering, mencerahkan warna bibir, mengurangi kerutan bibir dan pelembab tahan lama. REHIDRASI BIBIR KERING
Hypergloss Lip Balm;DEAR ME BEAUTY;Rp 62.300 - Rp 66.750;Moisturizing Oil, Hyaluronic Acid, Shea Butter, Cocoa Butter, 3 Types of Peptide, Vitamin E, UV Filter;4.5;Lip Balm;Lip Care;Menjadikan bibir lembut, natural dengan pulasan warna yang intens, serta melindungi bibir dengan UV filter.
Ceramoist Glow Lip Serum;BARENBLISS;Rp58.650;Ethylhexyl Palmitate, Polybutene, Tridecyl Trimellitate, Octyldodecyl Stearoyl Stearate, Silica Dimethyl Silylate, C12-15 Alkyl Benzoate, Hydrogenated Styrene/Isoprene Copolymer, 1,2-Hexanediol, Tocopheryl Acetate, Phytosteryl Isostearate, Vitis Vinifera (Grape) Seed Oil, Simmondsia Chinensis (Jojoba) Seed Oil, Macadamia Ternifolia Seed Oil, Safflower Oil/Palm Oil Aminopropanediol Esters, Fragrance, CI 45380, CI 45410, CI 19140.;4.5;Lip Balm;Lip Care;sangat melembabkan untuk menjaga bibir tetap lembut dan terhidrasi. memberikan warna merah muda alami pada bibir dan tampak lebih sehat dengan menutrisi dan mencerahkan bibir gelap secara bertahap. menghidrasi bibir, mengunci kelembapan, dan menutrisi bibir.
Tinted Lip Balm Strawberry Kiss;LIPLAPIN;Rp52.200;Beeswax, Butyrospermum Parkii Shea Butter, Cocoa Buter, Simmondsia Chinensis Seed Oil, Prunus amygdalus dulcis oil, Coconut Cocos Nucifera Oil, Tocopheryl Acetate, Flavor, ci 73915, CI 77400.;4;Lip Balm;Lip Care;melembabkan bibir yang kering pecah-pecah agar lebih lembab, halus dan sehat
Focallure x Sanrio Care Plus Lip Balm;FOCALLURE;Rp57.800;TRIETHYLHEXANOIN, POLYISOBUTENE, BIS-DIGLYCERYL POLYACYLADIPATE-2, MICROCRYSTALLINE WAX, CI 77491, SQUALANE, SILICA DIMETHYL SILYLATE, CI 77891, LIMNANTHES ALBA (MEADOWFOAM) SEED OIL, SIMMONDSIA CHINENSIS SEED OIL, SYNTHETIC WAX, TOCOPHEROL, ASCORBYL TETRAISOPALMITATE, CI 15850, SODIUM HYALURONATE, HYDROXYSTEARIC ACID, GLYCERYL CAPRYLATE, CITRUS AURANTIUM DULCIS PEEL OIL;4.8;Lip Balm;Lip Care;meleleh dan memberikan efek glowing yang sempurna. Merawat dan menutrisi bibir, menyamarkan garis-garis bibir dan memberikannya efek glossy layaknya jelly yang kenyal. memberikan bibir tampilan cerah memukau yang berkilauan sepanjang hari.
Reve de Miel Lip Moisturizing Stick;NUXE;Rp165.000;Madu, Minyak Bunga Matahari Organik, Minyak Camelina Organik.;5;Lip Balm;Lip Care;melembutkan bibir yang sangat kering dan membuatnya lebih kenyal sepanjang hari. Sensasi bibir kering  berkurang.
Lip Care;NIVEA;Rp30.880;Cera Microcristallina, Octyldodecanol, Hydrogenated Polydecene, Cetyl Palmitate, Ricinus Communis Seed Oil, Myristyl Myristate, VP/Hexadecene Copolymer, Cetearyl Alcohol, Polyglyceryl-3 Diisostearate, Butyrospermum Parkii Butter, Caprylic/Capric Triglyceride, Pentaerythrityl Tetraisostearate, VP/Eicosene Copolymer, C20-40 Alkyl Stearate, Panthenol, Copernicia Cerifera Cera, Cera Alba, Aqua, Glycerin, Limonene, Linalool, Benzyl Alcohol, Benzyl Benzoate, Citral, Parfum;5;Lip Balm;Lip Care;memanjakan bibir anda dan memberikan 12 jam perlindungan dari bibir kering. Memberikan sensasi lembut dan melindungi bibir dari kekeringan. Melembabkan dan memberikan perawatan intensif yang tahan lama pada bibir, membuat bibir lembuh dan terlihat sehat
Lip Tinted Treatment;TERATU BEAUTY;Rp83.600;C26-28 Alkyl Dimethicone, Caprylic/Capric Triglyceride, Cera Alba, Simmondsia Chinensis (Jojoba) Seed Oil, Coconut (Cocos Nucifera) Oil, Tocopheryl Acetate, Phenoxyethanol, Fragrance, Flavor, CI 45410, Red 7 (CI 15850:1).;4.8;Lip Balm;Lip Care;Melembabkan dan menutrisi bibir, Memberikan warna pink natural yang mirip seperti warna pink alami bibir dan warnanya stain di bibir, Mampu mengembalikan warna asli bibir kita dari yang tadinya gelap
Indoganic Beauty X Diniyah Nurmala Tinted Lip Balm;INDOGANIC;Rp87.200;Tridecyl Trimellitate, Hydrogenated Polydecene, Caprylic/Capric Trygliceride, Synthetic Wax, Diisostearyl Malate, Ethylhexyl Palmitate, Vp/Eicosene Copolymer, Phenoxyethanol, Caprylyl Glycol, Citrus Aurantium Amara(Bitter Orange) Flower Oil, Glycerin, Ascorbic Acid, Bisabolol, Allantoin, Citrus Paradisi (Grapefruit)Seed Extract, Titanium Dioxide, CI 77491, CI77492, CI77499, CI 77891;0;Lip Balm;Lip Care;memberikan warna yang vibrant sekaligus hidrasi yang halus. membantu mencerahkan, menjaga kelembapan. menutrisi serta menjaga bibir tetap terhidrasi sepanjang hari.
Glow Pop Serum Lip Balm;ESQA;Rp98.100;TRIDECYL TRIMELLITATE, HYDROGENATED POLYDECENE, PENTAERYTHRITYL TETRAISOSTEARATE, DIISOSTEARYL MALATE, ETHYLHEXYL PALMITATE, POLYETHYLENE, FLAVOR, PHENOXYETHANOL, CAPRYLYL GLYCOL, TOCOPHERYL ACETATE, BUTYROSPERMUM PARKII (SHEA)BUTTER, SIMMONDSIA CHINENSIS (JOJOBA) SEED OIL, MACADAMIA TERNIFOLIA SEED OIL, SODIUM HYALURONATE, CAPRYLIC/CAPRIC TRIGLYCERIDE, STEARALKONIUM HECTORITE, PROPYLENE CARBONATE, PALMITOYL HEXAPEPTIDE-12 May Contain : CI 77491, CI 77499, CI 16035, CI 77891;5;Lip Balm;Lip Care;melembapkan bibir tahan lama, melindungi dengan UV filter, memberikan efek glossy dan juicy tanpa rasa lengket, membuat bibir tampak lebih penuh, merangsang produksi kolagen, mengurangi garis halus, menutrisi dan melembutkan bibir, serta melindungi dari sinar matahari.
YADAH Cactus Lip Tint Balm;YADAH;Rp 168.300 - Rp 177.650;Diisostearyl Malate, Caprylic/Capric Triglyceride, Polyglyceryl-2 Triisostearate, Hydrogenated Polydecene, Polybutene, Mycrocrystalline Wax, Dicalcium Phosphate, Paraffin, Hydrogenated Vegetable Oil, Phytosteryl/Isostearyl/Cetyl/Stearyl/Behenyl Dimer Dilinoleate, Polyethylene, Synthetic Wax, Silica Dimethyl Silylate, Acetylated Sucrose Distearate, Ethylene/Propylene Copolymer, Parfum, Glyceryl Caprylate, CI 77492, Helianthus Annuus (Sunflower) Seed Oil, Argania Spinosa Kernel Oil, Borago Officinalis Seed Oil, Oenothera Biennis (Evening Primrose) Oil, Opuntia Ficus-Indica Seed Oil, Prunus Armeniaca Kernel Oil, Pyrus Malus Seed Oil, Simmondsia Chinensis (Jojoba) Seed Oil, Sweet Almond (Prunus Amygdalus Dulcis) Oil.;0;Lip Balm;Lip Care;Memberi warna pada bibir untuk meningkatkan penampilan.
Vinotherapist Lip and Hand Duo;CAUDALIE;Rp200.000;Caprylic/Capric Triglyceride, Ricinus Communis (Castor) Seed Oil, Cera Alba/Beeswax/Cire D'Abeille, C10-18 Triglycerides, Butyrospermum Parkii (Shea) Butter, Macadamia Ternifolia Seed Oil, Copernicia Cerifera Cera / Copernicia Cerifera (Carnauba) Wax / Cire De Carnauba, Hydrogenated Castor Oil, Palmitoyl Grape Seed Extract, Tocopheryl Acetate, Limonene, Linalool, Leontopodium Alpinum Flower/Leaf Extract, Geraniol, Parfum (Fragrance).(181/001);5;Lip Balm;Lip Care;melindungi dan menenangkan bibir kering. menutrisi dan memperbaiki kulit kering tanpa membuat kulit terasa berminyak. Melindungi kulit dari dehidrasi dan meninggalkan hasil akhir lembut yang tahan lama.
Fruit Justice Lip Balm;DAZZLE ME;Rp 15.450 - Rp 26.265;Ethylhexyl Palmitate, Polyisobutene, Caprylic/Capric Triglyceride, Ozokerite, Cocos Nucifera (Coconut) Oil, Microcrystalline Wax, Polyethylene, Phenoxyethanol, Fragrance, Ethylhexylglycerin, Tocopheryl Acetate, Fragaria Chiloensis (Strawberry) Fruit Extract, Simmondsia Chinensis (Jojoba) Seed Oil. May Contain: CI 15850, CI 45410.;4.5;Lip Balm;Lip Care;melembapkan bibir secara intens, ringan, dan tidak lengket. Warnanya berubah sesuai pH tubuh untuk tampilan alami. menghidrasi, mencerahkan, serta membuat bibir lebih penuh. Dapat meremajakan bibir kering dan pecah-pecah
Sheen. Tinted Lip Balm + UV Filter;HALE;Rp89.640;Ethylhexyl Hydroxystearate, Pentaerythrityl Tetraisostearate, Dipentaerythrityl Hexahydroxystearate / Hexastearate / Hexarosinate, Cetyl Ricinoleate, Hydrogenated Polyisobutene, Tridecyl Trimellitate, Diisostearyl Malate, Microcrystalline Wax, Polyethylene, Phytosteryl / Isostearyl / Cetyl / Stearyl / Behenyl Dimer Dilinoleate, Ceresin, Ethylhexyl Methoxycinnamate, Lauroyl Lysine, Diglyceryl Sebacate / Isopalmitate, Dicalcium Phosphate, Sorbitan Isostearate, Polyglyceryl-2 Triisostearate, Phytosteryl Macadamiate, Polyhydroxystearic Acid, Lecithin, Ethylhexyl Palmitate, Isostearic Acid, Isopropyl Myristate, Tocopheryl Acetate, Polyglyceryl-3 Polyricinoleate, Polyglyceryl-2 Diisostearate, Caprylyl Glycol, Glyceryl Caprylate, Fragrance (Parfum), BHT;4.6;Lip Balm;Lip Care;Memberikan warna alami pada bibir, melindungi bibir dari kerusakan akibat sinar UV, menjaga kelembapan bibir, membuat bibir terasa halus dan lembap, serta memberikan perlindungan ekstra
Organic Lip Balm;DR BRONNERS;Rp77.900;Organic beeswax, organic coconut oil, organic avocado oil, organic jojoba oil, hemp oil.;4.6;Lip Balm;Lip Care;memberikan perlindungan ekstra untuk menjaga kelembapan lapisan bibir.
BLP X Tuku Butter Balm;BLP BEAUTY;Rp 59.250 - Rp 68.730;Bis-Diglyceryl Polyacyladipate-2, Tridecyl Trimellitate, Vp/Hexadecene Copolymer, Ethylhexyl Methoxycinnamate, Copernicia Cerifera (Carnauba) Wax, Diisostearyl Malate, Helianthus Annuus (Sunflower) Seed Oil, Candelilla Wax Esters, Phenoxyethanol, Tocopheryl Acetate, Caprylyl Glycol, Parfum, Butyrospermum  Parkii  (Shea) Butter, Caffeine, Simmondsia Chinensis (Jojoba) Seed Oil, CI 77891, CI 19140, CI 77491, CI 15850, CI 77499;4.8;Lip Balm;Lip Care;melembapkan, menutrisi, dan melindungi bibir dari sinar UV. memberikan hidrasi ekstra, menjaga kelembutan bibir, serta membuatnya tampak sehat.
Vinotherapist Lip Conditioner;CAUDALIE;Rp130.000;Caprylic/Capric Triglyceride, Ricinus Communis (Castor) Seed Oil, Cera Alba/Beeswax/Cire D'Abeille, C10-18 Triglycerides, Butyrospermum Parkii (Shea) Butter, Macadamia Ternifolia Seed Oil, Copernicia Cerifera Cera / Copernicia Cerifera (Carnauba) Wax / Cire De Carnauba, Hydrogenated Castor Oil, Palmitoyl Grape Seed Extract, Tocopheryl Acetate, Limonene, Linalool, Leontopodium Alpinum Flower/Leaf Extract, Geraniol, Parfum (Fragrance).(181/001);5;Lip Balm;Lip Care;menutrisi, melindungi dan menenangkan bibir kering secara permanen. membuat bibir Anda lembap. mengharumkan bibir secara halus untuk perlindungan sepanjang hari.
Le Fleur Balm Bullet;KITSCHY;Rp68.370;Ceramide, Peptide, UV Filter, Shea Butter, Vitamin E Acetate, Jojoba Oil;4.6;Lip Balm;Lip Care;melembapkan dan merawat bibir
Premium Lip Balm SPF 15;BUTTERED;Rp34.780;Organic sunflower oil, organic beeswax, organic coconut oil, vitamin E, organic rosemary extract, organic calendula extract, organic coconut flavor, organic cherry flavor, organic peppermint flavor, organic pear flavor, candy cane flavor, organic peach flavor.;4.8;Lip Balm;Lip Care;menghindari bibir hitam karena paparan sinar UVA dan UVB. Berfungsi untuk melembabkan, menghidrasi dan menenangkan bibir. memperbaiki kondisi bibir.
Lip Cream;DHC;Rp134.100;lanolin oil, caprylic/capric triglyceride, euphorbia cerifera (candelilla) wax/candelilla cera/cire de candelilla, beeswax/cera alba/cire d’abeille, lanolin, stearic acid, squalane, paraffin, olea europaea (olive) fruit oil, pentylene glycol, tocopherol, phenoxyethanol, stearyl glycyrrhetinate, panax ginseng root extract, aloe barbadensis leaf extract;5;Lip Balm;Lip Care;memberikan kelembaban pada bibir yang bertahan lama, menutrisi dan melindungi bibir, melembutkan bibir kasar, serta menjaga bibir tetap lembab dalam waktu lama. memberikan kelembaban pada bibir yang bertahan lama, menutrisi dan melindungi bibir, melembutkan bibir kasar, serta menjaga bibir tetap lembab dalam waktu lama.
Candy Pop Glow Melting Balm;YNM;Rp119.000;Diisostearyl Malate, Bis-Behenyl/Isostearyl/Phytosteryl Dimer Dilinoleyl Dimer Dilinoleate, Squalane, Polyglyceryl-2 Triisostearate, Red 7 (CI 15850:1), Phytosteryl/Octyldodecyl Lauroyl Glutamate, Hydrogenated Coconut Oil, Syntetic Wax, Caprylic/Capric Triglyceride, VP/Hexadecene Copolymer, Sucrose Tetrastearate Triacetate, Phytosteryl/Isostearyl/Cetyl/ Stearyl/Behenyl Dimer Dilinoleate, Sorbitan Isostearate, Stearalkonium Hectorite, Ethylene/Propylene Copolymer, Propylene Carbonate, Caprylyl Glycol, Phenoxyethanol, Hexylene Glycol, LIMNANTHES ALBA (MEADOWFOAM) SEED OIL, Adansonia Digitata Seed Oil, Prunus Armeniaca Kernel Oil, Helianthus Annuus (Sunflower) Seed Oil, Calendula Officinalis Flower, Daucus Carota Sativa Seed Oil, Mangifera Indica Seed Butter, Titanium Dioxide, CI 77491, CI 45410, CI 15850.;5;Lip Balm;Lip Care;menutrisi dan melembabkan bibir kering dan pecah-pecah, menghidrasi bibir, membantu mengubah bibir hitam menjadi merah alami, menambahkan kilau pada bibir tanpa rasa lengket, melembabkan, memberikan warna buildable pada bibir, serta menenangkan sel kulit mati dan bibir kering.
Duo Hypergloss Free Keychain + Mini SBWC;DEAR ME BEAUTY;Rp178.000;Moisturizing Oil, Hyaluronic Acid, Shea Butter, Cocoa Butter, 3 Types of Peptide, Vitamin E, dan UV Filter ● Formulated Without: Mineral Oil, Alcohol, Phthalates, Formaldehyde, Bht, Homosalate, Benzophenone;4.8;Lip Balm;Lip Care;Menjadikan bibir lembut, natural dengan pulasan warna yang intens, serta melindungi bibir dengan UV filter.
Ointment;PURE PAW PAW;Rp 63.200 - Rp 67.150;Petrolatum, Carica Papaya (Papaya) Fruit Extract, Cera Alba, Flavour, Potassium Sorbate, Sodium Benzoate;5;Lip Balm;Lip Care;Mengatasi bibir kering, Melembapkan kulit kaki yang kering, Melembapkan area kulit tubuh kering lainnya, Mengatasi kulit pecah-pecah, Krim pelindung
Lip Therapy Balm Stick;VASELINE;Rp21.630;Octyldodecanol, Microcrystalline Wax, Caprylic/Capnc Triglyceride, Ricinus Communis (Castor) Seed Oil, Cetyl Palmitate, Petrolatum, Myristyl Myristate, Polyglyceryl-3 Distearate, Water, Butyrospermum Parkii (Shea) Butter,Theobroma Cacao (Cocoa) Seed Butter, Copermicia Cerifera (Carnauba) Wax, Cetearyl Alcohol, C20-40 Alkyl Stearate, Beeswax, Glycerin, Tocopheryl Acetate,  Simmondsia Chinesis (Jojoba) Seed Oil, Camellia Sinensis Leaf Extract, Persea Gratissima (Avocado) Fruit Extract, Macadamia Integrifolia Seed Oil, Butylene Glycol, Fragrance, Iron Oxides (Cl 77492, Cl 77491, Cl 77499);5;Lip Balm;Lip Care;memberikan kelembaban pada bibir yang kering.
YSB Hybrid Elixir Lip Optimizer Serum;AVOSKIN;Rp132.050;Water, Butylene Glycol, Glycerin, Argania Spinosa Kernel Oil, Ammonium Acryloyldimethyltaurate/VP Copolymer, Phenoxyethanol, PEG-60 Hydrogenated Castor Oil, Titanium Dioxide (CI 77891), Silica, Sodium Acrylate/Sodium Acryloyldimethyl Taurate Copolymer, Polyglyceryl-10 Stearate, Isohexadecane, Ethylhexylglycerin, 1,2-Hexanediol, Dextrin, Stevioside, Polysorbate 80, Yellow 6 (CI 15985), Red 33 (CI 17200), Acid Red 18 (CI 16255), Sorbitan Oleate, Aluminum Hydroxide, Ammonium Polyacrylate, Arnica Montana Flower Extract, Polymethylsilsesquioxane, Blue 1 (Cl 42090), Sodium Hyaluronate, Tocopheryl Acetate, Simmondsia Chinensis (Jojoba) Seed Oil.;5;Lip Balm;Lip Care;Berfungsi untuk membantu melembapkan bibir, memberikan efek plumpy, serta dapat merawat warna bibir agar tampak lebih cerah.
Candy Gloss Balm;YNM;Rp 119.000 - Rp 299.000;Diisostearyl Malate, Bis-Behenyl/Isostearyl/ Phytosteryl Dimer Dilinoleyl Dimer Dilinoleate, Squalane, Phytosteryl/Octyldodecyl Lauroyl Glutamate, Polyglyceryl-2 Triisostearate, Hydrogenated Coconut Oil, Syntetic Wax, Phytosteryl/Isostearyl/Cetyl/Stearyl/Behenyl Dimer Dilinoleate, Caprylic/Capric Triglyceride, Sucrose Tetrastearate Triacetate, Polybutene, Sorbitan Isostearate, Stearalkonium Hectorite, Ethylene/Propylene Copolymer, Phenoxyethanol, Propylene Carbonate, Mangifera Indica (Mango) Seed Butter, Persea Gratissima (Avocado) Oil, Adansonia Digitata Seed Oil, LIMNANTHES ALBA (MEADOWFOAM) SEED OIL, Apricot (Prunus Armeniaca) Kernel Oil, Helianthus Annuus (Sunflower) Seed Oil, Calendula Officinalis Flower, CI 77891, CI 77491, CI 15850, CI 45410, CI 15850.;4.8;Lip Balm;Lip Care;menutrisi dan melembabkan bibir serta menambahkan warna di bibir. membantu melindungi bibir dari paparan polusi dan sinar UV. mencerahkan bibir kehitaman dan membuat bibir terlihat sehat dan berkilau.  Mencerahkan warna alami bibir.  Melembabkan tanpa membuat bibir terasa lengket.
YSB Hybrid Elixir Super Slick Tinted Melting Balm;AVOSKIN;Rp103.550;Polyisobutene, Beeswax, Ricinus Communis Seed Oil, Hydrogenated Microcrystalline Wax, Ho- mosalate, Stearyl Dimethicone, Ethylhexyl Meth- oxycinnamate, C26-28 Alkyl Dimethicone, Di- isostearyl Malate, Polyethylene, Ethylhexyl Salicy- late, Flavor, Aluminum Hydroxide, Polyester-7, Shorea Stenoptera Seed Butter, Octyldodecanol, Hydrogenated Polyisobutene, Neopentyl Glycol Diheptanoate, Phenoxyethanol, Petrolatum, Ascorbyl Tetraiso palmitate, Helianthus Annuus Seed Oil, Isohexadecane, Isopropyl Myristate, BHT, Persea Gratissima (Avocado) Oil, Cocos Nucifera Oil, Tocopheryl Acetate, Moringa Oleif- era (Moringa) Seed Oil, Kaolin, Bisabolol, Ethyl- ene/Propylene/Styrene Copolymer, Butylene/Eth- ylene/Styrene Copolymer, Sodium Hyaluronate, Xanthan Gum, Tripeptide-1, CI 15850, CI 19140, CI 77491, CI 77007, CI 77499.;4.5;Lip Balm;Lip Care;membantu untuk melembutkan bibir dan menyamarkan kerutan di bibir. membantu menyejukkan bibir, membantu melembapkan bibir, membantu menutrisi dan menghidrasi bibir. membantu melindungi bibir dari paparan sinar matahari.
Dew It On The Go - Plump & Glow Lip Peptide;DEW IT;Rp97.500;Ceramide, Peptides  Squalene, Hyaluronic Acid Almond Oil;5;Lip Balm;Lip Care;merawat bibir agar lembut, kenyal dan bervolume. mengatasi bibir kering yang mengelupas, meningkatkan dan mendorong elastisitas melalui produksi kolagen, mengatasi bibir pecah-pecah, melembapkan dan merawat bibir, membantu mencerahkan dan meremajakan bibir, 
Oh So Kissable Tinted Balm Stick;EMINA;Rp30.800;Petrolatum, Ethylhexyl Palmitate, Synthetic Wax, Bis-Diglyceryl Polyacyladipate-2, Ethylhexyl Methoxycinnamate, Crambe Abyssinica Seed Oil, Ozokerite, Olive (Olea Europaea) Oil, Phenoxyethanol, Jojoba Esters, Fragrance, Ethylhexylglycerin, Helianthus Annuus Seed Extract, Allantoin, Tocopheryl Acetate, BHT, Citric Acid, Acacia Decurrens Flower Wax, Polyglycerin-3, Isopropyl Titanium Triisostearate, Tocopherol, CI 45380, CI 77891.;4.8;Lip Balm;Lip Care;membuat bibir tampak lembab dan cerah. Dapat menjaga kelembaban bibir, membantu melindungi kulit bibir dari sinar matahari dan radikal bebas, menjaga kulit bibir tetap sehat.
Good Cera Super Ceramide Lip Oil Stick;HOLIKA HOLIKA;Rp96.000;Ceramide;5;Lip Balm;Lip Care;melindungi dari efek bahayanya lingkungan dan mencegah kekeringan dengan melembutkan bibr.
Illipe Plumping Lip Butter;FROM THIS ISLAND;Rp129.040;Polybutene, Diisostearyl Malate, Hydrogenated Polyisobutene, Phytosteryl/Isostearyl/Cetyl/Stearyl/Behenyl Dimer Dilinoleate, Pentaerythrityl Tetraethylhexanoate, Silica Dimethyl Silylate, Sorbitan Isostearate, Ceresin, Tribehenin, Ethylhexyl Stearate, Shorea Stenoptera Seed Butter, VP/Hexadecene Copolymer, Polymethylsilsesquioxane, Ethylhexyl Palmitate, Palmitoyl Tripeptide-1, Squalane, Tocopheryl Acetate, Polyglyceryl-2 Diisostearate, Polyglyceryl-2 Triisostearate, Lactic Acid, Dehydroacetic Acid, Fragrance(Parfum).May contain CI 77491, CI 77891, CI 15850:1, CI 77492, CI 15985, CI 42090, CI 77499, CI 15850;4.5;Lip Balm;Lip Care;memberikan kelembaban ekstra pada bibir, menutrisi dan menjaga bibir tetap sehat, menyamarkan garis-garis halus, menghidrasi bibir, serta memberikan efek bibir lembut dan halus seketika.  menjaga kelembaban bibir dalam waktu lama, bahkan saat cuaca kering, melindungi bibir dari radikal bebas, membantu mengurangi kerutan halus dan memberikan volume pada bibir, menguatkan skin-barrier bibir, menjadikannya lembab, sehat, dan lembut.
Reve de Miel Lip Balm;NUXE;Rp280.500;Grapefruit & Lemon Essential oil, Calendula oil & Musk Rose Allontion & Shea Butter (Soothe).;4.2;Lip Balm;Lip Care;memberikan perlindungan yang sangat tinggi untuk meregenerasi kulit bibir yg pecah-pecah
Candy Honey Lip Balm;YNM;Rp 109.000 - Rp 119.000;Phytoseryl/Isostearyl/Cetyl/Stearyl/Behenyl Dimer Dilinoleate, Hydrogenated Polyisobutene, Pentaerythrityl Tetraisostearate, Diisostearyl Malate, Octyldodecanol, Diphenyl Dimethicone, Caprylyl Methicone, Polyethylene, Jojoba Esters, Microcrystalline Wax, Synthetic Beeswax, Polyglyceryl-2 Triisostearate, Glyceryl Behenate/Eicosadioate, Polyhydroxystearic Acid, Glyceryl Caprylate, Limnanthes Alba (Meadowfoam) Seed Oil, Squalane, Ribes Nigrum (Black Currant) Seed Oil, Silica Dimethyl Silylate, Pentaerythrityl Tetra-Di-t-Butyl Hydroxyhydrocinnamate, Triethoxycaprylylsilane, Aluminum Hydroxide, Glycerin, Honey, Titanium Dioxide, Yellow 6 Lake, Red 21, Red 28 Lake, Red 27.;4.8;Lip Balm;Lip Care;menutrisi dan melembabkan bibir serta menambahkan warna di bibir. mengunci kelembapan. memberikan hidrasi mendalam dan menambah warna pada bibir.
Lanosalve Multipurpose Balm;BUTTERED;Rp 40.700 - Rp 58.000;Lanolin, Rosa Canina Fruit Oil, Tocopherol;4.7;Lip Balm;Lip Care;melembabkan dan menyembuhkan kulit kering dan luka. memberikan hidrasi yang mendalam. berfungsi untuk regenerasi kulit dan menenangkan kulit yang meradang / kemerahan.
Tinted Lip Balm Cocoa Butter;LIPLAPIN;Rp52.200;Beeswax, Butyrospermum Parkii Shea Butter, Cocoa Buter, Simmondsia Chinensis Jojoba Seed Oil, Prunus amygdalus dulcis oil, Coconut Cocos Nucifera Oil, Tocopheryl Acetate,Flavor, ci 73915, CI 77400.;4;Lip Balm;Lip Care;Melembabkan bibir, membantu membuat bibir kering dan pecah menjadi lebih halus, lembut, dan sehat serta memberikan warna pink kecoklatan pada bibir.
Silver Makes Stunning Lip Balm;BARENBLISS;Rp58.650;Tridecyl Trimellitate, Ethylhexyl Palmitate, Octyldodecanol, Polyisobutene, C12-15 Alkyl Benzoate, Diisostearyl Malate, Caprylic/Capric Triglyceride, Pentaerythrityl Tetraisostearate, Dibutyl Lauroyl Glutamide, Dibutyl Ethylhexanoyl Glutamide, Phenoxyethanol, Fragrance, Isostearic Acid, Ethylhexylglycerin, Citric Acid, Silver, Rosa Rugosa Flower Oil, Prunus Speciosa Flower Extract, Simmondsia Chinensis (Jojoba) Seed Oil, Tripeptide-1, Tocopherol, Ceramide 1, CI 45410;5;Lip Balm;Lip Care;menghidrasi, melindungi, dan menutrisi bibir. Membantu melembapkan dan melindungi bibir, Menghidrasi dan menutrisi bibir, menjaganya tetap sehat, Membantu menjaga bibir dalam kondisi sehat dan tampak berisi, melindungi bibir
Lip Oil Serum;THE ORIGINOTE;Rp39.600;Polyisobutene , ethylhexyl palmitate, 3-o-ethyl ascorbic acid, cetyl ethylhexanoate, butyl methoxydibenzoylmethane, octyldodecanol, diisostearyl malate, sweet almond ( prunus amygdalus dulcis) oil, hydrogenated styrene/isoprene copolymer, silica dimethyl silylate, ceramide NP, tocopherol, camellia japonica seed oil, grapefruit seed oil, butyrospermum parkii (shea) butter, octocrylene, vanillyl butyl ether, mineral oil.;4.6;Lip Balm;Lip Care;Menjaga bibir tetap terhidrasi serta lembap dan secara bertahap membantu mencerahkan bibir. Membantu melindungi dari kerusakan akibat sinar matahari Membantu mencerahkan warna bibir secara berkala dengan penggunaan rutin Melembapkan bibir
Pantenolips Lip Healssence Coral (Lip Essence);MEDIHEAL;Rp49.410;Mineral Oil, Polybutene, Caprylic/Capric Triglyceride, Ethylene/Propylene/Styrene Copolymer, Butylene/Ethylene/Styrene Copolymer, Citrus, Paradisi (Grapefruit) Peel Oil, Citrus Aurantium Dulcis (Orange) Peel Oil Expressed, Macadamia Integrifolia Seed Oil, Butyrospermum Parkii (Shea) Butter, Argania Spinosa Kernel Oil, Alcohol, Cetearyl Olivate, Sorbitan Olivate, Tocopheryl Acetate, Fragrance, Water, Aluminum Hydroxide, BHT, Titanium Dioxide, CI 15985, Panthenol, CI 45410;5;Lip Balm;Lip Care;melembapkan bibir kering, menghaluskan bibir, dan mencerahkan rona bibir, bibir glowing & glossy natural.
Essential Lip Balm;NATURE REPUBLIC;Rp 105.000 - Rp 109.000;Diisostearyl Malate, Pentaerythrityl Tetraisostearate, Trimethylsiloxyphenyl Dimethicone, Octyldodecanol, Hydrogenated Polyisobutene, Squalane, Bis-Behenyl/Isostearyl/Phytosteryl Dimer Dilinoleyl Dimer Dilinoleate, Phytosteryl/Isostearyl/Cetyl/Stearyl/Behenyl Dimer Dilinoleate, Microcrystalline Wax, Synthetic Wax, Paraffin, Silica Dimethyl Silylate, Polyethylene, Acetylated Sucrose Distearate, Phytosteryl Macadamiate, Ricinus Communis (Castor) Seed Oil, Fragrance(Parfum), Hydrogenated Castor Oil, Caprylyl Glycol, Glyceryl Caprylate, Hippophae Rhamnoides Oil, Pentaerythrityl Tetra-di-t-butyl Hydroxyhydrocinnamate, Water, Butyrospermum Parkii (Shea) Butter, Camellia Japonica Seed Oil, Ceramide NP, Panthenol, Simmondsia Chinensis (Jojoba) Seed Oil, Butylene Glycol, 1,2-Hexanediol, Rosa Centifolia Flower Extract, Chamomilla Recutita (Matricaria) Flower Extract, Hibiscus Sabdariffa Flower Extract, Rosa Canina Fruit Extract, Lavandula Angustifolia (Lavender) Flower Extract, Lippia Citrodora Leaf Extract, Melissa Officinalis Extract, Mentha Piperita (Peppermint) Leaf Extract, Rosa Damascena Flower Extract, Rosmarinus Officinalis (Rosemary) Leaf Extract, Salvia Officinalis (Sage) Leaf Extract, Thymus Vulgaris (Thyme) Leaf Extract, Tilia Europaea Flower Extract, Caprylic/Capric Triglyceride, Diisostearyl Malate, Hydrogenated Polydecene, Hydrogenated Polyisobutene, Bis-Diglyceryl Polyacyladipate-2, Polyglyceryl-2 Triisostearate, Dimer Dilinoleyl Dimer Dilinoleate, Phytosteryl/Isostearyl/Cetyl/Stearyl/Behenyl Dimer Dilinoleate, Paraffin, Silica Dimethyl Silylate, Ethylene/Propylene Copolymer, Caprylyl Glycol, Glyceryl Caprylate, Water, Butylene Glycol, Camellia Japonica Flower Extract, 1,2-Hexanediol, Rosa Centifolia Flower Extract, Rubus Idaeus (Raspberry) Fruit Extract, Chamomilla Recutita (Matricaria) Flower Extract, Fragaria Chiloensis (Strawberry) Fruit Extract, Rubus Chamaemorus Seed Extract, Euterpe Oleracea Fruit Extract, Caprylhydroxamic Acid, Glycerin, Ethylhexylglycerin, CI 45410, CI 15850.;5;Lip Balm;Lip Care;membantu menjaga kelembapan bibir. menyegarkan dan merawat bibir. melembapkan, menciptakan permukaan bibir halus dan bibir kencang. menjadikan sel kulit mati dan kerutan bibir lembab dan terhidrasi secara merata.
Dewy Tint Lip Balm;INNISFREE;Rp 141.400 - Rp 166.500;POLYISOBUTENE, PHYTOSTERYL/ISOSTEARYL/CETYL/STEARYL/BEHENYL DIMER DILINOLEATE, OCTYLDODECYL NEOPENTANOATE, DIISOSTEARYL MALATE, PENTAERYTHRITYL TETRAISOSTEARATE, PHYTOSTERYL/OCTYLDODECYL LAUROYL GLUTAMATE, PENTAERYTHRITYL TETRAETHYLHEXANOATE, SYNTHETIC WAX, PARAFFIN, MICROCRYSTALLINE WAX / CERA MICROCRISTALLINA / CIRE MICROCRISTALLINE, CAMELLIA JAPONICA SEED OIL, ASTROCARYUM MURUMURU SEED BUTTER, EUCALYPTUS GLOBULUS LEAF OIL, POLYHYDROXYSTEARIC ACID, ETHYLHEXYL PALMITATE, LECITHIN, ISOSTEARIC ACID, ISOPROPYL PALMITATE, LIMONENE, RED 21 (CI 45380), POLYGLYCERYL-3 POLYRICINOLEATE, POLYGLYCERYL-2 TRIISOSTEARATE;4.3;Lip Balm;Lip Care;membantu mengekspresikan bibir yang mengkilap dan lembap seperti kaca. membuat bibir lebih lembut dan halus, dan mewarnai bibir dengan warna vitalitas alami.  melembapkan bibir yang kasar dan kering sampai dalam, sehingga dapat mengekspresikan bibir yang mengkilap dan lembap seperti kaca.
Lip Jar;VASELINE;Rp31.150;Petrolatum, Butyrospermum Parkii (Shea) Butter, Tocopheryl Acetate;4.7;Lip Balm;Lip Care;memberikan kelembaban pada bibir. mengurangi bibir kering dan pecah-pecah serta menjaga kesehatan bibir.
Vinotherapist Vegan Repairing Lip Balm;CAUDALIE;Rp195.000;aqua/water/eau, ricinus communis (castor) seed oil, octyldodecyl myristate, butyrospermum parkii (shea) butter, hydrogenated vegetable oil, copernicia cerifera cera / copernicia cerifera (carnauba) wax / cire de carnauba, polyglyceryl-3 polyricinoleate, panthenol, squalane, caprylyl glycol, cocos nucifera (coconut) oil, magnesiumsulfate, zinc stearate, hydroxyacetophenone, hydrogenated castor oil, polyglyceryl-3 ricinoleate, o-cymen-5-ol, vitis vinifera (grape) seed oil, helianthus annuus (sunflower) seed oil, tocopherol, linalool, quercus suber bark extract, citronellol, geraniol, parfum (fragrance), limonene, citral.;5;Lip Balm;Lip Care;memperbaiki, menenangkan, dan secara intens melindungi bibir kering dan pecah-pecah. Menutrisi bibir dengan tekstur creamy balm untuk efek plumping dan kenyamanan maksimal yang tidak terasa berminyak, menutrisi dan memperbaiki secara intens, menenangkan. melindungi penghalang hidrasi kulit, membatasi kehilangan air sekaligus memungkinkan kulit untuk bernapas.
Lip Care Fruity Shine Strawberry Twinpack;NIVEA;Rp60.380;Octyldodecanol, Ricinus Communis (Castor) Seed Oil, Beeswax, Cocoglycerides, Bis-Diglyceryl Polyacyladipate-2, Butyrospermum Parkii (Shea) Butter, Hydrogenated Castor Oil, Helianthus Annuus Seed Wax, Simmondsia Chinensis (Jojoba) Seed Oil, Persea Gratissima (Avocado) Oil, Fragaria Ananassa (Strawberry) Fruit Juice, Ascorbyl Palmitate, Tocopherol, Bisabolol, Flavor, Propylene Glycol, Water, Citric Acid, Trideceth-9, Mica, BHT, Titanium Dioxide, Yellow 6 Lake, Red 7 Lake;4.2;Lip Balm;Lip Care;Menjadikan bibir terlihat glossy, Memberikan kelembapan pada bibir lebih lama
Canola Honey Lip Balm;INNISFREE;Rp85.500;petrolatum, polyglyceryl-2 triisostearate, diisostearyl malate, mineral oil / paraffinum liquidum / huile min�rale, jojoba esters, hydrogenated polyisobutene, polyethylene, meadowfoam delta-lactone, phytosteryl hydroxystearate, hydrogenated coco-glycerides, euphorbia cerifera (candelilla) wax / candelilla cera hydrocarbons / cire de candelilla, microcrystalline wax / cera microcristallina / cire microcristalline, mangifera indica (mango) seed butter, ceresin, prunus amygdalus dulcis (sweet almond) oil, trihydroxystearin, phenoxyethanol, caprylyl glycol, fragrance / parfum, glyceryl caprylate, tocopheryl acetate, yellow 5 lake (ci 19140), yellow 6 lake (ci 15985), tocopherol, tbhq, brassica napus seed oil, water / aqua / eau, butylene glycol, honey extract / mel extract / extrait de miel, ethylhexylglycerin;4.8;Lip Balm;Lip Care;memberikan kelembapan pada bibir yang kering, menghaluskan bibir, membuat bibir terlihat lembap, dan memberikan warna lembut seperti warna bibir alami.
Pantenolips Lip Healbalm (Lip Balm);MEDIHEAL;Rp49.410;Water, Panthenol, Sorbitol, Isohexadecane, Caprylic/Capric Triglyceride, Glycerin, Dilinoleic Acid/Propanediol Copolymer, Cetearyl Alcohol, Diisostearyl Malate, Macadamia Ternifolia Seed Oil, PEG/PPG-17/6 Copolymer, Phytosteryl Sunflowerseedate, Beeswax, Polysorbate 60, Glyceryl Stearate, Methyl Glucose Sesquistearate, Sorbitan Sesquioleate, Hydrogenated Vegetable Glycerides, Dimethicone, 1,2-Hexanediol, Tocopheryl Acetate, PEG-100 Stearate, Arginine, Carbomer, Butylene Glycol, Caprylhydroxamic Acid, Sodium Acrylate/Sodium Acryloyldimethyl Taurate Copolymer, Allantoin, Fragrance, Polysorbate 80, Disodium EDTA, Sodium Hyaluronate, Helianthus Annuus (Sunflower) Seed Oil, Olea Europaea (Olive) Fruit Oil, Argania Spinosa Kernel Oil, Sorbitan Oleate;4.3;Lip Balm;Lip Care;melembapkan bibir sangat kering, pecah-pecah, dan menghaluskan bibir.
Vaseline Lip Care Rosy Tinted;VASELINE;Rp26.250;Petrolatum, Parfum, Titanium Dioxide, Sodium Chloride, Sodium Sulfate, CI 73360.;4.5;Lip Balm;Lip Care;melembapkan bibir dengan tahan lama, melindungi dan menutrisi bibir yang kering, memperbaiki bibir pecah-pecah, memperbaiki skin barrier bibir, dan memberikan warna merah muda cerah yang glossy.
Joyful Gloss Lip Treatment;EVERSINCE;Rp59.000;Petrolatum, Diisostearyl Malate, Microcrystalline Wax, Octyldodecanol, Polybutene, Ethylhexyl Methoxycinnamate, Tocopheryl Acetate, Dehydroacetic Acid, Citrus Paradisi (Grapefruit) Peel Oil, BHT, Glycerin, Persea Gratissima (Avocado) Oil, Caprylic/Capric Triglyceride, Squalane, Hydrogenated Olive Oil Unsaponifiables, Psidium Guajava Fruit Extract, Morinda Citrifolia Extract, Nephelium Lappaceum Branch/Fruit/Leaf Extract, Garcinia Mangostana Peel Extract, Mangifera Indica (Mango) Fruit Extract, Musa Sapientum (Banana) Fruit Extract, Ananas Sativus (Pineapple) Fruit Extract, Carica Papaya (Papaya) Fruit Extract.;3.5;Lip Balm;Lip Care;melembapkan, menutrisi, dan melindungi bibirmu dari sinar UV.
Dewy Treatment Lip Balm;INNISFREE;Rp 141.400 - Rp 166.500;HYDROGENATED POLYISOBUTENE, PHYTOSTERYL/ISOSTEARYL/CETYL/STEARYL/BEHENYL DIMER DILINOLEATE, POLYISOBUTENE, DIISOSTEARYL MALATE, OCTYLDODECYL STEAROYL STEARATE, POLYGLYCERYL-10 DECAISOSTEARATE, SYNTHETIC WAX, ALUMINUM STARCH OCTENYLSUCCINATE, OLEIC/LINOLEIC/LINOLENIC POLYGLYCERIDES, ETHYLENE/PROPYLENE/STYRENE COPOLYMER, SUCROSE TETRASTEARATE TRIACETATE, CAMELLIA JAPONICA SEED OIL, BUTYROSPERMUM PARKII (SHEA) BUTTER, EUPHORBIA CERIFERA (CANDELILLA) WAX / CANDELILLA CERA HYDROCARBONS / CIRE DE CANDELILLA, C30-50 ALCOHOLS, CANDELILLA WAX ESTERS, DISTEARDIMONIUM HECTORITE, THEOBROMA CACAO (COCOA) SEED BUTTER, ETHYLENE/PROPYLENE COPOLYMER, EUCALYPTUS GLOBULUS LEAF OIL, POLYETHYLENE, COPERNICIA CERIFERA (CARNAUBA) WAX / COPERNICIA CERIFERA CERA / CIRE DE CARNAUBA, LIMONENE, BUTYLENE/ETHYLENE/STYRENE COPOLYMER, GLYCERIN, PENTAERYTHRITYL TETRA-DI-T-BUTYL HYDROXYHYDROCINNAMATE, CERAMIDE NP, TOCOPHEROL, PHYTOSPHINGOSINE, HYALURONIC ACID, HYDROGENATED LECITHIN;4.3;Lip Balm;Lip Care;menghidrasi dan kaya nutrisi untuk bibir yang lembut.
Everyday Moisture Lip Nutrition Balm;WARDAH;Rp29.500;Castor Oil, Petrolatum, C12-15 Alkyl Benzoate, Olive Oil, Bis-Diglyceryl Polyacyladipate-2, Ethylhexyl Methoxycinnamate, Polyethylene, Butyl Methoxydibenzoylmethane, Macadamia Seed Oil, Microcrystalline Wax, Shea Butter, Zinc Oxide, Jojoba Seed Oil, Phenoxyethanol, Fragrance, Tocopheryl Acetate, Ethylhexylglycerin, Allantoin, Soybean Oil, BHT, Avocado Oil, Triethoxycaprylylsilane, Propylene Glycol, Honey, Bisabolol, Aqua, Glycerin, Isobornyl Acetate, Calendula Flower Extract, Chamomile Flower Extract, Fucus Vesiculosus Extract, Wheat Bran Extract, Citric Acid, Linoleic Acid, Potassium Sorbate, Sodium Benzoate, Tocopherol;4.5;Lip Balm;Lip Care;menenangkan. melindungi kulit dari sinar matahari dan radikal bebas, Memberikan kelembaban hingga 12 jam serta Membantu kulit bibir tetap lembab, tidak pecah-pecah dan kering.
Lip Glowy Balm;LANEIGE;Rp 220.500 - Rp 245.000;Hydrogenated Polyisobutene, phytosteryl/isostearyl/cetyl/stearyl/behenyl dimer dilinoleate, Diisostearyl Malate, Hydrogenated Poly(C6-14 Olefin), Polybutene, phytosteryl isostearyl dimer dilinoleate, Microcrystalline wax, Butyrospermum Parkii (Shea) Butter, Sucrose tetrastearate Triacetate, ethylene/propylene/styrene copolymer, Mica, Euphorbia Cerifera (Candelilla) Wax, astrocaryum murumuru seed butter, Syntetic Wax, Fragrance /Parfum, candelilla wax esters, Dehydroacetic Acid, butylene/ethylene/styrene copolymer, Methicone, ci 77891, Polyglyceryl-2 Triisostearate, Copernicia Cerifera (Carnauba) Wax, pentaerythrityl tetra-di-t-butyl hydroxyhydrocinnamate, CI 15850, Tocopherol;4.5;Lip Balm;Lip Care;menghidrasi, memberikan warna, dan menawan sepanjang hari. menciptakan kelembutan bibir yang kamu dambakan, menghaluskan bibir kering & pecah-pecah
Lip Barrier Sunscreen SPF 30 PA+++;WARDAH;Rp34.000;Castor (Ricinus Communis) Oil, Petrolatum, C12-15 Alkyl Benzoate, Olive (Olea Europaea) Oil, Bis-Diglyceryl Polyacyladipate-2, Synthetic Wax, Ethylhexyl Methoxycinnamate, Butyl Methoxydibenzoylmethane, DI-C20-40 Alkyl Dimer Dilinoleate, Microcrystalline Wax, Shea Butter (Butyrospermum Parkii), Macadamia Ternifolia Seed Oil, C10-30 Cholesterol/Lanosterol Esters, Zinc Oxide, Phenoxyethanol, Simmondsia Chinensis (Jojoba) Seed Oil, Bisabolol, Tocopheryl Acetate, Ethylhexylglycerin, Linoleic Acid, 1,2-Hexanediol, Caprylyl Glycol, Glycine Soja (Soybean) Oil, Allantoin, BHT, Persea Gratissima (Avocado) Oil, Oleic Acid, Triethoxycaprylylsilane, Propylene Glycol, Honey Extract, Palmitic Acid, Aqua, Stearic Acid, Glycerin, Linolenic Acid, Simmondsia Chinensis Seed Oil, Isobornyl Acetate, Calendula Officinalis Flower Extract, Chamomilla Recutita (Matricaria) Flower Extract, Fucus Vesiculosus Extract, Triticum Vulgare (Wheat) Bran Extract, Arachidic Acid , Behenic Acid, Punica Granatum Flower Extract, Polyglyceryl-3 Diisostearate, Tocopherol, Citric Acid, Potassium Sorbate, Sodium Benzoate.;5;Lip Balm;Lip Care;perawatan dan proteksi intens selama 12 jam efektif melindungi bibir dari UVA dan UVB. memperbaiki dan meregenerasi sel kulit bibir serta menghidrasi untuk mengatasi bibir pecah-pecah.
Hydrabalm Lip Care;WARDAH;Rp 27.000 - Rp 31.000;Ethylhexyl Palmitate, Petrolatum, Synthetic Wax, Bis-Diglyceryl Polyacyladipate-2, Ethylhexyl Methoxycinnamate, Ozokerite, Crambe Abyssinica Seed Oil, Olive (Olea Europaea) Oil, Shea Butter (Butyrospermum Parkii), Phenoxyethanol, Jojoba Esters, Titanium Dioxide, Simmondsia Chinensis Seed Oil, Ethylhexylglycerin, Helianthus Annuus Seed Extract, Fragrance, Allantoin, Tocopheryl Acetate, BHT, Acacia Decurrens Flower Wax, Polyglycerin-3, Punica Granatum Flower Extract, Polyglyceryl-3 Diisostearate, Tocopherol, CI 45370, CI 15850, CI 45380.;4.4;Lip Balm;Lip Care;memberikan hidrasi tahan lama 12 jam, tanpa rasa berminyak. menutrisi lapisan dalam, melindungi lapisan bibir terluar dari bahaya UVA, UVB, dan polusi. memberikan tampilan bibir tampak sehat dan tidak pecah-pecah.
Fruity Sheer Lip Balm;WARDAH;Rp 29.500 - Rp 31.000;Petrolatum, Ethylhexyl Palmitate, Polyethylene, Bis-Diglyceryl Polyacyladipate-2, Ethylhexyl Methoxycinnamate, Crambe Abyssinica Seed Oil, Ozokerite, Olive (Olea Europaea) Oil, Shea Butter (Butyrospermum Parkii), Phenoxyethanol, Jojoba Esters, Fragrance, Simmondsia Chinensis (Jojoba) Seed Oil, Ethylhexylglycerin, Helianthus Annuus (Sunflower) Seed Wax, Allantoin, Tocopheryl Acetate, BHT, Citric Acid, Acacia Decurrens Flower Wax, Polyglycerin-3, Tocopherol, Ci 77891, Ci 45380;4.4;Lip Balm;Lip Care;Membantu kulit bibir terlihat lembab , tidak pecah-pecah dan kering. melindungi bibir dari sinar matahari dan radikan bebas.
Protective Lip Balm Block Stick;ABIB;Rp96.000;Butyrospermum Parkii (Shea) Butter, Citric Acid, Diisostearyl Malate, Polyglyceryl-2 Triisostearate, Octyldodecanol, Ricinus Communis (Castor) Seed Oil, Ethylhexyl Methoxycinnamate, BHT, Ceresin, Meadowfoam Delta-Lactone, Euphorbia Cerifera (Candelilla) Wax, Polyethylene, Ozokerite,  Jojoba Esters, Tocopherol, Paraffin, Polybutene,Olea Europaea (Olive) Fruit Oil,  Sorbitan Sesquioleate, Prunus Amygdalus Dulcis (Sweet Almond) Oil, Tribehenin, Trihydroxystearin, Prunus Armeniaca (Apricot) Kernel Oil, Oenothera Biennis (Evening Primrose) Oil, Fragrance, Camellia Japonica Seed Oil, Limnanthes Alba (Meadowfoam) Seed Oil, Alcohol, Rosa Damascena Flower Oil, Elaeis Guineensis (Palm) Oil, Carthamus Tinctorius (Safflower) Seed Oil, Tocopherol, Helianthus Annuus (Sunflower) Seed Oil,  Dehydroacetic Acid, Microcrystalline Wax, Ethy lhexyl Salicylate;5;Lip Balm;Lip Care;melindungi bibir dari paparan sinar matahari dan menjaga kelembapan bibir sepanjang hari. menjadikan bibir lebih lembut dan halus. 
Fresh Green Lipbalm;YNM;Rp115.000;Pentaerythrityl Tetraisostearate, Octyldodecanol, Ozokerite, Diisostearyl Malate, Caprylic/Capric Triglyceride, Tridecyl Trimellitate, Bis-Diglyceryl Polyacyladipate-2, Polyisobutene, Synthetic Beeswax, Synthetic Wax, Tocopherol, Ethylhexylglycerin, Caprylyl Glycol, Melia Azadirachta Leaf Extract, Silica Dimethyl Silylate, Melia Azadirachta Flower Extract, Titanium Dioxide, Coccinia Indica Fruit Extract, Amber Powder, Solanum Melongena (Eggplant) Fruit Extract, Ocimum Sanctum Leaf Extract, Curcuma Longa (Turmeric) Root Extract, Moringa Oleifera Seed Oil, Corallina Officinalis Extract, Water, Butylene Glycol, Glycerin, Polyglyceryl-10 Laurate, 1,2-Hexanediol, Hydrogenated Lecithin, Madecassoside, Asiaticoside, Madecassic Acid, Asiatic Acid, Panthenol, Ceramide NP;0;Lip Balm;Lip Care;membantu memperbaiki bibir iritasi. memberikan kelembapan pada bibir, tidak lengket, dan eksfoliasi.
Smoochies Lipbalm Cucumber Juice;EMINA;Rp34.400;Squalane, olive oil, jojoba oil, SPF 10, Vitamin E;4;Lip Balm;Lip Care;melembabkan & merawat bibir. menjaga kelembaban dan kelembutan bibir, melindungi bibir dari sinar uv. melembabkan dan merawat bibir agar terjaga kelembaban dan kelembutan bibir.
Juicy Lip Balm;ROSE ALL DAY;Rp 83.300 - Rp 89.250;Microcrystalline Wax, Diisostearyl Malate, Squalane, Octyldodecanol, Pentaerythrityl Tetraethylhexanoate, Caprylic/Capric/Myristic/Stearic Triglyceride, Hydrogenated Polyisobutene, Phytosteryl/Isostearyl/Cetyl/Stearyl/Behenyl Dimer Dilinoleate, Ricinus Communis (Castor) Seed Oil, Polyethylene, Paraffin, CI 77891, Polyglyceryl-2 Triisostearate, Hydrogenated Vegetable Oil, CI 77491, Silica Dimethyl Silylate, Acetylated Sucrose Distearate, Parfum, CI 77499, Cera Microcristallina, CI 19140, Ethylhexyl Methoxycinnamate, Tocopheryl Acetate, Red 7 (CI 15850:1), CI 77492, Polyglyceryl-2 Diisostearate, Glyceryl Caprylate, Caprylyl Glycol, Pentaerythrityl Tetra-di-t-butyl Hydroxyhydrocinnamate, BHT, Ascorbic Acid, Water, Butylene Glycol, Theobroma Cacao (Cocoa) Extract;4.5;Lip Balm;Lip Care;Memberikan kelembapan intens, mengurangi kerutan pada bibir, memberikan pigmen alami yang menyamarkan bibir, melembutkan bibir dan memberikan perlindungan dari kekeringan.
Lippiecable Balm;AZARINE;Rp59.000;Tridecyl Trimtellitate, Caprylic/Capric Triglyceride, Ethylhexyl Palmitate, Butyrospermum Parkii (Shea Butter), Polyethylene, Cera Microcristallina, Phenoxyethanol, Tocopheryl Acetate, Caprylyl Glycol, Sodium Hyaluronate, Glyceryl Behenate, Hyaluronic Acid, Helianthus Annuus (Sunflower) Seed Oil, Limnanthes Alba (Meadowfoam) Seed Oil, Cocos Nucifera (Coconut) Oil, Prunus Amygdalus Dulcis (Sweet Almond) Oil, Rosa Moschata Seed Oil, Parfum. May Contain: CI 19140. ;5;Lip Balm;Lip Care;Pelembap bibir dengan warna cokelat natural
Crystal Glam Balm;CLIO;Rp156.000;Bis-Behenyl/Isostearyl/Phytosteryl Dimer Dilinoleyl Dimer Dilinoleate, Diisostearyl Malate, Hydrogenated Polyisobutene, Bis-Diglyceryl Polyacyladipate-2, Paraffin, Polyglyceryl-2 Triisostearate, Octyldodecanol, Sorbitan Isostearate, Microcrystalline Wax, 1,2-Hexanediol, Cetyl Peg/Ppg-10/1 Dimethicone, Synthetic Wax, Disteardimonium Hectorite, Ethylene/Propylene Copolymer, Ci 77891, Propylene Carbonate, Parfum, Ci 45410, Ci 15985, Linalool, Ci 77491, Ci 15850, Limonene, Hexyl Cinnamal, Prunus Armeniaca Kernel Oil, Pentaerythrityl Tetra-Di-T-Butyl Hydroxyhydrocinnamate, Ci 19140.;5;Lip Balm;Lip Care;melembapkan dan pigmen tinggi. Memberikan kilau instan serta efek plumping dan sheen pada bibir.
Pantenolips Lip Healssence (Lip Essence);MEDIHEAL;Rp49.410;Polybutene, Mineral Oil, Caprylic/Capric Triglyceride, Ethylene/Propylene/Styrene Copolymer, Butylene/Ethylene/Styrene Copolymer, Olea Europaea (Olive) Fruit Oil, Helianthus Annuus (Sunflower) Seed Oil, Macadamia Integrifolia Seed Oil, Butyrospermum Parkii (Shea) Butter, Argania Spinosa Kernel Oil, Alcohol, Cetearyl Olivate, Sorbitan Olivate, Tocopheryl Acetate, Fragrance, BHT, Panthenol, CI 45410;4.5;Lip Balm;Lip Care;melembapkan bibir kering dan pecah-pecah, menghaluskan bibir, mencerahkan rona bibir, memberikan efek kilap dan hasil akhir glossy alami, serta memberikan nutrisi dan tampilan alami pada bibir.
PURE NATURAL LIP OIL SOFTEN MOISTURIZED REPAIRED MULTI-USES WATERPROOF LIP CARE;FOCALLURE;Rp19.000;Polybutene, Sunflower (Helianthus Annuus) Seed Oil, Caprylic/Capric Triglyceride, Ethylhexyl, Palmitate Tridecyl Trimelliatate, Parfum, Tocopheryl Acetate, Hippophae Rhamnoides Fruit Oil, Olea Europaea (olive) Fruit Oil, Butyrospermum Parkii (Shea Butter);4.6;Lip Balm;Lip Care;membuat permukaan bibir terlihat mulus, mengelupas kulit mati, melembabkan bibir secara mendalam, dan memperbaiki bibir kering. menciptakan bibir water jelly.
Lip Glowy Balm Candy Cane;LANEIGE;Rp220.500;Hydrogenated Polyisobutene, Phytosteryl/Isostearyl/Cetyl/Stearyl/Behenyl Dimer Dilinoleate, Hydrogenated Poly(c6-14 Olefin), Diisostearyl Malate, Polybutene, Phytosterylisostearyl Dimer Dilinoleate,7 Microcrystalline Wax /Ceramicrocristallina / Ciremicrocristalline, Butyrospermumparkii (Shea) Butter, Sucrosetetrastearate Triacetate, Synthetic Wax, Ethylene/Propylene/Styrene Copolymer,mica, Astrocaryum Murumuruseed Butter, Euphorbia Cerifera (Candelilla) Wax / Candelillacera Hydrocarbons / Ciredecandelilla, Butylene/Ethylene/Styrene Copolymer, Fragrance / Parfum, Candelilla Wax Esters,dehydroacetic Acid, Dimethicone,methicone, Copernicia Cerifera(carnauba) Wax / Copernicia Cerifera Cera / Cire De Carnauba,polyglyceryl-2 Triisostearate,red 7 Lake (Ci 15850), Red 6 (Ci15850), Water / Aqua / Eau,propanediol, Bht, Lyciumchinense Fruit Extract, Rubus Idaeus (Raspberry) Fruit Extract, Vaccinium Angustifolium (Blueberry) Fruit Extract, Coffea Arabica (Coffee) Seed Extract, Sapindus Mukorossi Fruit Extract, Vaccinium Macrocarpon (Cranberry), Fruit Extract, Fragaris Chiloensis (Strawberry) Fruit Extract, Rubus Chamaemorus Seed Extract, Phenoxyethanol.;5;Lip Balm;Lip Care;menghidrasi, memberikan warna, dan menawan sepanjang hari.  - menciptakan kelembutan bibir yang kamu dambakan  - menghaluskan bibir kering & pecah-pecah
Lip Balm Overnight Care Lavender Essential Oil;NIVEA;Rp42.030;Octyldodecanol, Ricinus Communis Seed Oil, Hydrogenated Rapeseed Oil, CeraAlba, Cetyl Palmitate, Butyrospermum Parkii Butter, Cetearyl Alcohol,Aroma, Lavandula Angustifolia Oil,Tocopherol, Helianthus Annuus Seed Oil, CI 42090, CI 15850.;5;Lip Balm;Lip Care;menenangkan, memberikan perlindungan bibir secara intensif. Melembapkan bibir
Butter Balm;BLP BEAUTY;Rp67.150;Bis-Diglyceryl Polyacyladipate-2, Tridecyl Trimellitate, Polyethylene, Vp/Eicosene Copolymer, Ethylhexyl Methoxycinnamate, Diisostearyl Malate, Helianthus Annuus (Sunflower) Seed Oil, Macadamia Ternifolia Seed Oil, Phenoxyethanol, Caprylyl Glycol, Tocopheryl Acetate, Flavour, Simmondsia Chinensis (Jojoba) Seed Oil, Butyrospermum Parkii (Shea) Butter  May Contain CI 77491, CI 77891, CI 15850;5;Lip Balm;Lip Care;memberikan kelembapan ekstra, hidrasi cepat, melindungi bibir dari sinar UV, membuat bibir terasa halus dan sehat, serta memberikan tampilan bibir yang lembut seperti mentega.
Vegan Lipglow;NACIFIC;Rp84.500;Helianthus Annuus (Sunflower) Seed Oil, Polyglyceryl-2 Triisostearate, Bis-Diglyceryl Polyacyladipate-2, Microcrystalline Wax, Ceresin, Ozokerite, Euphorbia Cerifera (Candelilla) Wax, Synthetic Wax, Butyrospermum Parkii (Shea) Butter, Glycerin, 1,2-Hexanediol, Sorbitan Olivate, Prunus Amygdalus Dulcis (Sweet Almond) Oil, Silica, Dimethyl Silylate, Olea Europaea (Olive) Fruit Oil, Camellia Sinensis Seed Oil, Camellia Japonica Seed Oil, Macadamia Ternifolia Seed Oil, Limnanthes Alba (Meadowfoam) Seed Oil, Simmondsia Chinensis (Jojoba) Seed Oil, Moringa Oleifera Seed Oil, Candida Bombicola/Glucose/Methyl Rapeseedate Ferment, Citrus Aurantium Bergamia Fruit Oil, Citrus Aurantium Dulcis Peel Oil, Xanthophyll, Oryza Sativa (Rice) Germ Oil, Cottonseed (Gossypium Herbaceum) Oil, Aqua, Pinus Sylvestris Leaf Oil, Octyldodecanol, Juniperus Virginiana Wood Oil, Hydrogenated Lecithin, Ceramide NP, Curcuma Longa Root Extract, Caprylyl Glycol, Tocopherol.;4.6;Lip Balm;Lip Care;melembabkan serta memperkuat skin barrier. menutrisi bibir. Bibir lembab, lembut dan sehat. -Hidrasi Intensif -Tampilan Mengkilap -Melembabkan
Lip Oil Serum;INDOGANIC;Rp74.250;Hydrogenated Polyisobutene, Ethylhexyl Palmitate, Octyldodecanol, Polyglyceryl-2 Trilsostearate, Butyrospermum Parkii Butter, Octocrylene, Silica Dimethyl Silylate, Camellia Japonica Seed Oil, Ascorbyl Tetraisopalmitate, Tocopheryl Acetate, Argania Spinosa Kernel Oil, Laminaria Digitata Extract, Portulaca Pilosa Extract, Ceramide AP, Ceramide AS, Ceramide EOP, Ceramide NP, Ceramide NS, Aqua, Cetearyl Ethylhexanoate, Flavor, Sorbitan Isostearate, 1,2-Hexanediol, Hydrogenated Lecithin, Phenoxyethanol, Sucrose Cocoate, Cetyl-PG Hydroxyethyl Palmitamide, Palmitoyl Tripeptide-38, Diisostearyl Malate, CI 15850;5;Lip Balm;Lip Care;memberikan bibir yang sehat dan plump, melembabkan dan melindungi kulit
Vaseline Lip Care color+care 3gr Tinted Lip Balm;VASELINE;Rp52.280;DIISOSTEARYL MALATE, PENTAERYTHRITYL TETRAISOSTEARATE, TRIMETHYLOLPROPANE TRIISOSTEARATE, OCTYLDODECANOL, TRIISOSTEARYL CITRATE, PETROLATUM, ISONONYL ISONONANOATE, BIS-DIGLYCERYL POLYACYLADIPATE-2, SYNTHETIC WAX, MICROCRYSTALLINE WAX/ CIRE MICROCRISTALLINE, OZOKERITE, EUPHORBIA CERIFERA (CANDELILLA) WAX, BUTYROSPERMUM PARKII (SHEA) BUTTER, CERESIN, JOJOBA ESTERS, FRAGRANCE/ PARFUM, TOCOPHERYL ACETATE, BUTYLATED HYDROXYTOLEUNE, BISABOLOL, WATER/ EAU, GLYCERIN, TOCOPHEROL, PHENOXYETHANOL, HONEY EXTRACT/ EXTRAIT DE MIEL, CI 77891, CI 77491, CI 19140, CI 15850 (RED 6 LAKE), CI 15850 (RED 7 LAKE), CI 42090.;4.5;Lip Balm;Lip Care;MENGHIDRASI DENGAN SENTUHAN WARNA, memberikan warna yang cantik dan segar pada Bibir Anda. mengunci kelembapan, efektif melawan bibir kering dan pecah-pecah.  melembapkan bibir selama 24 jam. menjaga bibir tetap halus dan lembap.
Indoganic Beauty Tinted Lip Balm;INDOGANIC;Rp87.200;Tridecyl Trimellitate, Hydrogenated Polydecene, Caprylic/Capric Trygliceride, Synthetic Wax, Diisostearyl Malate, Ethylhexyl Palmitate, Vp/Eicosene Copolymer, Phenoxyethanol, Caprylyl Glycol, Citrus Aurantium Amara(Bitter Orange) Flower Oil, Glycerin, Ascorbic Acid, Bisabolol, Allantoin, Citrus Paradisi (Grapefruit)Seed Extract, Titanium Dioxide, CI 77491, CI77492, CI77499, CI 77891;0;Lip Balm;Lip Care;Memberikan warna cerah, hidrasi yang halus, multifungsi untuk bibir, pipi, dan mata, mencerahkan, melembapkan, menutrisi
Lip Treatment Fragrance Free;MAMA BUTTER;Rp66.000;Olive fruit oil, shea butter, (isostearate/behenate) (glyceryl/polyglyceryl-6) esters, dextrin palmitate, (behenate/eicosanedioate) glyceryl, glyceryl caprate, polyglyceryl-2 laurate, tocopherol, Polyglyceryl-10 laurate;5;Lip Balm;Lip Care;merawat bibir sehingga tampak lembut dan sehat. sangat efektif merawat kulit bibir yang sensitif, membantu proses penyembuhan kerusakan bibir akibat kekeringan dan efek sinar UV.
