name;brand;price;ingredients;rating;sub-category;category;benefit
Cherry Blossom Betaine Micellar Water;GLAD2GLOW;Rp 32.000 - Rp 46.500;AQUA, PEG-6 CAPRYLIC/CAPRIC GLYCERIDES, PROPYLENE GLYCOL, BETAINE, BUTYLENE GLYCOL, PRUNUS SPECIOSA FLOWER EXTRACT, SORBITOL, DISODIUM EDTA, CHLORPHENESIN, POLYAMINOPROPYL BIGUANIDE;5;Micellar Water;Cleanser;menyegarkan kulit dan seringan toner. Membersihkan makeup waterproof dan kotoran dengan sekali usapan, lembut di mata, serta memberikan rasa segar dan lembab, tanpa rasa lengket setelah membersihkan wajah.
Naturals Micellar Water;SAFI;Rp36.900;Water, Propanediol, PEG-6 Caprylic/Capric Glycerides, PEG-7 Glyceryl Cocoate, Betaine, Sodium PCA, Glycerin, Sodium Citrate, Disodium EDTA, Xanthan Gum, Sodium Hyaluronate, Melia Azadirachta (Neem) Leaf Extract, Citric Acid, Butylene Glycol, Fragrance, Phenoxyethanol, Chlorphenesin.;4.6;Micellar Water;Cleanser;Membersihkan riasan wajah serta kotoran dengan mudah dan seksama. Membantu untuk mengurangi minyak berlebih di wajah dan melindungi kulit dari bakteri penyebab jerawat.
Hyalurose Micellar Water;THE ORIGINOTE;Rp52.440;Water, Hexylene Glycol, Poloxamer 184, Decyl Glucoside, Glycerin, Disodium Cocoamphodiacetate, Allantoin, Phenoxyethanol, PEG-40 Hydrogenated Castor Oil, Caprylyl Glycol, Sodium Chloride, Citric Acid, Hyaluronic Acid, Sodium Hyaluronate, Hydrolyzed Hyaluronic Acid, Disodium EDTA, Sodium Citrate, Fragrance(Parfum), Butylene Glycol, Ethylhexylglycerin, Rosa Damascena Flower Water, Pentylene Glycol, 1,2-Hexanediol, Octanediol;4.7;Micellar Water;Cleanser;menghilangkan make up dan membersihkan kulit. memiliki sensasi unik dan menyegarkan sehingga memberikan rasa nyaman saat digunakan. Menghilangkan make up dan membersihkan kulit. Melembapkan dan hidrasi pada kulit. Menyegarkan kulit.
Micellar Water & Oil Rose Care with Organic Rose Water;NIVEA;Rp 43.136 - Rp 91.820;Aqua, Isododecane, Glycerin, C15-19 Alkane, Coco-Caprylate/Caprate, Sodium Chloride, Phenoxyethanol, Trisodium EDTA, Isopropyl Palmitate, Caprylyl/Capryl Glucoside, Benzethonium Chloride, Rosa Damascena Flower Water, Potassium Sorbate, Sodium Benzoate, Sorbic Acid, Sodium Sulfate, Methyl Benzoate, BHT, Tocopherol, Parfum, CI 16035, CI 61570.;5;Micellar Water;Cleanser;Menghapus makeup waterproof, Menghapus make-up waterproof tanpa harus dibilas. Membersihkan secara menyeluruh, tanpa membuat kulit terasa kering. Membantu melembapkan kulit & mengembalikan kelembapan kulit alami selama 24 jam.  Kulit bersih, lembut, & halus, tanpa ada debu, kotoran, residu, ataupun minyak. Untuk kulit bersih, segar, lembab, & bebas bernapas.
DR.G pH Cleansing Water;DR.G;Rp306.600;Aqua, Dipropylene Glycol, Pentylene Glycol, Polyglyceryl-4 Caprate, 1,2-Hexanediol, Caprylyl/Capryl Glucoside, Polyglyceryl-3 Cocoate, Polyglyceryl-6 Caprylate, Polyglyceryl-6 Ricinoleate, Panthenol, Allantoin, Ethylhexylglycerin, Gluconolactone, Disodium EDTA, Butylene Glycol, Lactobacillus, Leuconostoc/Radish Root Ferment Filtrate, Bifida Ferment Lysate, Fructooligosaccharides, Streptococcus Thermophilus Ferment, Tocopherol, Dimethylsilanol Hyaluronate, Hydrolyzed Hyaluronic Acid, Hydrolyzed Sodium Hyaluronate, Hyaluronic Acid, Potassium Hyaluronate, Sodium Hyaluronate, Hydroxypropyltrimonium Hyaluronate, Sodium Hyaluronate Crosspolymer, Sodium Hyaluronate Dimethylsilanol, Sodium Acetylated Hyaluronate.;5;Micellar Water;Cleanser;mengangkat debu dan sisa make-up. melembapkan dan merawat kulit wajah agar tetap halus, lembut dan tetap lembap.
Micellar Water Biphase;GARNIER;Rp52.000;Aqua/?Water, Cyclopentasiloxane, Isohexadecane, Argania Spinosa Oil/?Argania Spinosa Kernel Oil, Benzyl Alcohol, Benzyl Salicylate, Butyl Methoxydibenzoylmethane, Ci 60725 /? Violet 2, Decyl Glucoside, Dipotassium Phosphate, Disodium EDTA, Ethylhexyl Methoxycinnamate, Ethylhexyl Salicylate, Geraniol, Haematococcus Pluvialis /? Haematococcus Pluvialis Extract, Hexylene Glycol, Limonene, Linalool, Pentaerythrityl Tetra-Di-T-Butyl Hydroxyhydrocinnamate, Polyaminopropyl Biguanide, Potassium Phosphate, Sodium Chloride, Parfum/?Fragrance;5;Micellar Water;Cleanser;menutrisi kulit wajah serta mengangkat makeup waterproof. mampu angkat makeup waterproof, debu, dan kotoran bagai magnet. Kulit jadi bersih dan ternutrisi! - Mengangkat makeup waterproof - Membersihkan debu dan kotoran dari wajah - Menutrisi kulit wajah
Vitamin Micellar Water Charcoal;POND'S;Rp30.200; Water, Hexylene Glycol, Glycerin, Tocopheryl Acetate, Charcoal Powder, Panthenol, Niacinamide, Sodium Ascorbyl Phosphate, Retinyl Propionate, Hydroxyethyl Urea, Urea, PEG-6 Caprylic/Capric Glycerides, Propylene Glycol, Sodium Chloride, Potassium Chloride, Trideceth-9, PEG-40 Hydrogenated Castor Oil, Ammonium Lactate, Cetrimonium Chloride, Cetylpyridinium Chloride, Citric Acid, Ethanolamine, Benzophenone-4, Tetrasodium EDTA, BHT, Phenoxyethanol, Sodium Sulfate, CI 17200, CI 19140, CI 61570;3.8;Micellar Water;Cleanser;membersihkan make up, kotoran, dan sunscreen hingga wajah menjadi glowing. hasil kulit yang bersih dan cerah untuk wajah
NIVEA Micellar Water Monophase Rose Care;NIVEA;Rp76.050;Aqua, PEG-40 Hydrogenated Castor Oil, Phenoxyethanol, 1,2-Hexanediol, Glycerin, Sorbitol, Poloxamer 124, Trisodium EDTA, Decyl Glucoside, Panthenol, Polyquaternium-10, Rosa Damascena Flower Water, Disodium Cocoyl Glutamate, Citric Acid, Pantolactone, Propylene Glycol, Sodium Chloride, Sodium Sulfate, Potassium Sorbate, Sodium Benzoate, Sorbic Acid, Linalool, Geraniol, Citronellol, Limonene, Methyl Benzoate, Tocopherol, Parfum, CI 16035, CI 61570;5;Micellar Water;Cleanser;membersihkan, menutrisi, dan melindungi kulit Anda, sekaligus memberikan perawatan lembut namun efektif yang menjaga kulit Anda halus, kenyal, dan cantik berseri. menyegarkan, melembabkan, dan menghidrasi untuk kilau kemerahan alami.  efektif membersihkan make-up sehari-hari.  Membersihkan dan melembabkan kulit Anda dengan lembut.
Micellar Water Drop Cleanser Bright Stuff;EMINA;Rp35.400;Aqua, PEG-6 Caprylic/?Capric Glycerides, Propanediol, PEG-7 Olive Glycerides, Propylene Glycol, Phenoxyethanol, Panthenol, Allantoin, Cetrimonium Bromide, Aloe Vera (Leaf) Extract, Disodium EDTA, Cucumis Sativus (Fruit) Extract, Ethylhexylglycerin, Biosaccharide Gum-2, Butylene Glycol, Actinidia Polygama Fruit Extract, Potassium Sorbate, Sodium Benzoate;4;Micellar Water;Cleanser;membantu mencerahkan dan melindungi kulit dari polusi. membuat wajah tampak lebih cerah, mengangkat dan membersihkan make up dalam satu kali usap, menyegarkan
Micellar Water Rose;GARNIER;Rp112.000;AQUA / WATER, HEXYLENE GLYCOL, GLYCERIN, ROSA DAMASCENA FLOWER WATER, PPG-26-BUTETH-26, PEG-40 HYDROGENATED CASTOR OIL, ARGININE, POLOXAMER 184, DISODIUM COCOAMPHODIACETATE, DISODIUM EDTA, PROPANEDIOL, CITRIC ACID, SALICYLIC ACID, MYRTRIMONIUM BROMIDE, LINALOOL, LIMOLENE, PARFUM / FRAGRANCE;4;Micellar Water;Cleanser;Mampu membersihkan wajah dengan lembut dan melembabkan, membersihkan dengan lembut dan melembapkan, sehingga wajah bersih dan tampak glowing. menenangkan. - Membersihkan dengan lembut dan melembapkan - Membuat wajah bersih dan tampak glowing
Ariul Smooth & Pure Micellar Water;ARIUL;Rp 39.200 - Rp 155.000;Water, 1,2-hexanediol, capryl capramidopropyl betaine, chlorphenesin, butylene glycol, Sodium chloride, Disodium edta, Carbomer, Tromethamine, paeonia suffruticosa root extract;4.7;Micellar Water;Cleanser;membersihkan make up & kotoran/ polusi/ debu/ micro-dust, agar kulit dan pori-pori jadi lebih bersih & segar. membantu menjaga kelembapan kulit.
Cellup Micro Cleansing Water;LAGOM;Rp210.000;Water, Dipropylene Glycol, Glycerin, Pentylene Glycol, 1,2-Hexanediol, C12-14 Pareth-12, Cocamidopropyl Hydroxysultaine, Bis-Ethoxydiglycol Cyclohexane 1,4-Dicarboxylate, Myristamine Oxide, Panthenol, Caprylyl Glycol, Ethylhexylglycerin, Allantoin, Caprylyl/Capryl Glucoside, Decyl Glucoside, Fragrance (Parfum), Sodium Citrate, Citric Acid, Disodium EDTA, Glycine Soja (Soybean) Seed Extract, Butylene Glycol, Octanediol, Tocopherol, Urea, Candida Bombicola/Glucose/Methyl Rapeseedate Ferment, Argania Spinosa Kernel Oil, Camellia Sinensis Seed Oil, Hydrolyzed Vegetable Protein, Maltodextrin, Olea Europaea (Olive) Fruit Oil, Borago Officinalis Extract, Centaurea Cyanus Flower Extract, Chamomilla Recutita (Matricaria) Flower/Leaf Extract, Hyacinthus Orientalis (Hyacinth) Extract, Lavandula Angustifolia (Lavender) Flower Water, Salvia Sclarea (Clary) Extract, Saponaria Officinalis Leaf Extract, Heptasodium Hexacarboxymethyl Dipeptide-12;0;Micellar Water;Cleanser;membersihkan sekaligus melembabkan wajah. merawat kulit serta membersihkan debu dan kotoran dari pori-pori dengan baik. melembabkan secara mendalam sekaligus menjaga kelembapan dalam kulit. menenangkan kulit yang teriritasi ringan.
Triple Care Acne Calm Micellar Water;FACETOLOGY;Rp 27.920 - Rp 47.920; Salicylic Acid, Centella Asiatica, Tea Tree Oil;5;Micellar Water;Cleanser;membantu kulit kamu bebas dari makeup, minyak, dan kotoran, sekaligus meredakan jerawat dan kemerahan. kulit jadi tenang, seimbang, dan lembap tanpa bikin khawatir akan iritasi atau munculnya jerawat
COSRX Low pH Niacinamide Micellar Cleansing Water;COSRX;Rp 89.250 - Rp 224.250;Water, Dipropylene Glycol, Polyglyceryl-4 Caprate, Panthenol, Sodium Hyaluronate, Allantoin, Niacinamide(1,000ppm), Zinc PCA, Madecassoside, Propanediol, Caprylyl Glycol, Ethylhexylglycerin, 1,2-Hexanediol, Sodium Citrate, Citric Acid, Disodium EDTA;5;Micellar Water;Cleanser;membantu mengontrol pori dan minyak berlebih. Membersihkan kotoran pada wajah sehingga dapat terangkat secara maksimal dan rasakan sensasi segar dan lembut setelah penggunaan 
Lightening Oil-Infused Micellar Water;WARDAH;Rp 26.800 - Rp 43.400;Aqua, Cyclopentasiloxane, Isohexadecane, Hexylene Glycol, Sodium Chloride, Phenoxyethanol, Paraffinum Liquidum, Niacinamide, Allantoin, Benzalkonium Chloride, Cetrimonium Bromide, Ethylhexylglycerin, Fragrance, Propylene Glycol, Prunus Amygdalus Dulcis Oil, Disodium EDTA, Decyl Glucoside, Cucumis Sativus Fruit Extract, Ethylhexyl Salicylate, Ethylhexyl Methoxycinnamate, Macadamia Ternifolia Seed Oil, Glycine Soja (Soybean) Oil, BHT, Persea Gratissima (Avocado) Oil, Simmondsia Chinensis (Jojoba) Seed Oil, Bisabolol, Isobornyl Acetate, Calendula Officinalis Flower Extract, Chamomilla Recutita (Matricaria) Flower Extract, Fucus Vesiculosus Extract, Triticum Vulgare (Wheat) Bran Extract, Linoleic Acid, Tocopherol, CI 61565.;5;Micellar Water;Cleanser;membersihkan kotoran dan makeup waterproof, menutrisi, melembapkan kulit, dan menjaga skin barrier. bantu cerahkan kulit dan membuat kulit tampak glowing, halus, dan lembap.
Bioderma Sebium H2O - Oil Rebalancing Micellar Water;BIODERMA;Rp 132.000 - Rp 395.000;AQUA/WATER/EAU, PEG-6 CAPRYLIC/CAPRIC GLYCERIDES, SODIUM CITRATE, ZINC GLUCONATE, COPPER SULFATE, GINKGO BILOBA LEAF EXTRACT, MANNITOL, XYLITOL, RHAMNOSE, FRUCTOOLIGOSACCHARIDES, PROPYLENE GLYCOL, CITRIC ACID, DISODIUM EDTA, CETRIMONIUM BROMIDE, FRAGRANCE (PARFUM).;5;Micellar Water;Cleanser;Membersihkan wajah dari kotoran, debu, dan makeup tanpa membuat kulit kering , Mengurangi produksi sebum berlebih pada wajah, Membersihkan kulit dengan lembut tanpa rasa kering ketarik ,. Mengangkat debu & polutan
Tremella Panthenol Sensitive Care Micellar Water;GLAD2GLOW;Rp 27.000 - Rp 46.500;AQUA, PEG-6 CAPRYLIC/CAPRIC GLYCERIDES, PROPYLENE GLYCOL, TREMELLA FUCIFORMIS EXTRACT, PANTHENOL, POLYAMINOPROPYL BIGUANIDE, BETAINE, CHLORPHENESIN, SORBITOL, DISODIUM EDTA, AROMA, DIPROPYLENE GLYCOL.;5;Micellar Water;Cleanser;Membantu membersihkan make up dengan nyaman tanpa membuat kulit terasa kering.
Yuja Vitamin C Glow Boosting Micellar Water;GLAD2GLOW;Rp 27.000 - Rp 46.500;AQUA, ASCORBIC ACID, PEG-6 CAPRYLIC/CAPRIC GLYCERIDES, PROPYLENE GLYCOL, CITRUS LIMON FRUIT EXTRACT, ARGININE, PHENOXYETHANOL, ETHYLHEXYLGLYCERIN, POLYAMINOPROPYL BIGUANIDE, BETAINE, CHLORPHENESIN, SORBITOL, AROMA, DISODIUM EDTA.;4.7;Micellar Water;Cleanser;Membantu membersihkan make up dengan nyaman tanpa membuat kulit terasa kering.
JMELLA In France Blooming Peony No. 01 Cleansing Water;JMELLA;Rp141.600;Aqua, PEG-6 Caprylic/Capric Glycerides, Butylene Glycol, Dipropylene Glycol, 1,2-Hexanediol, Phenoxyethanol, PEG-7 Glyceryl Cocoate, Decyl Glucoside, PEG-40 Hydrogenated Castor Oil, Disodium EDTA, Ethylhexylglycerin, Parfum, Sodium Citrate, Alcohol, Citric Acid, Paeonia Lactiflora Extract, Gluconolactone, Betaine Salicylate, Tripropylene Glycol, Sodium Carbonate, Glycerin, Propylene Glycol, Melaleuca Alternifolia Leaf Extract, Melaleuca Alternifolia (Tea Tree) Extract, Kunzea Ericoides Leaf Extract, Dipotassium Glycyrrhizate, Caprylic/Capric Triglyceride, Panthenol, Centella Asiatica Leaf Extract, Hydrogenated Phosphatidylcholine, Candida Bombicola/Glucose/Methyl Rapeseedate Ferment, Sunflower (Helianthus Annuus) Seed Oil, Sucrose Stearate, Sodium Hyaluronate, Centella Asiatica Extract, Stearic Acid, Hexyl Laurate, Cetearyl Alcohol, Palmitic Acid, Ceramide NP, Undaria Pinnatifida Extract, Laminaria Japonica Extract, Fucus Vesiculosus Extract, Sargassum Fulvellum Extract, Himanthalia Elongata Extract, Macrocystis Pyrifera (Kelp) Extract, Sargassum Fusiforme Extract, Poncirus Trifoliata Fruit Extract, Inula Britannica Flower Extract, Forsythia Suspensa Fruit Extract, Viscum Album Extract, Morus Bombycis Extract, Lactobacillus Ferment, Aspergillus Ferment, Hydrolyzed Hyaluronic Acid, Hydrolyzed Sodium Hyaluronate, Glycine, Serine, Glutamic Acid, Aspartic Acid, Leucine, Alanine, Lysine, Arginine, Tyrosine, Phenylalanine, Proline, Threonine, Valine, Isoleucine, Histidine, Cysteine, Methionine, Cholesterol, Glycosphingolipids, Asiaticoside, Madecassic Acid, Asiatic Acid, Madecassoside, Sodium Acetylated Hyaluronate, Hydroxypropyltrimonium Hyaluronate, Dimethylsilanol Hyaluronate, Sodium Hyaluronate Crosspolymer, Hyaluronic Acid, Pentylene Glycol, Potassium Hyaluronate.;5;Micellar Water;Cleanser;membersihkan kotoran dan make-up di wajah dengan lembap. membantu mempertahankan kelembapan kulit wajah. menjadikan kulit tetap ternutrisi, lembut dan halus.
Fresh Herb Origin Cleansing Water Bakuchiol;NACIFIC;Rp97.650;aqua, peg-6 caprylic/capric glycerides, 1,2-hexanediol, butylene glycol, ethylhexylglycerin, disodium edta, Avena Sativa (Oat) Kernel Extract, Glycerin, Oryza Sativa (Rice) Bran Extract, Sodium Citrate, Hyaluronic acid, Citric Acid, Bakuchiol, sodium hyaluronate;5;Micellar Water;Cleanser;menghapus riasan wajah dengan mudah dan dapat membuat kulir lembab, bersih dan sehat. meningkatkan elastisitas kulit, melembabkan kulit dehidrasi dan memperkuat pelindung kulit. menghilangkan riasan warna berat.
Micellar Water Vitamin C;GARNIER;Rp112.000;AQUA / WATER, HEXYLE E GLYCOL, GLYCERIN, ASCORBYL GLUCOSIDE, BHT, DISODIUM COCOAMPHODIACETATE, DISODIUM EDTA, MYRTRIMOIUM BROMIDE, POLOXAMER;5;Micellar Water;Cleanser;mampu angkat make up dan seketika cerahkan kusam dalam sekali usap. menutrisi kulit dan seketika cerahkan kusam. mengangkat kotoran seperti magnet, menutrisi kulit dan seketika cerahkan kusam. menyegarkan tanpa rasa berminyak & tidak lengket/melekit. menutrisi kulit dan seketika cerahkan kusam. mengangkat kotoran seperti magnet
Mari Mori Micellar Water;BARENBLISS;Rp39.000;Water, PEG-8 Caprylic/Capric Glycerides, Methylpropanediol, 1,2-Hexanediol, Phenoxyethanol, Panthenol, Disodium EDTA, PEG-40 Hydrogenated Castor Oil, Moringa Oleifera Seed Extract, Chrysanthellum Indicum Extract, Calendula Officinalis Flower Extract, Centella Asiatica Extract, Ceramide NP, Parfum.;3.5;Micellar Water;Cleanser;menghilangkan riasan sekaligus menutrisi kulit. membersihkan riasan dan kotoran di wajah sekaligus memberikan sensasi menenangkan. menenangkan dan menghidrasi kulit.  Kulit segar, bersih, dan tidak berminyak
Micellar Lotion;EMBRYOLISSE;Rp212.400;Aloe vera, Soy proteins. Shea butter, Beeswax;5;Micellar Water;Cleanser;melembutkan, menyejukkan dan mengencangkan kulit , pembersih dan penghapus riasan
NIVEA Pearl Bright MicellAir;NIVEA;Rp 28.727 - Rp 73.012;Aqua, Phenoxyethanol, Glycerin, PEG-7 Glyceryl Cocoate, Sorbitol, Trisodium EDTA, Decyl Glucoside, Polyquaternium-10, Citric Acid, Hydrolyzed Pearl, Disodium Cocoyl Glutamate, Glyceryl Glucoside, Sodium Chloride, Sodium Acetate, Propylene Glycol, Glycyrrhiza Glabra Root Extract;5;Micellar Water;Cleanser;Membersihkan make up secara efektif dengan lembut hingga lapisan terdalam tanpa residu.  Memberi kelembapan ekstra pada kulit.  Menyegarkan dan kulit bebas bernafas, melembapkan dan membantu mencerahkan kulit, membantu meregenerasi kulit dan memberikan efek cerah, mencegah penuaan dini dan menenangkan kulit Mampu membersihkan make up
NIVEA MicellAir Oil & Acne Care;NIVEA;Rp 29.463 - Rp 73.012;Aqua, Poloxamer 184, PEG-40 Hydrogenated Castor Oil, Phenoxyethanol, Glycerin, 1,2-Hexanediol, PEG-7 Glyceryl Cocoate, Sorbitol, Trisodium EDTA, Decyl Glucoside, Polyquaternium-10, Citric Acid, Aloe Barbadensis Leaf Juice Powder, Magnolia Officinalis Bark Extract, Disodium Cocoyl Glutamate, Glyceryl Glucoside, Sodium Chloride, Sodium Acetate, Propylene Glycol., Propylene Glycol;4;Micellar Water;Cleanser;membantu mengontrol minyak berlebih pada wajah yang dapat menyebabkan jerawat. membuat kulit wajah terhidrasi dan bebas bernafas. membersihkan kotoran, debu, makeup residu, & bakteri penyebab jerawat pada kulit wajah setelah diusap dengan kapas.
Acne Clear Micellar Water;SEA MAKEUP;Rp78.200;Water, glycerin, disodium edta, glycereth-26, cocamidopropyl betaine, sodium chloride, babassu oil glycereth-8 esters, calendula officinalis flower extract, melaleuca alternifolia (tea tree) leaf water, artemisia argyi leaf extract, glycyrrhiza uralensis (licorice) root extract, portulaca oleracea flower/leaf/stem extract, paeonia suffruticosa root bark extract, paeonia lactiflora extract, phenoxyethanol, ethylhexylglycerin, propanediol, caprylhydroxamic acid, glyceryl caprylate, peg-40 hydrogenated castor oil, tocopherol, bisabolol, zingiber officinale (ginger) root extract, allantoin, salicylic acid;5;Micellar Water;Cleanser;Membersihkan dan menghapus makeup, Membantu menyembuhkan kulit berjerawat, Mengangkat kotoran secara menyeluruh, Membuat kulit lebih bersih dan halus
Vitamin Micellar Water Hydrating Aloe;POND'S;Rp25.400;Water, Hexylene Glycol, Glycerin, Tocopheryl Acetate, Aloe Barbadensis Leaf Extract, Panthenol, Niacinamide, Sodium Ascorbyl Phosphate, Retinyl Propionate, Hydroxyethyl Urea, Urea, PEG-6 Caprylic/Capric Glycerides, Propylene Glycol, Sodium Chloride, Potassium Chloride, Perfume, Trideceth-9, PEG-40 Hydrogenated Castor Oil, Ammonium Lactate, Cetrimonium Chloride, Cetylpyridinium Chloride, Citric Acid, Ethanolamine, Benzophenone-4, Tetrasodium EDTA, BHT, Phenoxyethanol, Sodium Sulfate, Sodium Benzoate, Potassium Sorbate, CI 42090, CI 47005;5;Micellar Water;Cleanser;membersihkan make up, kotoran, dan sunscreen hingga wajah menjadi glowing. hasil kulit yang bersih dan cerah untuk wajah
Very Rose Soothing Micellar Water 3in1;NUXE;Rp318.750;White Waterlily, Botanical Blur Complex (Oat, Nasturtium, Green Lentil), Mattifying silica Powder.;0;Micellar Water;Cleanser;menghilangkan make-up dan membersihkan kulit wajah dan mata, menghilangkan make-up dan kotoran. menenangkan kulit dan menjaga keseimbangannya.
Mugwort Salicylic Acid Acne Clear Micellar Water;GLAD2GLOW;Rp 27.000 - Rp 46.500;AQUA, PEG-6 CAPRYLIC/CAPRIC GLYCERIDES, PROPYLENE GLYCOL, ARTEMISIA ARGYI LEAF EXTRACT, BUTYLENE GLYCOL, SALICYLIC ACID, POLYAMINOPROPYL BIGUANIDE, BETAINE, CHLORPHENESIN, ARGININE, SORBITOL, 1,2-HEXANEDIOL, HYDROXYACETOPHENONE, AROMA, DISODIUM EDTA.;4;Micellar Water;Cleanser;Membantu membersihkan make up dan minyak berlebih dari wajah, menyejukkan kulit yang berjerawat dan barrier-friendly.
Bareskin Pure Micellar Water;NAMA BEAUTY;Rp122.850;Water, PEG-6 Caprylic/Capric Glycerides, Propanediol, Glycerin, Pentylene Glycol, Caprylyl Glycol, Terminalia Ferdinandiana Fruit Extract, Allantoin, Ethylhexylglycerin, Sodium Citrate, Disodium EDTA, Citric Acid, Tromethamine, Tocopherol;4.8;Micellar Water;Cleanser;membersihkan kotoran, minyak berlebih, dan makeup  kulit menjadi lebih cerah dan bersinar, serta mengurangi kerutan dan garis halus - menghidrasi dan melembabkan kulit -menutrisi dan melindungi kulit agar lebih lembut dan halus -Melindungi skin barrier
JMELLA In France Lime & Basil No. 03 Cleansing Water;JMELLA;Rp141.600;Aqua, Butylene Glycol, Peg-6 Caprylic/Capric Glycerides, 1,2-Hexanediol, Phenoxyethanol, Peg-7 Glyceryl Cocoate, Peg-40 Hydrogenated Castor Oil, Disodium Edta, Ethylhexylglycerin, Fragrance (Parfum), Sodium Citrate, Citric Acid, Glycerin, Trehalose, Gluconolactone, Betaine Salicylate, Caprylic/Capric Triglyceride, Hydrogenated Phosphatidylcholine, Dipropylene Glycol, Citrus Limon (Lemon) Fruit Extract, Citrus Aurantifolia (Lime) Fruit Extract, Citrus Aurantium Dulcis (Orange) Fruit Extract, Citrus Paradisi Fruit Extract, Melaleuca Alternifolia Leaf Extract, Melaleuca Alternifolia (Tea Tree) Extract, Kunzea Ericoides Leaf Extract, Dipotassium Glycyrrhizate, Sucrose Stearate, Panthenol, Centella Asiatica Leaf Extract, Stearic Acid, Hexyl Laurate, Palmitic Acid, Ceramide Np, Candida Bombicola/Glucose/Methyl Rapeseedate Ferment, Helianthus Annuus (Sunflower) Seed Oil, Sodium Hyaluronate, Centella Asiatica Extract, Cetearyl Alcohol, Undaria Pinnatifida Extract, Laminaria Japonica Extract, Fucus Vesiculosus Extract, Sargassum Fulvellum Extract, Himanthalia Elongata Extract, Macrocystis Pyrifera (Kelp) Extract, Sargassum Fusiforme Extract, Poncirus Trifoliata Fruit Extract, Inula Britannica Flower Extract, Forsythia Suspensa Fruit Extract, Viscum Album Extract, Morus Bombycis Extract, Hydrolyzed Hyaluronic Acid, Hydrolyzed Sodium Hyaluronate, Lactobacillus Ferment, Aspergillus Ferment, Cholesterol, Glycosphingolipids, Glycine, Serine, Glutamic Acid, Aspartic Acid, Leucine, Alanine, Lysine, Arginine, Tyrosine, Phenylalanine, Proline, Threonine, Valine, Isoleucine, Histidine, Cysteine, Methionine, Asiaticoside, Madecassic Acid, Asiatic Acid, Madecassoside, Sodium Acetylated Hyaluronate, Hydroxypropyltrimonium Hyaluronate, Dimethylsilanol Hyaluronate, Sodium Hyaluronate Crosspolymer, Hyaluronic Acid, Pentylene Glycol, Potassium Hyaluronate.;0;Micellar Water;Cleanser;membersihkan kotoran dan make-up di wajah dengan lembut. menyerap minyak berlebih, menjadikan wajah tampak lebih cerah berseri. menjaga kelembapan kulit wajah.
Perfect Bright Bright + Tone Up Micellar Water;WARDAH;Rp 31.800 - Rp 117.000;Aqua, PEG-7 Glyceryl Cocoate, Hexylene Glycol, Niacinamide, Propanediol, Mannitol, Glycerin, Phenoxyethanol, Panthenol, Xylitol, Allantoin, Cetrimonium Bromide, Ethylhexylglycerin, Biosaccharide Gum-2, Tetrasodium EDTA, Butylene Glycol, Vaccinium Macrocarpon (Cranberry) Fruit Extract, Euterpe Oleracea Fruit Extract, Fragrance, Isomalt, Potassium Sorbate, Sodium Benzoate, Sodium Ascorbyl Phosphate, Tocopheryl Acetate, Callicarpa Japonica Fruit Extract, Lecithin, Lycium Barbarum Callus Culture Extract.;5;Micellar Water;Cleanser;membersihkan kotoran dan makeup, bantu cerahkan kulit, dan menjaga skin barrier. bantu menyegarkan, menutrisi, dan menjadikan kulit tampak lebih cerah
Mugwort Purifying Micellar Water;SKINTIFIC;Rp 35.100 - Rp 82.425;WATER, PEG-7 GLYCERYL COCOATE, DIPROPYLENE GLYCOL, PEG-6 CAPRYLIC/CAPRIC GLYCERIDES, ARTEMISIA VULGARIS EXTRACT, ALLANTOIN, CENTELLA ASIATICA EXTRACT, CITRIC ACID, ETHYLHEXYLGLYCERIN, CERAMIDE AP, CERAMIDE AS, DIPOTASSIUM GLYCYRRHIZATE, CERAMIDE NS/CERAMIDE NG, CERAMIDE EOP, CERAMIDE NP, DISODIUM EDTA, POTASSIUM BENZOATE, BIFIDA FERMENT FILTRATE;0;Micellar Water;Cleanser;membersihkan wajah dari kotoran, makeup waterproof sekalipun, sekaligus menjaga kulit tetap lembab. Efektif membersihkan sisa kotoran dan minyak di wajah,
Winter Melon Micellar Water;COCOON;Rp 84.500 - Rp 256.500;Aqua/Water, Polyglyceryl-4 Laurate/Sebacate, Polyglyceryl-4 Caprylate/Caprate, Betaine, Benincasa Cerifera Fruit Extract, Centella Asiatica Extract, o-Cymen-5-ol, Propanediol, Glycereth-26, Glycerin, Trisodium Ethylenediamine Disuccinate, Sodium Lactate, Cetylpyridinium Chloride, Melaleuca Alternifolia Leaf Oil, Lactic Acid;5;Micellar Water;Cleanser;membantu membersihkan debu, kotoran, minyak berlebih dan makeup secara efektif. Wajah terasa bersih dan halus. membantu menenangkan dan memberikan efek dingin pada kulit, membantu menenangkan kulit, membantu melawan penyebab jerawat.
Crystallure Superme Double Action Micellar Gel;WARDAH;Rp132.000;Aqua, PEG-6 Caprylic/Capric Glycerides, PEG-7 Olive Glycerides, Propanediol, Glycerin, Mannitol, Propylene Glycol, Phenoxyethanol, Xylitol, Acrylates / C10-30 Alkyl Acrylate Crosspolymer, Panthenol, Chlorphenesin, Triethanolamine, Trideceth-9, PEG-40 Hydrogenated Castor Oil, Butylene Glycol, Disodium EDTA, Fragrance, Biosaccharide Gum-2, Polysorbate 20, Chamomilla Recutita (Matricaria) Flower Extract, Ectoin, Benzoic Acid, Hydroxyectoin, Acetyl Heptapeptide-9, Xanthan Gum, Glyceryl Caprylate, Colloidal Gold, Benzyl Alcohol.;5;Micellar Water;Cleanser;Membersihkan wajah dalam satu usap, menghidrasi dan menyegarkan kulit, melembapkan kulit hingga 8 jam, menghapus debu, minyak, kotoran, dan makeup, menyerap cepat tanpa meninggalkan residu, membantu menyamarkan kerutan dan garis halus, menjadikan kulit lebih lembut, lembap, dan segar.
Machi Peachy Micellar Water;BARENBLISS;Rp27.500;Water, Isopropyl Myristate, Isohexadecane, Propylene Glycol, Glycerin, PEG-12 Glyceryl Laurate, PEG-400, Phenoxyethanol, Hydroxyacetophenone, Caprylic/Capric Triglyceride, Sodium Chloride, PEG-6 Caprylic/Capric Glycerides, Myrtus Communis Oil, Cananga Odorata Flower Oil, Prunus Persica (Peach) Leaf Extract, Michelia Alba Flower Oil, Butylene Glycol, Camellia Sinensis Leaf Extract, Ethylhexylglycerin, CI 26100.;4.8;Micellar Water;Cleanser;membersihkan dan menghapus makeup waterproof dengan lembut, tanpa rasa berminyak. membersihkan makeup tidak tahan air maupun tahan air, juga wajah tanpa makeup. Menjaga kelembapan kulit
All-In Clean Remover;BUTTONSCARVES BEAUTY;Rp245.000;Water, Isohexadecane, Dipropylene Glycol, Glycerin, Camellia Sinensis Leaf Extract, C13-15 Alkane, Cyclopentasiloxane, Cyclohexasiloxane, Pentylene Glycol, PEG-6 Caprylic/Capric Glycerides, PEG-40 Glyceryl Cocoate, Sodium Coceth Sulfate, Butylene Glycol, Ethylhexylglycerin, Plumeria Alba Flower Oil, Dipotassium Glycyrrhizate, Methyl Diisopropyl Propionamide, Sodium Phytate, Caprylyl Glycol, Phenoxyethanol;0;Micellar Water;Cleanser;mengangkat kotoran, minyak, dan makeup dengan lembut sehingga kulit terasa bersih dan segar.
New Bio Water Bio Essence Water Micellar Water;BIO-ESSENCE;Rp250.000;Water, Propanediol, PEG-6 Caprylic/Capric Glycerides, PEG-7 Glyceryl Cocoate, Betaine, Sodium PCA, 1,2-Hexanediol, Biosaccharide Gum-4, Sodium Hyaluronate, Niacinamide, Euglena Gracilis Extract, Glycerin, Potassium Sorbate, Tocopherol, Citric Acid, Sodium Citrate, Disodium EDTA, Phenoxyethanol, Chlorphenesin.;4.5;Micellar Water;Cleanser;Melindungi kulit dengan formula antioksidan. Membersihkan pori-pori yang tersumbat akibat kotoran. Membersihkan wajah dari makeup waterproof, kotoran, dan minyak. Menjadikan kulit bersih, segar, dan terhidrasi.
Micellar Water +;AYOM;Rp180.000;Aqua, Butylene glycol, Ethoxydiglycol, Centella asiatica extract, Cetrimonium chloride, Propylene glycol, Benzoic acid, Caprylyl glycol, Aloe barbadensis leaf extract, Phenoxyethanol, Ethylhexylglycerin, Lactococcus ferment lysate, Acetyl glucosamine, Camellia japonica leaf extract, Niacinamide, Tricholoma matsutake extract, Morus alba bark extract, Broussonetia papyrifera bark extract, Camellia sinensis leaf extract, Rhus semialata extract, Pyrus malus fruit extract, Caprylhydroxamic acid.;0;Micellar Water;Cleanser;menjaga keseimbangan alami kulit sambil mengangkat sisa minyak, kotoran, serta makeup.
Purity Micellar Water;SKIN GAME;Rp120.080;Aqua, Trehalose, Panthenol, Propanediol, Glycerin, Dmdm Hydantoin, Disodium Edta;5;Micellar Water;Cleanser;Membantu membersihkan wajah dari kotoran dan make up serta menyegarkan kulit wajah.
Wardah Acnederm Acne Care Micellar Water;WARDAH;Rp 33.300 - Rp 117.000;Aqua, Hexylene Glycol, PEG-7 Glyceryl Cocoate, Niacinamide, Decyl Glucoside, Butylene Glycol, Propanediol, Phenoxyethanol, Mannitol, Glycerin, Xylitol, Allantoin, Cetrimonium Bromide, Panthenol, Propylene Glycol, Salicylic Acid, Cucumis Sativus Fruit Extract, Ethylhexylglycerin, Potassium Hydroxide, Centella Asiatica Extract, Biosaccharide Gum-2, Tetrasodium EDTA, Caprylic/Capric Triglyceride, Potassium Azeloyl Diglycinate, Deoxyphytantriyl Palmitamide MEA, Hydrogenated Lecithin, Ceramide NP, Cholesterol, Potassium Chloride, Caprylyl Glycol, Chlorphenesin.;4.8;Micellar Water;Cleanser;membersihkan kotoran, minyak berlebih, dan sisa makeup, menenangkan kulit kemerahan, dan menjaga skin barrier. membantu melawan bakteri penyebab timbulnya jerawat dan terbukti kurangi tanda jerawat dalam 2 minggu. 
Acne Power Clear Micellar Water;NPURE;Rp49.000;Aqua, Prophylene Glycol, Olive Oil PEG-7 1,2-Hexanediol, Hydroxyacetophenone, Sodium Chloride, Disodium EDTA, Fragrance, Centella Asiatica Extract, Salicylic Acid, Niacinamide, Salix Alba (Willow) Bark Extract, Vanilin, Ectoin, Ergothioneine.;5;Micellar Water;Cleanser;membersihkan dan menghapus kotoran, debu dan makeup, memberikan efek soothing & calming, 
Hydromicellar Cleansing Water;TULUS;Rp159.000;Water, Dipropylene Glycol, Glycerin, PEG-6 Caprylic/Capric Glycerides, Pentylene Glycol, Caprylyl Glycol, Allantoin, Ethylhexylglycerin, Sodium Phytate, Citric Acid, Tocopherol;3.5;Micellar Water;Cleanser;mengangkat noda makeup, kotoran, dan minyak yang menempel pada kulit. menghidrasi kulit.
Low pH Cleansing Water;PYUNKANG YUL;Rp144.000;Phaseolus Radiatus Seed Extract, Coptis Japonica Root Extract, Centella Asiatica Extract, Portulaca Oleracea Extract, Camellia Sinensis Leaf Extract, Hamamelis Virginiana (Witch Hazel) Extract, Melaleuca Alternifolia (Tea Tree) Leaf Extract, Sodium Hyaluronate, Hyaluronic Acid, Ceramide NP, Citric Acid;4.3;Micellar Water;Cleanser;mengangkat debu, riasan, dan kotoran dari kulit. menenangkan kulit, menyamarkan pori-pori. mampu untuk melembabkan dan menjaga kelembapan dalam kulit.
Nature Daily Calm & Soothe Micellar Water;WARDAH;Rp 33.300 - Rp 117.000;Aqua, PEG-7 Glyceryl Cocoate, Hexylene Glycol, Niacinamide, Propanediol, Mannitol, Panthenol, Phenoxyethanol, Glycerin, Allantoin, Xylitol, Propylene Glycol, Cetrimonium Bromide, Cucumis Sativus Fruit Extract, Aloe Barbadensis (Aloe Vera) Leaf Extract, Ethylhexylglycerin, Ulva Lactuca Extract, Biosaccharide gum-2, Tetrasodium EDTA, Potassium Sorbate, Sodium Benzoate.;4.3;Micellar Water;Cleanser;membersihkan kotoran dan makeup, menghidrasi kulit, dan menjaga skin barrier. menenangkan kemerahan di kulit.
Triple Care Hydra Cleanse Micellar Water;FACETOLOGY;Rp 27.920 - Rp 47.920;Aqua, Butylene Glycol, Disodium Cocoamphodiacetate, Betaine, Sodium Chloride, Sodium Glycolate, DMDM Hydantoin, Allantoin, Tetrasodium EDTA, Citric Acid, Glycerin, Calendula Officinalis Flower Extract, Propylene Glycol, Panthenol, 1,2-Hexanediol, Pentylene Glycol, Sodium Benzoate, Potassium Sorbate, Sodium Acetylated Hyaluronate, Sodium Hyaluronate, Sodium Hyaluronate Crosspolymer, Pyridoxine, Thiamine Hcl, Hydrolyzed Sodium Hyaluronate, Ethylhexylglycerin, Ascorbic Acid, Bioflavonoids, Biotin, Cyanocobalamin, Folic Acid, Glutathione, Menadione, Riboflavin, Tocopheryl Acetate;5;Micellar Water;Cleanser;membersihkan kotoran, riasan, minyak, riasan & tabir surya, membuat kulit teriritasi & aman untuk kulit sensitif & berjerawat. meningkatkan keseimbangan & hidrasi kulit.
Skin Buddy Micellar Water;EMINA;Rp 18.700 - Rp 35.400;Ekstrak Calendula, Hyaluronic Acid;5;Micellar Water;Cleanser;mengangkat make up dan kotoran tanpa perlu di bilas, membersihkan dengan lembut, menenangkan, dan menghidrasi kulit dalam satu kali usap. Membersihkan dengan lembut -Membersihkan dengan cepat hanya butuh satu kali usap
Vinoclean Micellar Cleansing Water;CAUDALIE;Rp378.000;Water, Glycerin, Poloxamer 188, Vitis Vinifera (Grape) Fruit Water, Heptyl Glucoside, Capryl/Capramidopropyl Betaine, Sodium Levulinate, Sodium Anisate, Sodium Chloride, Fragrance, Chamomilla Recutita (Matricaria) Flower Extract, Citric Acid, Vitis Vinifera (Grape) Juice, Sodium Benzoate, Potassium Sorbate (067/178) *Plant origin. ;5;Micellar Water;Cleanser;menghilangkan riasan, membersihkan, menghidrasi, dan menenangkan kulit dalam satu langkah untuk kulit yang segar dan bersih. menghilangkan riasan, membersihkan, dan menenangkan wajah dan mata,  menghilangkan riasan dan membersihkan wajah dalam satu langkah. melembabkan dan menenangkan kulit paling sensitif sekalipun, menghilangkan riasan dari wajah sekaligus melindungi penghalang kelembapan alaminya.
Green Tea Hydrating Amino Acid Cleansing Water;INNISFREE;Rp147.000;WATER / AQUA / EAU, PROPANEDIOL, GLYCERIN, POLYSORBATE 20, GLYCERETH-26, HEXYLENE GLYCOL, 1,2-HEXANEDIOL, DISODIUM COCOAMPHODIACETATE, SODIUM CITRATE, DISODIUM EDTA, ETHYLHEXYLGLYCERIN, SODIUM CHLORIDE, FRAGRANCE / PARFUM, CITRIC ACID, CAMELLIA SINENSIS LEAF EXTRACT, ARGININE, ASPARTIC ACID, GLUTAMIC ACID*, LINALOOL, LIMONENE, DISODIUM COCOYL GLUTAMATE, BUTYLENE GLYCOL, ACORUS CALAMUS ROOT EXTRACT, TOCOPHEROL;5;Micellar Water;Cleanser;menghilangkan riasan dengan hasil akhir yang lembab dan menyegarkan. membantu membersihkan dan menghapus riasan dengan lembut hanya dalam satu sapuan. membantu menghidrasi secara mendalam tanpa membuat kulit terkelupas secara berlebihan untuk perasaan segar dan bersih.
Bareskin Oil-Infused Micellar Water;NAMA BEAUTY;Rp122.850;Cyclopentasiloxane, Water, Rosa Damascena Flower Water, Dipropylene Glycol, Glycerin, Sodium Chloride, Phenoxyethanol, Betaine, Tocopheryl Acetate, Allantoin, Terminalia Ferdinandiana Fruit Extract, Caprylyl/Capryl Glucoside, Ethylhexylglycerin, Pentylene Glycol, 1,2-Hexanediol, Disodium EDTA, Dipotassium Glycyrrhizate, Butylene Glycol, Octanediol, Tromethamine, Squalane, Caprylic/Capric Triglyceride, Caffeine, Chamomilla Recutita (Matricaria) Flower Extract, Tocopherol;5;Micellar Water;Cleanser;membersihkan makeup yang berat dan waterproof, Mengurangi kerutan dan garis halus, mengunci kelembaban wajah dan meningkatkan hidrasi kulit, meredakan kulit  dari kemerahan
Powerskin Bi-Phase Oil Micellar Water;MAKE OVER;Rp99.000;antioxidant-rich oils, allantoin;5;Micellar Water;Cleanser;mampu membersihkan seluruh sisa makeup bahkan makeup waterproof, minyak berlebih dan kotoran serta melindungi kulit dari pertumbuhan bakteri penyebab jerawat. menyegarkan dan melembabkan untuk menjaga kondisi skin-barrier.
JMELLA In France Queen 5' No. 04 Cleansing Water;JMELLA;Rp141.600;Aqua, Butylene Glycol, Peg-6 Caprylic/Capric Glycerides, 1,2-Hexanediol, Phenoxyethanol, Peg-7 Glyceryl Cocoate, Peg-40 Hydrogenated Castor Oil, Disodium EDTA, Ethylhexylglycerin, Parfum, Sodium Citrate, Citric Acid, Gluconolactone, Betaine Salicylate, Glycerin, Caprylic/Capric Triglyceride, Hydrogenated Phosphatidylcholine, Dipropylene Glycol, Jasminum Officinale Extract, Melaleuca Alternifolia Leaf Extract, Melaleuca Alternifolia (Tea Tree) Extract, Kunzea Ericoides Leaf Extract, Dipotassium Glycyrrhizate, Sucrose Stearate, Panthenol, Stearic Acid, Hexyl Laurate, Centella Asiatica Leaf Extract, Palmitic Acid, Ceramide NP, Sodium Cocoyl Apple Amino Acids, Candida Bombicola/Glucose/Methyl Rapeseedate Ferment, Helianthus Annuus (Sunflower) Seed Oil, Sodium Hyaluronate, Centella Asiatica Extract, Hexylene Glycol, Cetearyl Alcohol, Undaria Pinnatifida Extract, Laminaria Japonica Extract, Fucus Vesiculosus Extract, Sargassum Fulvellum Extract, Himanthalia Elongata Extract, Macrocystis Pyrifera (Kelp) Extract, Sargassum Fusiforme Extract, Poncirus Trifoliata Fruit Extract, Inula Britannica Flower Extract, Forsythia Suspensa Fruit Extract, Viscum Album Extract, Morus Bombycis Extract, Lactobacillus Ferment, Aspergillus Ferment, Cholesterol, Glycosphingolipids, Hydrolyzed Hyaluronic Acid, Hydrolyzed Sodium Hyaluronate, Tetrasodium Glutamate Diacetate, Glycine, Serine, Glutamic Acid, Aspartic Acid, Leucine, Alanine, Lysine, Arginine, Tyrosine, Phenylalanine, Proline, Threonine, Valine, Isoleucine, Histidine, Cysteine, Methionine, Sodium Acetylated Hyaluronate, Hydroxypropyltrimonium Hyaluronate, Asiaticoside, Madecassic Acid, Asiatic Acid, Madecassoside, Dimethylsilanol Hyaluronate, Sodium Hyaluronate Crosspolymer, Hyaluronic Acid, Pentylene Glycol, Potassium Hyaluronate;4.5;Micellar Water;Cleanser;membersihkan kotoran dan make-up di wajah dengan lembut. membantu mempertahankan kelembapan kulit wajah. menjadikan kulit wajah tetap ternutrisi dan tampak cerah berseri.
JMELLA In France Femme Fatale No. 02 Cleansing Water;JMELLA;Rp141.600;Aqua, PEG-6 Caprylic/Capric Glycerides, Butylene Glycol, Dipropylene Glycol, 1,2-Hexanediol, Phenoxyethanol, PEG-7 Glyceryl Cocoate, Decyl Glucoside, PEG-40 Hydrogenated Castor Oil, Disodium EDTA, Ethylhexylglycerin, Parfum, Sodium Citrate, Alcohol, Citric Acid, Gluconolactone, Betaine Salicylate, Capryloyl Salicylic Acid, Glycerin, Tripropylene Glycol, Caprylic/Capric Triglyceride, Sodium Carbonate, Hydrogenated Phosphatidylcholine, Propylene Glycol, Melaleuca Alternifolia Leaf Extract, Melaleuca Alternifolia (Tea Tree) Extract, Kunzea Ericoides Leaf Extract, Dipotassium Glycyrrhizate, Sucrose Stearate, Panthenol, Centella Asiatica Leaf Extract, Stearic Acid, Hexyl Laurate, Litchi Chinensis Fruit Extract, Palmitic Acid, Ceramide NP, Candida Bombicola/Glucose/Methyl Rapeseedate Ferment, Helianthus Annuus (Sunflower) Seed Oil, Sodium Hyaluronate, Centella Asiatica Extract, Avena Sativa Kernel Extract, Vigna Radiata Seed Extract, Oryza Sativa (Rice) Bran Extract, Cetearyl Alcohol, Undaria Pinnatifida Extract, Laminaria Japonica Extract, Fucus Vesiculosus Extract, Sargassum Fulvellum Extract, Himanthalia Elongata Extract, Macrocystis Pyrifera (Kelp) Extract, Sargassum Fusiforme Extract, Poncirus Trifoliata Fruit Extract, Inula Britannica Flower Extract, Forsythia Suspensa Fruit Extract, Viscum Album Extract, Morus Bombycis Extract, Lactobacillus Ferment, Aspergillus Ferment, Cholesterol, Glycosphingolipids, Hydrolyzed Hyaluronic Acid, Hydrolyzed Sodium Hyaluronate, Glycine, Serine, Glutamic Acid, Aspartic Acid, Leucine, Alanine, Lysine, Arginine, Tyrosine, Phenylalanine, Proline, Threonine, Valine, Isoleucine, Histidine, Cysteine, Methionine, Asiaticoside, Madecassic Acid, Asiatic Acid, Madecassoside, Sodium Acetylated Hyaluronate, Hydroxypropyltrimonium Hyaluronate, Dimethylsilanol Hyaluronate, Sodium Hyaluronate Crosspolymer, Hyaluronic Acid, Pentylene Glycol, Potassium Hyaluronate.;0;Micellar Water;Cleanser;membersihkan kotoran dan make-up di wajah dengan lembut. membantu mengangkat sel kulit mati teratas dengan lembut. membantu mempertahankan kelembapan kulit wajah.
Deep Cleansing Micellar Water;LUXCRIME;Rp109.650;Water, Glycerin, Babassu Oil Glycereth-8 Esters, Cocamidopropyl Betaine, Phenoxyethanol, Glycereth-26, Sodium Chloride, Allantoin, Chlorphenesin, Glycyrrhiza Uralensis (Licorice) Root Extract, Portulaca Oleracea Flower/leaf/stem Extract, Paeonia Suffruticosa Root Bark Extract, Paeonia Lactiflora Extract, Ethylhexylglycerin, Disodium Edta, Salicylic Acid, Niacinamide, Dextrin, Propanediol, 1,2-hexanediol, Artemisia Argyi Leaf Extract, Caprylhydroxamic Acid;5;Micellar Water;Cleanser;Melindungi kulit dari radikal bebas. Melembapkan dan menjaga kelembaban kulit. Mencerahkan kulit. Membantu merawat kulit berjerawat
Bioderma Hydrabio H2O - Hydrating Micellar Water;BIODERMA;Rp 124.000 - Rp 255.000;AQUA/WATER/EAU, GLYCERIN, PEG-6 CAPRYLIC/CAPRIC GLYCERIDES, DISODIUM EDTA, MANNITOL, XYLITOL, CETRIMONIUM BROMIDE, RHAMNOSE, NIACINAMIDE, HEXYLDECANOL, SODIUM HYDROXIDE, PYRUS MALUS (APPLE) SEED EXTRACT, BRASSICA CAMPESTRIS (RAPESEED) STEROLS, TOCOPHEROL, FRAGRANCE (PARFUM).;4.8;Micellar Water;Cleanser;Membersihkan wajah dari kotoran, debu dan makeup, Kulit terasa lebih lembut, Mencerahkan dan menghidrasi kulit
Vitamin Micellar Water Brightening Rose;POND'S;Rp 17.250 - Rp 38.610;Water, Hexylene Glycol, Glycerin, Niacinamide, Rosa Gallica Flower Extract, Rosa Damascena Flower Oil, Sodium Ascorbyl Phosphate, Panthenol, Retinyl Propionate, Paeonia Lactiflora Root Extract, Tocopheryl Acetate, Hydroxyethyl Urea, Urea, PEG-6 Caprylic/Capric Glycerides, Propylene Glycol, Sodium Chloride, Potassium Chloride, Perfume, Trideceth-9, PEG-40 Hydrogenated Castor Oil, Ammonium Lactate, Cetrimonium Chloride, Cetylpyridinium Chloride, Citric Acid, Ethanolamine, Benzophenone-4, Tetrasodium  EDTA, BHT, Phenoxyethanol,  Potassium Sorbate, Sorbic Acid,  Sodium Sulfate, CI 14700, CI 17200;4;Micellar Water;Cleanser;membersihkan makeup, kotoran, dan sunscreen hingga wajah menjadi glowing. hasil kulit yang bersih dan cerah untuk wajah
Bioderma Sensibio H2O - Soothing Micellar Water;BIODERMA;Rp 132.000 - Rp 378.000;AQUA/WATER/EAU, PEG-6 CAPRYLIC/CAPRIC GLYCERIDES, FRUCTOOLIGOSACCHARIDES, MANNITOL, XYLITOL, RHAMNOSE, CUCUMIS SATIVUS (CUCUMBER) FRUIT EXTRACT, PROPYLENE GLYCOL, CETRIMONIUM BROMIDE, DISODIUM EDTA.;5;Micellar Water;Cleanser;Membersihkan kulit wajah dari kotoran, debu dan makeup, Menjaga skin microbiome, Menenangkan kulit, Mencegah resiko timbulnya reaksi berlebih pada kulit, Menjaga keseimbangan alami kulit 
Micellar Water;GARNIER;Rp37.000;Aqua, Hexylene Glycol, Glycerin, Disodium Cocoamphodiacetate, Disodium Edta, Poloxamer 184, Polyaminopropyl Biguanide;5;Micellar Water;Cleanser;menghapus makeup, membersihkan kotoran, dan sekaligus menyegarkan wajah dalam satu usapan lembut, tanpa perlu dibilas. mengangkat kotoran dan minyak seperti magnet, tanpa perlu dibilas. serta menghilangkan minyak berlebih dari wajah, mata, dan bibir.
